<?xml version="1.0" encoding="utf-8"?>
<COLLADA xmlns="http://www.collada.org/2005/11/COLLADASchema" version="1.4.1" xmlns:xsi="http://www.w3.org/2001/XMLSchema-instance">
  <asset>
    <contributor>
      <author>Blender User</author>
      <authoring_tool>Blender 4.4.0 commit date:2025-03-17, commit time:17:00, hash:05377985c527</authoring_tool>
    </contributor>
    <created>2026-08-22T22:15:30</created>
    <modified>2026-08-22T22:15:30</modified>
    <unit name="meter" meter="1"/>
    <up_axis>Z_UP</up_axis>
  </asset>
  <library_effects>
    <effect id="WoodDark_004-effect">
      <profile_COMMON>
        <technique sid="common">
          <lambert>
            <emission>
              <color sid="emission">0 0 0 1</color>
            </emission>
            <diffuse>
              <color sid="diffuse">0.08353172 0.05347686 0.01402403 1</color>
            </diffuse>
            <index_of_refraction>
              <float sid="ior">1.45</float>
            </index_of_refraction>
          </lambert>
        </technique>
      </profile_COMMON>
    </effect>
    <effect id="WoodBright_004-effect">
      <profile_COMMON>
        <technique sid="common">
          <lambert>
            <emission>
              <color sid="emission">0 0 0 1</color>
            </emission>
            <diffuse>
              <color sid="diffuse">0.2140352 0.1103058 0.03921911 1</color>
            </diffuse>
            <index_of_refraction>
              <float sid="ior">1.45</float>
            </index_of_refraction>
          </lambert>
        </technique>
      </profile_COMMON>
    </effect>
    <effect id="WoodBright2_004-effect">
      <profile_COMMON>
        <technique sid="common">
          <lambert>
            <emission>
              <color sid="emission">0 0 0 1</color>
            </emission>
            <diffuse>
              <color sid="diffuse">0.1328637 0.07496525 0.02530471 1</color>
            </diffuse>
            <index_of_refraction>
              <float sid="ior">1.45</float>
            </index_of_refraction>
          </lambert>
        </technique>
      </profile_COMMON>
    </effect>
    <effect id="Metal-effect">
      <profile_COMMON>
        <technique sid="common">
          <lambert>
            <emission>
              <color sid="emission">0 0 0 1</color>
            </emission>
            <diffuse>
              <color sid="diffuse">0.1065351 0.09742077 0.08643941 1</color>
            </diffuse>
            <reflectivity>
              <float sid="specular">0.1838235</float>
            </reflectivity>
            <index_of_refraction>
              <float sid="ior">1.45</float>
            </index_of_refraction>
          </lambert>
        </technique>
      </profile_COMMON>
    </effect>
  </library_effects>
  <library_images/>
  <library_materials>
    <material id="WoodDark_004-material" name="WoodDark.004">
      <instance_effect url="#WoodDark_004-effect"/>
    </material>
    <material id="WoodBright_004-material" name="WoodBright.004">
      <instance_effect url="#WoodBright_004-effect"/>
    </material>
    <material id="WoodBright2_004-material" name="WoodBright2.004">
      <instance_effect url="#WoodBright2_004-effect"/>
    </material>
    <material id="Metal-material" name="Metal">
      <instance_effect url="#Metal-effect"/>
    </material>
  </library_materials>
  <library_geometries>
    <geometry id="Cube_229-mesh" name="Cube.229">
      <mesh>
        <source id="Cube_229-mesh-positions">
          <float_array id="Cube_229-mesh-positions-array" count="3606">-0.2889272 -0.2889272 0.02255868 -0.2889272 -0.2889272 1.231049 -0.2889272 0.2889272 0.02255868 -0.2889272 0.2889272 1.231049 0.2889272 -0.2889272 0.02255868 0.2889272 -0.2889272 1.231049 0.2889272 0.2889272 0.02255868 0.2889272 0.2889272 1.231049 -0.4183431 0 0.02255874 -0.4183432 0 1.231049 0.4183431 0 0.02255874 0.4183432 0 1.231049 0 0.4183431 0.02255874 0 0.4183432 1.231049 0 -0.4183431 0.02255874 0 -0.4183432 1.231049 0 0 1.231049 0 0 0.02255874 -0.329991 -0.329991 0.3246812 -0.3432953 -0.3432953 0.6268038 -0.3299909 -0.3299909 0.9289264 -0.3299909 0.3299909 0.9289264 -0.3432953 0.3432953 0.6268038 -0.329991 0.329991 0.3246812 0.3299909 0.3299909 0.9289264 0.3432953 0.3432953 0.6268038 0.329991 0.329991 0.3246812 0.3299909 -0.3299909 0.9289264 0.3432953 -0.3432953 0.6268038 0.329991 -0.329991 0.3246812 0.4679531 0 0.9289264 0.4715929 0 0.6268038 0.4679531 0 0.3246812 -0.4679531 0 0.9289264 -0.4715929 0 0.6268038 -0.4679531 0 0.3246812 0 -0.4679531 0.9289264 0 -0.4715929 0.6268038 0 -0.4679531 0.3246812 0 0.4679531 0.9289264 0 0.4715929 0.6268038 0 0.4679531 0.3246812 -0.3816952 -0.1619633 0.02255868 0.3816952 -0.1619633 1.231049 -0.3816952 -0.1619633 1.231049 0.3816952 -0.1619633 0.02255868 0 -0.2281097 1.231049 0 -0.2281097 0.02255874 -0.4306988 -0.1827573 0.3246812 -0.4448831 -0.1887757 0.6268038 -0.4306987 -0.1827572 0.9289264 0.4306988 -0.1827573 0.3246812 0.4448831 -0.1887757 0.6268038 0.4306987 -0.1827572 0.9289264 -0.3816952 0.1619633 1.231049 0.3816952 0.1619633 0.02255868 -0.3816952 0.1619633 0.02255868 0.3816952 0.1619633 1.231049 0 0.2281097 0.02255874 0 0.2281097 1.231049 0.4306988 0.1827573 0.3246812 0.4448831 0.1887757 0.6268038 0.4306987 0.1827572 0.9289264 -0.4306988 0.1827573 0.3246812 -0.4448831 0.1887757 0.6268038 -0.4306987 0.1827572 0.9289264 0.1619633 0.3816952 1.231049 0.1619633 -0.3816952 0.02255868 0.2281097 0 1.231049 0.1619633 0.3816952 0.02255868 0.1619633 -0.3816952 1.231049 0.2281097 0 0.02255874 0.1827573 -0.4306988 0.3246812 0.1887757 -0.4448831 0.6268038 0.1827572 -0.4306987 0.9289264 0.1827573 0.4306988 0.3246812 0.1887757 0.4448831 0.6268038 0.1827572 0.4306987 0.9289264 0.1903585 -0.1903585 1.231049 0.1903585 -0.1903585 0.02255874 0.1903585 0.1903585 1.231049 0.1903585 0.1903585 0.02255874 -0.1619633 0.3816952 0.02255868 -0.1619633 -0.3816952 1.231049 -0.2281097 0 0.02255874 -0.1619633 0.3816952 1.231049 -0.1619633 -0.3816952 0.02255868 -0.2281097 0 1.231049 -0.1827573 0.4306988 0.3246812 -0.1887757 0.4448831 0.6268038 -0.1827572 0.4306987 0.9289264 -0.1827573 -0.4306988 0.3246812 -0.1887757 -0.4448831 0.6268038 -0.1827572 -0.4306987 0.9289264 -0.1903585 -0.1903585 0.02255874 -0.1903585 -0.1903585 1.231049 -0.1903585 0.1903585 0.02255874 -0.1903585 0.1903585 1.231049 0.05523794 -0.4192633 -0.0481947 0.0567125 -0.4304565 1.290142 -0.05522125 -0.4192633 -0.04819476 -0.05669838 -0.4304566 1.290142 0.06047612 -0.4591916 1.150784 0.06301605 -0.4782764 1.001957 0.06492429 -0.4919317 0.7987213 0.06603449 -0.5052694 0.6163479 0.06473624 -0.4910578 0.4341482 0.06220471 -0.4721661 0.2559242 0.0595923 -0.4522115 0.08895879 -0.06068879 -0.457404 1.142545 -0.06280952 -0.4802299 0.9584273 -0.06489288 -0.496568 0.7862211 -0.0654869 -0.5006706 0.6256576 -0.06508034 -0.4897337 0.4455444 -0.06259602 -0.4750835 0.2602058 -0.05920535 -0.4493461 0.09334331 -0.07694381 -0.4149657 -0.04819637 -0.07900136 -0.4260438 1.290143 -0.1817955 -0.3808711 -0.04819619 -0.1866549 -0.3910381 1.290143 -0.08425998 -0.4529762 1.156869 -0.08754336 -0.4729524 0.9777482 -0.0909509 -0.4883732 0.7937679 -0.09175521 -0.4967263 0.6113389 -0.0901128 -0.4858601 0.438277 -0.0861566 -0.4637315 0.2756459 -0.08286577 -0.4469701 0.08860963 -0.1990309 -0.419977 1.12347 -0.2063561 -0.4306012 0.9865718 -0.2131751 -0.4502211 0.8173702 -0.216373 -0.4543401 0.6361411 -0.2133591 -0.4441496 0.437125 -0.2051399 -0.4303806 0.2757132 -0.1957941 -0.4101108 0.09719473 -0.2016497 -0.3710688 -0.063699 -0.2070397 -0.380974 1.305708 -0.2909025 -0.3062116 -0.0636987 -0.2986775 -0.3143837 1.305708 -0.2207865 -0.4065222 1.137433 -0.2289258 -0.424315 0.9979295 -0.2374894 -0.4340519 0.802051 -0.2402927 -0.441038 0.6179552 -0.2358456 -0.4312686 0.4278705 -0.2270218 -0.4158203 0.2592043 -0.2167565 -0.396059 0.07495832 -0.318579 -0.3332491 1.149824 -0.3311427 -0.3519055 0.9628705 -0.3417086 -0.358806 0.8074823 -0.3466226 -0.3671258 0.6246879 -0.340947 -0.3591654 0.4448591 -0.3277575 -0.3402637 0.2475362 -0.3137807 -0.3295943 0.07587075 -0.3065012 -0.2905631 -0.04819542 -0.314693 -0.298317 1.290143 -0.3712416 -0.2012321 -0.04819542 -0.3811634 -0.2065989 1.290143 -0.3358411 -0.3131255 1.145699 -0.3488816 -0.3296525 0.9844275 -0.3605719 -0.3414817 0.7958938 -0.3652765 -0.3445255 0.6198068 -0.3589259 -0.3419904 0.4417221 -0.3452376 -0.3316254 0.2525883 -0.3303409 -0.3148156 0.0847299 -0.4071971 -0.2222874 1.166865 -0.4225292 -0.2279837 0.9465401 -0.4367092 -0.2396292 0.8147774 -0.441958 -0.2423226 0.6361327 -0.4348996 -0.2363443 0.4405669 -0.4176936 -0.2249884 0.2501257 -0.4000648 -0.2165406 0.08589911 -0.3810432 -0.1813776 -0.06369042 -0.3912268 -0.1862139 1.305717 -0.4150041 -0.07648062 -0.06369042 -0.4260953 -0.07851386 1.305717 -0.4177268 -0.1990981 1.158487 -0.4338262 -0.2055314 0.9910013 -0.4481168 -0.2147211 0.7979912 -0.4541308 -0.2161839 0.619524 -0.4462615 -0.2121261 0.4351281 -0.4288463 -0.2042185 0.2790519 -0.4102327 -0.1953736 0.08844918 -0.4549055 -0.08370029 1.17625 -0.4726429 -0.08641344 0.9995399 -0.4874055 -0.08716088 0.8097108 -0.4946703 -0.09197729 0.6172472 -0.4852259 -0.09315603 0.4351261 -0.4678722 -0.08447283 0.2472426 -0.4466899 -0.0798909 0.05320453 -0.4192394 -0.0547499 -0.04819411 -0.430444 -0.05620253 1.290142 -0.4190922 0.05570131 -0.04819399 -0.430293 0.05720019 1.290142 -0.459641 -0.06400513 1.174744 -0.4771345 -0.0647273 0.9589333 -0.493142 -0.0625016 0.8003118 -0.4989863 -0.06345093 0.6267476 -0.4910073 -0.06468617 0.4388369 -0.4722426 -0.06196147 0.2567176 -0.4515193 -0.0590009 0.08255177 -0.4593342 0.06088036 1.145151 -0.4776813 0.06097561 0.995077 -0.4926795 0.06917071 0.8159579 -0.4993955 0.06525456 0.618775 -0.4906638 0.06599915 0.4396797 -0.4721372 0.06277513 0.2398152 -0.4509781 0.06057375 0.09530764 -0.4147939 0.07742363 -0.06371092 -0.4258794 0.07950294 1.305696 -0.3805659 0.1822299 -0.06371057 -0.3907368 0.1871098 1.305696 -0.4551267 0.08498543 1.187575 -0.4722434 0.08936375 1.00726 -0.4879229 0.09256815 0.8171644 -0.4947099 0.08860474 0.6122077 -0.4854764 0.08584666 0.4452934 -0.4680771 0.08805185 0.2351135 -0.4462401 0.08222693 0.07291895 -0.4172798 0.2003546 1.162186 -0.4338427 0.2065609 0.9821024 -0.447356 0.2140403 0.8078964 -0.4535085 0.2173187 0.6258507 -0.4454128 0.2146941 0.424517 -0.4287408 0.2054076 0.2479 -0.409666 0.1927607 0.06320625 -0.3707629 0.2020837 -0.07601511 -0.3806721 0.2074943 1.31809 -0.3057891 0.2912585 -0.07601493 -0.3139621 0.2990521 1.31809 -0.4064166 0.2187691 1.187169 -0.4214818 0.2284137 0.9879496 -0.4358269 0.236643 0.8128572 -0.4420474 0.2426626 0.6161943 -0.4336798 0.2370409 0.4330439 -0.4176705 0.2305961 0.2414765 -0.3996413 0.2158966 0.05593574 -0.335409 0.3189178 1.182432 -0.3479294 0.3330828 0.9965351 -0.3593399 0.3400173 0.7901208 -0.3641892 0.3498945 0.6170865 -0.3582226 0.3366521 0.4296752 -0.3450646 0.3288376 0.2646855 -0.3291023 0.3165068 0.03590792 -0.2900909 0.3068072 -0.04819464 -0.2978443 0.3150162 1.290142 -0.2006819 0.3714311 -0.0481947 -0.2060461 0.3813669 1.290142 -0.3172916 0.3362525 1.137947 -0.3302018 0.3489314 0.9804688 -0.3410908 0.3609057 0.8022416 -0.3457873 0.3662893 0.612899 -0.3403668 0.3562369 0.4569113 -0.3273074 0.3439766 0.2619974 -0.3126829 0.3317034 0.09156823 -0.2201799 0.40814 1.123189 -0.2279238 0.4214554 0.9864569 -0.2357043 0.4332789 0.8210881 -0.238953 0.4394598 0.6118373 -0.2350382 0.4349041 0.4372376 -0.2262394 0.4184377 0.2557712 -0.2163281 0.4030587 0.08727741 -0.1808271 0.381232 -0.06370282 -0.1856607 0.3914297 1.305703 -0.07588487 0.4150595 -0.06370282 -0.07791417 0.4261612 1.305703 -0.197975 0.4142021 1.153456 -0.205437 0.4346811 1.001941 -0.2133162 0.4496623 0.826543 -0.2149799 0.455874 0.5936353 -0.2111663 0.4434908 0.41693 -0.2037857 0.4292103 0.2337652 -0.1950272 0.4110919 0.05535459 -0.08275222 0.4590052 1.158449 -0.08640009 0.471817 0.996956 -0.0891065 0.4892681 0.8016287 -0.09016972 0.4987685 0.6471187 -0.08857071 0.4895991 0.4246255 -0.08578848 0.4633187 0.2592358 -0.08181482 0.445838 0.07097357 -0.05414533 0.4192267 -0.04819363 -0.05559372 0.43044 1.290141 0.05629718 0.4189383 -0.04819369 0.05780005 0.4301438 1.290142 -0.05928796 0.4595575 1.147505 -0.06199562 0.4726921 0.9889978 -0.06366813 0.4929604 0.8020784 -0.06454175 0.4994617 0.6207189 -0.06272441 0.492117 0.4453799 -0.06106859 0.4726834 0.250433 -0.05827933 0.4514735 0.1111761 0.06162685 0.4597331 1.15437 0.06411272 0.4767956 0.9801204 0.0661506 0.4970285 0.7986415 0.06706839 0.498202 0.6185569 0.0658921 0.4922344 0.4476244 0.06336474 0.4694948 0.2381629 0.06057101 0.4511945 0.08236843 0.07801932 0.4146392 -0.07601583 0.08010262 0.4257296 1.31809 0.1827803 0.3802778 -0.07601594 0.187663 0.39045 1.31809 0.08542186 0.4501531 1.18798 0.08827209 0.4748844 0.9742603 0.09174859 0.4879282 0.8059881 0.09328955 0.4900534 0.5979001 0.09188157 0.4830147 0.4063694 0.08790922 0.4674606 0.2334504 0.08414846 0.4458041 0.06944137 0.2003833 0.4165427 1.170471 0.2082834 0.4281417 1.008321 0.2148538 0.4471867 0.8098472 0.2178558 0.4487459 0.6376722 0.2138738 0.4462938 0.4263871 0.2060194 0.424469 0.2505961 0.1970871 0.4105769 0.07245445 0.2026337 0.3704743 -0.06359732 0.208047 0.3803845 1.305808 0.2917307 0.3053838 -0.06359726 0.2995248 0.3135548 1.305808 0.2219386 0.407854 1.157698 0.2306299 0.4219453 0.9863682 0.2378596 0.4350638 0.8317362 0.2416092 0.442339 0.601217 0.2373603 0.4354312 0.4205235 0.2285658 0.415534 0.2423189 0.2178815 0.3977782 0.07888847 0.3200379 0.3367249 1.158762 0.3320859 0.3477088 0.9912421 0.342886 0.3587366 0.8074921 0.3472871 0.3674819 0.6105559 0.3414626 0.3603214 0.4305421 0.3288054 0.3448881 0.26012 0.3141983 0.3317543 0.04736226 0.3072295 0.2896358 -0.04819476 0.3154378 0.2973859 1.290142 0.3717365 0.2001491 -0.04819506 0.3816686 0.2055079 1.290142 0.3367903 0.3178448 1.148433 0.3497197 0.3323417 0.9983104 0.3610252 0.3399839 0.7983114 0.3661007 0.3506553 0.636542 0.3597349 0.3392162 0.4414339 0.3458802 0.3280859 0.2555605 0.3304525 0.3089161 0.07148838 0.4074418 0.2201471 1.150026 0.4230614 0.2258723 0.9833675 0.4375224 0.2355509 0.779461 0.4429804 0.2423449 0.6349942 0.4353141 0.2336153 0.4364476 0.4186612 0.2248454 0.2635926 0.4000225 0.2182133 0.08181667 0.3815371 0.1802935 -0.06365513 0.3917309 0.1851217 1.305752 0.4152311 0.07530647 -0.06365531 0.4263253 0.07732921 1.305752 0.4180773 0.1987538 1.14735 0.4344359 0.2078164 0.9934508 0.4482275 0.2133259 0.8080952 0.4543736 0.2108054 0.6014188 0.4475116 0.2102639 0.4395833 0.4295062 0.2015821 0.2609891 0.4105948 0.1918197 0.05770802 0.4547371 0.07779836 1.15102 0.4730973 0.08672446 0.9807648 0.4874103 0.08695381 0.7916363 0.4946685 0.09049934 0.6092128 0.486127 0.08532547 0.4407446 0.4679591 0.08369559 0.2387635 0.4476515 0.07817894 0.05144667 0.4193304 0.05355757 -0.0481944 0.4305344 0.05499917 1.290142 0.4189006 -0.05687582 -0.04819452 0.4300931 -0.05838519 1.290142 0.4595475 0.06377834 1.138187 0.4773673 0.06150329 0.9815896 0.4928742 0.06160104 0.8199396 0.499736 0.05978202 0.601677 0.4917311 0.06241941 0.4168416 0.4724622 0.05817979 0.2513238 0.4516592 0.05906987 0.08811622 0.4595186 -0.05951017 1.159639 0.4768059 -0.06930321 0.9653689 0.4920834 -0.06820964 0.802187 0.4992853 -0.07267075 0.6372598 0.4901956 -0.06100672 0.4363283 0.4716526 -0.06273448 0.2843518 0.4508475 -0.05928236 0.09558713 0.4146009 -0.07859772 -0.06362801 0.4256781 -0.08068752 1.30578 0.380106 -0.1833134 -0.06362801 0.3902616 -0.1882015 1.30578 0.4540771 -0.0878092 1.158954 0.4719479 -0.08939492 0.9901003 0.4872538 -0.09354287 0.7998971 0.4946297 -0.09262311 0.6138936 0.4854156 -0.08996415 0.4171422 0.4670442 -0.08872419 0.2580028 0.4456169 -0.0835157 0.07034212 0.4167614 -0.2019603 1.161433 0.4330022 -0.2087726 0.9726311 0.4466248 -0.2193743 0.7934746 0.452665 -0.2171339 0.6187711 0.4451178 -0.2150229 0.4327335 0.4280616 -0.2029076 0.2392291 0.4095078 -0.1984277 0.07158935 0.370302 -0.2031663 -0.04819542 0.3801957 -0.2085849 1.290143 0.3050948 -0.2921857 -0.04819542 0.313246 -0.299983 1.290143 0.4060847 -0.2228841 1.142414 0.4214739 -0.2311776 0.9794616 0.4351042 -0.2386354 0.7913022 0.4414254 -0.2420864 0.6201668 0.4334948 -0.2393078 0.4377992 0.4172917 -0.2265488 0.2642145 0.3995751 -0.2179073 0.07540541 0.3340853 -0.3201457 1.12885 0.3471372 -0.3297835 0.9911698 0.3583413 -0.3465604 0.8170792 0.3640215 -0.345444 0.6134078 0.3567538 -0.3411327 0.4371768 0.3436526 -0.3279318 0.2612694 0.3287231 -0.3182259 0.09208244 0.2892969 -0.3076348 -0.04819583 0.2970259 -0.3158448 1.290143 0.199732 -0.3720255 -0.04819601 0.2050676 -0.3819562 1.290143 0.3178632 -0.3402348 1.162406 0.3296837 -0.3538017 0.970161 0.3402565 -0.3587055 0.8193627 0.3444091 -0.3693931 0.6473535 0.3387705 -0.3599515 0.4379207 0.3258079 -0.3467115 0.2565117 0.3117785 -0.3315852 0.09482586 0.2188372 -0.407266 1.148753 0.2274189 -0.4255613 0.9691565 0.2348362 -0.4332245 0.8176499 0.2377784 -0.4450581 0.6054881 0.233872 -0.4355774 0.4367556 0.2248942 -0.4240161 0.2437132 0.2145194 -0.4030598 0.08615678 0.1798765 -0.3818251 -0.06374669 0.1846815 -0.3920176 1.305661 0.07484376 -0.4153857 -0.06374686 0.07684224 -0.4264751 1.305661 0.1971617 -0.4168367 1.167094 0.2049568 -0.4338245 0.9763293 0.2122877 -0.4502652 0.8178054 0.2142908 -0.4557685 0.6266434 0.2107065 -0.4428257 0.4506841 0.2025676 -0.4298284 0.2498537 0.1937693 -0.4114782 0.07718157 0.08174872 -0.4574697 1.197239 0.0855447 -0.4713309 0.9610208 0.08800703 -0.4882648 0.8049879 0.08918958 -0.4945917 0.6201595 0.08748382 -0.4820567 0.4189029 0.0842157 -0.4659613 0.2437223 0.08043301 -0.4496806 0.07333332 0 0.5194876 0.2931115 0.1987993 0.4799439 0.2931115 0.3673332 0.3673332 0.2931115 0.4799439 0.1987993 0.2931115 0.5194876 0 0.2931115 0.4799439 -0.1987993 0.2931115 0.3673332 -0.3673332 0.2931115 0.1987993 -0.4799439 0.2931115 0 -0.5194876 0.2931115 -0.1987991 -0.479944 0.2931115 -0.3673331 -0.3673333 0.2931115 -0.4799439 -0.1987993 0.2931115 -0.5194876 0 0.2931115 -0.4799439 0.1987993 0.2931115 -0.3673331 0.3673333 0.2931115 -0.198799 0.4799441 0.2931115 0 0.5113056 0.9237949 0 0.5003821 1.023279 0.1956682 0.4723849 0.9237949 0.1914879 0.4622929 1.023279 0.3615477 0.3615477 0.9237949 0.3538236 0.3538236 1.023279 0.4723849 0.1956682 0.9237949 0.4622929 0.1914879 1.023279 0.5113056 0 0.9237949 0.5003821 0 1.023279 0.4723849 -0.1956682 0.9237949 0.4622929 -0.191488 1.023279 0.3615477 -0.3615477 0.9237949 0.3538236 -0.3538236 1.023279 0.1956682 -0.4723849 0.9237949 0.191488 -0.4622929 1.023279 0 -0.5113056 0.9237949 0 -0.5003821 1.023279 -0.1956681 -0.4723849 0.9237949 -0.1914878 -0.4622929 1.023279 -0.3615476 -0.3615478 0.9237949 -0.3538235 -0.3538237 1.023279 -0.4723849 -0.1956682 0.9237949 -0.4622929 -0.191488 1.023279 -0.5113056 0 0.9237949 -0.5003821 0 1.023279 -0.4723848 0.1956683 0.9237949 -0.4622928 0.191488 1.023279 -0.3615475 0.3615478 0.9237949 -0.3538235 0.3538237 1.023279 -0.1956679 0.4723849 0.9237949 -0.1914877 0.4622929 1.023279 -0.4130833 0.0526055 1.240316 -0.4130833 0.0526055 1.221137 0.4130833 0.0526055 1.240316 0.4130833 0.0526055 1.221137 -0.4130833 0.06221783 1.240316 -0.4130833 0.06221783 1.221137 -0.3768509 0.1674289 1.240316 -0.3768509 0.1674289 1.221137 0.4130833 0.06221783 1.240316 0.4130833 0.06221783 1.221137 0.3768509 0.1674289 1.240316 0.3768509 0.1674289 1.221137 -0.3822125 0.1794252 1.240316 -0.3822125 0.1794252 1.221137 -0.3087258 0.2846363 1.240316 -0.3087258 0.2846363 1.221137 0.3822125 0.1794252 1.240316 0.3822125 0.1794252 1.221137 0.3087258 0.2846363 1.240316 0.3087258 0.2846363 1.221137 -0.3155112 0.2975853 1.240316 -0.3155112 0.2975853 1.221137 -0.1705627 0.4027963 1.240316 -0.1705627 0.4027963 1.221137 0.3155112 0.2975853 1.240316 0.3155112 0.2975853 1.221137 0.1705627 0.4027963 1.240316 0.1705627 0.4027963 1.221137 -0.4130833 -0.0526055 1.240316 -0.4130833 -0.0526055 1.221137 0.4130833 -0.0526055 1.240316 0.4130833 -0.0526055 1.221137 -0.4130833 -0.06503832 1.240316 -0.4130833 -0.06503832 1.221137 -0.3768509 -0.1702494 1.240316 -0.3768509 -0.1702494 1.221137 0.4130833 -0.06503832 1.240316 0.4130833 -0.06503832 1.221137 0.3768509 -0.1702494 1.240316 0.3768509 -0.1702494 1.221137 -0.24785 0.05209714 1.240224 -0.08261662 0.05001521 1.239844 0.08261662 0.05054575 1.239941 0.24785 0.05482268 1.24072 -0.3822125 -0.1794252 1.240316 -0.3822125 -0.1794252 1.221137 -0.3087258 -0.2846363 1.240316 -0.3087258 -0.2846363 1.221137 0.3822125 -0.1794252 1.240316 0.3822125 -0.1794252 1.221137 0.3087258 -0.2846363 1.240316 0.3087258 -0.2846363 1.221137 -0.3155112 -0.2975853 1.240316 -0.3155112 -0.2975853 1.221137 -0.1705627 -0.4027963 1.240316 -0.1705627 -0.4027963 1.221137 0.3155112 -0.2975853 1.240316 0.3155112 -0.2975853 1.221137 0.1705627 -0.4027963 1.240316 0.1705627 -0.4027963 1.221137 -0.24785 0.05478525 1.220739 -0.08261662 0.05491697 1.220715 0.08261662 0.05047625 1.221525 0.24785 0.05293267 1.221077 0.24785 -0.05091357 1.240008 0.08261662 -0.05211991 1.240228 -0.08261662 -0.05535537 1.240818 -0.24785 -0.05298525 1.240386 -0.24785 -0.05252939 1.221151 -0.08261662 -0.05306595 1.221053 0.08261662 -0.05132412 1.22137 0.24785 -0.05031394 1.221555 0.2261105 -0.1723479 1.240699 0.07537013 -0.1714745 1.24054 -0.07537019 -0.1687543 1.240044 -0.2261105 -0.1720595 1.240646 -0.2261105 -0.1688703 1.221388 -0.07537013 -0.1673904 1.221658 0.07537019 -0.1712152 1.220961 0.2261105 -0.1690644 1.221353 -0.24785 -0.06796824 1.239782 -0.08261662 -0.06548434 1.240235 0.08261662 -0.06522834 1.240282 0.24785 -0.06737589 1.23989 0.24785 -0.06419742 1.220983 0.08261662 -0.0663383 1.221374 -0.08261662 -0.06512373 1.221152 -0.24785 -0.06679689 1.221457 0.1852355 -0.2868584 1.240721 0.0617451 -0.2823321 1.239896 -0.06174516 -0.2855392 1.240481 -0.1852355 -0.2835503 1.240118 -0.1852355 -0.2841762 1.221221 -0.0617451 -0.2829968 1.221436 0.06174516 -0.2859255 1.220902 0.1852355 -0.2846403 1.221136 -0.2293274 -0.1766285 1.240826 -0.07644248 -0.1794692 1.240308 0.07644248 -0.1768894 1.240779 0.2293275 -0.1770775 1.240744 0.2293274 -0.1769608 1.220688 0.07644248 -0.1779012 1.220859 -0.07644248 -0.1777395 1.22083 -0.2293275 -0.1774899 1.220784 0.08528137 -0.4021342 1.240196 0 -0.4007264 1.239939 -0.08528137 -0.4047264 1.240668 -0.08528137 -0.4048251 1.220767 0 -0.4004155 1.221571 0.08528137 -0.4010027 1.221464 -0.1577556 -0.2949997 1.240788 0 -0.3000987 1.239858 0.1577556 -0.2979787 1.240245 0.1577556 -0.2961046 1.220867 0 -0.2974805 1.221118 -0.1577556 -0.2993189 1.221453 0.2261105 0.1656808 1.239998 0.07537013 0.1645771 1.239796 -0.07537019 0.1690351 1.240609 -0.2261105 0.1695613 1.240705 -0.2261105 0.1651716 1.221548 -0.07537013 0.1690593 1.22084 0.07537019 0.1680168 1.22103 0.2261105 0.1692473 1.220805 -0.24785 0.0635873 1.240067 -0.08261662 0.06435418 1.239927 0.08261662 0.06410342 1.239973 0.24785 0.05962455 1.240789 0.24785 0.06335031 1.221343 0.08261662 0.06109482 1.220932 -0.08261662 0.06096398 1.220908 -0.24785 0.06438475 1.221532 0.1852355 0.2861179 1.240586 0.0617451 0.2821082 1.239856 -0.06174516 0.2830122 1.24002 -0.1852355 0.285948 1.240556 -0.1852355 0.2823578 1.221552 -0.0617451 0.2849035 1.221088 0.06174516 0.2875149 1.220612 0.1852355 0.2849726 1.221076 -0.2293274 0.1777665 1.240619 -0.07644248 0.1766443 1.240823 0.07644248 0.1780432 1.240568 0.2293275 0.1764537 1.240858 0.2293274 0.1785708 1.220981 0.07644248 0.1808795 1.221402 -0.07644248 0.1789541 1.221051 -0.2293275 0.1820527 1.221616 0.08528137 0.4033384 1.240415 0 0.4035833 1.24046 -0.08528137 0.4035933 1.240462 -0.08528137 0.4019132 1.221298 0 0.4007354 1.221513 0.08528137 0.4016109 1.221353 -0.1577556 0.2991738 1.240027 0 0.2948159 1.240821 0.1577556 0.2956708 1.240665 0.1577556 0.2952926 1.220719 0 0.2969372 1.221019 -0.1577556 0.2994372 1.221474 -0.4130833 0.0526055 0.03585064 -0.4130833 0.0526055 0.01667112 0.4130833 0.0526055 0.03585064 0.4130833 0.0526055 0.01667112 -0.4130833 0.06221783 0.03585064 -0.4130833 0.06221783 0.01667112 -0.3768509 0.1674289 0.03585064 -0.3768509 0.1674289 0.01667112 0.4130833 0.06221783 0.03585064 0.4130833 0.06221783 0.01667112 0.3768509 0.1674289 0.03585064 0.3768509 0.1674289 0.01667112 -0.3822125 0.1794252 0.03585064 -0.3822125 0.1794252 0.01667112 -0.3087258 0.2846363 0.03585064 -0.3087258 0.2846363 0.01667112 0.3822125 0.1794252 0.03585064 0.3822125 0.1794252 0.01667112 0.3087258 0.2846363 0.03585064 0.3087258 0.2846363 0.01667112 -0.3155112 0.2975853 0.03585064 -0.3155112 0.2975853 0.01667112 -0.1705627 0.4027963 0.03585064 -0.1705627 0.4027963 0.01667112 0.3155112 0.2975853 0.03585064 0.3155112 0.2975853 0.01667112 0.1705627 0.4027963 0.03585064 0.1705627 0.4027963 0.01667112 -0.4130833 -0.0526055 0.03585064 -0.4130833 -0.0526055 0.01667112 0.4130833 -0.0526055 0.03585064 0.4130833 -0.0526055 0.01667112 -0.4130833 -0.06503832 0.03585064 -0.4130833 -0.06503832 0.01667112 -0.3768509 -0.1702494 0.03585064 -0.3768509 -0.1702494 0.01667112 0.4130833 -0.06503832 0.03585064 0.4130833 -0.06503832 0.01667112 0.3768509 -0.1702494 0.03585064 0.3768509 -0.1702494 0.01667112 -0.24785 0.05209714 0.03575795 -0.08261662 0.05001521 0.03537845 0.08261662 0.05054575 0.03547513 0.24785 0.05482268 0.03625482 -0.3822125 -0.1794252 0.03585064 -0.3822125 -0.1794252 0.01667112 -0.3087258 -0.2846363 0.03585064 -0.3087258 -0.2846363 0.01667112 0.3822125 -0.1794252 0.03585064 0.3822125 -0.1794252 0.01667112 0.3087258 -0.2846363 0.03585064 0.3087258 -0.2846363 0.01667112 -0.3155112 -0.2975853 0.03585064 -0.3155112 -0.2975853 0.01667112 -0.1705627 -0.4027963 0.03585064 -0.1705627 -0.4027963 0.01667112 0.3155112 -0.2975853 0.03585064 0.3155112 -0.2975853 0.01667112 0.1705627 -0.4027963 0.03585064 0.1705627 -0.4027963 0.01667112 -0.24785 0.05478525 0.01627373 -0.08261662 0.05491697 0.01624971 0.08261662 0.05047625 0.01705926 0.24785 0.05293267 0.01661145 0.24785 -0.05091357 0.03554219 0.08261662 -0.05211991 0.03576207 -0.08261662 -0.05535537 0.03635191 -0.24785 -0.05298525 0.03591984 -0.24785 -0.05252939 0.016685 -0.08261662 -0.05306595 0.01658719 0.08261662 -0.05132412 0.01690471 0.24785 -0.05031394 0.01708889 0.2261105 -0.1723479 0.03623318 0.07537013 -0.1714745 0.03607398 -0.07537019 -0.1687543 0.03557807 -0.2261105 -0.1720595 0.03618061 -0.2261105 -0.1688703 0.01692253 -0.07537013 -0.1673904 0.0171923 0.07537019 -0.1712152 0.01649504 0.2261105 -0.1690644 0.01688712 -0.24785 -0.06796824 0.03531652 -0.08261662 -0.06548434 0.03576934 0.08261662 -0.06522834 0.03581595 0.24785 -0.06737589 0.03542447 0.24785 -0.06419742 0.01651781 0.08261662 -0.0663383 0.0169081 -0.08261662 -0.06512373 0.01668667 -0.24785 -0.06679689 0.01699167 0.1852355 -0.2868584 0.03625571 0.0617451 -0.2823321 0.03543061 -0.06174516 -0.2855392 0.03601521 -0.1852355 -0.2835503 0.03565263 -0.1852355 -0.2841762 0.01675498 -0.0617451 -0.2829968 0.01696997 0.06174516 -0.2859255 0.0164361 0.1852355 -0.2846403 0.01667034 -0.2293274 -0.1766285 0.03636044 -0.07644248 -0.1794692 0.03584259 0.07644248 -0.1768894 0.03631287 0.2293275 -0.1770775 0.0362786 0.2293274 -0.1769608 0.01622188 0.07644248 -0.1779012 0.0163933 -0.07644248 -0.1777395 0.01636379 -0.2293275 -0.1774899 0.01631832 0.08528137 -0.4021342 0.03572994 0 -0.4007264 0.03547328 -0.08528137 -0.4047264 0.03620249 -0.08528137 -0.4048251 0.01630127 0 -0.4004155 0.0171051 0.08528137 -0.4010027 0.01699811 -0.1577556 -0.2949997 0.03632193 0 -0.3000987 0.03539246 0.1577556 -0.2979787 0.03577893 0.1577556 -0.2961046 0.01640117 0 -0.2974805 0.01665198 -0.1577556 -0.2993189 0.01698714 0.2261105 0.1656808 0.03553193 0.07537013 0.1645771 0.03533077 -0.07537019 0.1690351 0.03614342 -0.2261105 0.1695613 0.03623938 -0.2261105 0.1651716 0.01708263 -0.07537013 0.1690593 0.01637387 0.07537019 0.1680168 0.01656395 0.2261105 0.1692473 0.0163396 -0.24785 0.0635873 0.03560096 -0.08261662 0.06435418 0.03546118 0.08261662 0.06410342 0.0355069 0.24785 0.05962455 0.03632336 0.24785 0.06335031 0.01687759 0.08261662 0.06109482 0.01646637 -0.08261662 0.06096398 0.01644253 -0.24785 0.06438475 0.01706612 0.1852355 0.2861179 0.03612071 0.0617451 0.2821082 0.03538978 -0.06174516 0.2830122 0.03555452 -0.1852355 0.285948 0.03608977 -0.1852355 0.2823578 0.01708644 -0.0617451 0.2849035 0.01662242 0.06174516 0.2875149 0.01614636 0.1852355 0.2849726 0.01660978 -0.2293274 0.1777665 0.03615301 -0.07644248 0.1766443 0.03635758 0.07644248 0.1780432 0.03610253 0.2293275 0.1764537 0.03639233 0.2293274 0.1785708 0.01651537 0.07644248 0.1808795 0.01693624 -0.07644248 0.1789541 0.01658523 -0.2293275 0.1820527 0.0171501 0.08528137 0.4033384 0.03594946 0 0.4035833 0.03599411 -0.08528137 0.4035933 0.0359959 -0.08528137 0.4019132 0.01683211 0 0.4007354 0.0170468 0.08528137 0.4016109 0.01688724 -0.1577556 0.2991738 0.03556102 0 0.2948159 0.03635549 0.1577556 0.2956708 0.03619962 0.1577556 0.2952926 0.01625317 0 0.2969372 0.01655298 -0.1577556 0.2994372 0.01700872 0.05783218 -0.3946327 1.121104 0.05418241 -0.3673538 1.283047 -0.05657738 -0.3893522 0.1141807 -0.05233216 -0.357064 -0.03908288 0.05272668 -0.3570639 -0.03908282 -0.05369025 -0.3673538 1.283047 0.05722391 -0.3871428 0.09922516 0.06060075 -0.4124758 0.2664911 0.06238967 -0.4276315 0.4340508 0.06078493 -0.4289362 0.6176897 0.06028139 -0.4238942 0.7856827 0.05981391 -0.4134292 0.9982299 -0.05767178 -0.3939042 1.117775 -0.05952215 -0.4110845 0.989029 -0.06259566 -0.4268483 0.7869817 -0.06348615 -0.4373278 0.6264125 -0.06134456 -0.425035 0.4456642 -0.05800908 -0.4071677 0.2635711 -0.06831651 -0.3934407 1.134483 -0.06289935 -0.3652576 1.281406 -0.1729281 -0.3542415 0.1174154 -0.1600958 -0.322542 -0.03902286 -0.06047368 -0.3549388 -0.03902292 -0.1651896 -0.3319931 1.281406 -0.06569665 -0.385604 0.1054401 -0.06821638 -0.4060317 0.2567682 -0.07228964 -0.4221631 0.4423925 -0.07464754 -0.4326717 0.6175286 -0.07331603 -0.4226323 0.7741898 -0.07116621 -0.405548 0.9904264 -0.1769186 -0.357398 1.154801 -0.1848229 -0.3750149 0.986047 -0.1912861 -0.3839392 0.8236181 -0.1927152 -0.3939729 0.6002858 -0.1884288 -0.384508 0.4381165 -0.1808635 -0.3627339 0.2585592 -0.1857764 -0.3525061 1.15179 -0.1732071 -0.3279553 1.296935 -0.2728908 -0.2796951 0.08405107 -0.2519692 -0.2577072 -0.05427074 -0.167127 -0.3193543 -0.0542711 -0.2603216 -0.2646572 1.296934 -0.1815367 -0.3472649 0.08268225 -0.1912629 -0.3627083 0.2551207 -0.1996693 -0.3790041 0.43711 -0.2037191 -0.3880175 0.602463 -0.2004068 -0.3839088 0.7911247 -0.1931901 -0.3655409 1.01407 -0.2797657 -0.2827022 1.18421 -0.2906973 -0.2994115 0.9911468 -0.3001278 -0.3057091 0.8104746 -0.3045633 -0.3170394 0.6095517 -0.2990127 -0.3069981 0.4403857 -0.2856655 -0.2918425 0.2614852 -0.2856699 -0.2791369 1.146566 -0.2649691 -0.259759 1.28192 -0.3450821 -0.1805601 0.1036944 -0.3185788 -0.1681607 -0.03851854 -0.2570431 -0.2530768 -0.03851866 -0.3281529 -0.1725687 1.28192 -0.2797826 -0.276055 0.08460938 -0.2949237 -0.2894595 0.2662864 -0.3072275 -0.2966181 0.4276605 -0.3122416 -0.3093071 0.6254283 -0.3083315 -0.3014532 0.8041789 -0.2976206 -0.2874673 0.9814266 -0.3530538 -0.1824769 1.136133 -0.3682428 -0.1949991 0.9981435 -0.3808389 -0.2001984 0.8002333 -0.3863024 -0.2031975 0.6144904 -0.3796633 -0.20076 0.4268234 -0.3629208 -0.1921811 0.2515969 -0.3578446 -0.1782154 1.159106 -0.3320902 -0.1647523 1.297386 -0.3859515 -0.06708931 0.08216983 -0.3551881 -0.05962634 -0.05415856 -0.3229183 -0.1592915 -0.05415868 -0.3652243 -0.0624178 1.297386 -0.350624 -0.172764 0.08602029 -0.3683572 -0.1838877 0.2308265 -0.3839221 -0.1915292 0.4432603 -0.3912627 -0.1965791 0.6083947 -0.3856593 -0.1893522 0.8010414 -0.3724802 -0.1841717 0.9815674 -0.3932607 -0.06797629 1.143834 -0.4091617 -0.06973874 0.9848415 -0.423647 -0.07242912 0.8042925 -0.4297349 -0.07254111 0.6225683 -0.4217359 -0.07176953 0.4280474 -0.4045033 -0.06919974 0.2499557 -0.395735 -0.0626704 1.141675 -0.3676088 -0.05347645 1.28156 -0.3872475 0.05908274 0.1085549 -0.3570523 0.05160695 -0.03847599 -0.3571926 -0.05344349 -0.03847628 -0.3674647 0.05438762 1.28156 -0.3877935 -0.05554437 0.07999283 -0.4068821 -0.05820524 0.2571635 -0.4245916 -0.06072604 0.4389133 -0.4326674 -0.06304526 0.6255477 -0.4273311 -0.06070351 0.8016071 -0.4116805 -0.06407386 0.9786208 -0.39522 0.0606274 1.144487 -0.4122153 0.06446737 0.9677445 -0.4266583 0.0596404 0.7686616 -0.4318501 0.06208831 0.6124559 -0.4244477 0.0609216 0.4401916 -0.4069443 0.0600844 0.2612968 -0.3930366 0.06804627 1.152991 -0.3652083 0.06278753 1.297309 -0.350242 0.1753749 0.07702851 -0.3220261 0.1612709 -0.05446058 -0.3545497 0.06169211 -0.05446082 -0.3318136 0.1650333 1.297309 -0.3849781 0.06825268 0.09976303 -0.4044421 0.07112222 0.2410392 -0.4210693 0.07335144 0.464587 -0.4296871 0.07441383 0.6182623 -0.4238346 0.07605737 0.826447 -0.409254 0.07087105 0.9868326 -0.3571068 0.1768979 1.157984 -0.3723799 0.1818918 0.9728341 -0.3854372 0.189593 0.8010915 -0.3907564 0.1922003 0.5843275 -0.3835771 0.1900418 0.4335085 -0.3677009 0.1822355 0.2560238 -0.3524295 0.1860776 1.164361 -0.3279909 0.173027 1.309736 -0.2781468 0.2710552 0.05843436 -0.2561717 0.2535038 -0.06770783 -0.3179298 0.1687354 -0.06770825 -0.2645787 0.2600658 1.309736 -0.3452352 0.1786012 0.0966016 -0.3628283 0.1936959 0.2752465 -0.3794404 0.2017032 0.4297047 -0.3861681 0.2031217 0.6139007 -0.3808524 0.2007465 0.8063721 -0.3677715 0.1961977 0.9795043 -0.2843259 0.2775013 1.180923 -0.2969758 0.2923499 1.005552 -0.3081344 0.3011708 0.7918249 -0.3125436 0.305805 0.6198104 -0.3066784 0.2936624 0.4261134 -0.2928979 0.285781 0.2403699 -0.2793272 0.2884822 1.154869 -0.2594897 0.2654629 1.280667 -0.1811614 0.3467131 0.09739327 -0.1663715 0.3195753 -0.03875178 -0.2513613 0.2581506 -0.03875178 -0.1722236 0.3285327 1.280667 -0.2723848 0.2846976 0.1149428 -0.2862948 0.295623 0.261015 -0.2987427 0.3049691 0.4578961 -0.3036515 0.316039 0.6187206 -0.2992292 0.3088282 0.8268053 -0.2897454 0.2973937 0.9769233 -0.1853939 0.3534139 1.147558 -0.1928799 0.3651594 0.9936581 -0.1998409 0.3807463 0.8029531 -0.2023818 0.3893576 0.6267154 -0.1984063 0.379821 0.4409312 -0.1907551 0.3633219 0.266309 -0.1759437 0.3575476 1.163522 -0.164308 0.3322424 1.297435 -0.06453442 0.3850355 0.0847094 -0.05934423 0.3550544 -0.05455833 -0.1590524 0.3229113 -0.05455833 -0.06192934 0.3652464 1.297435 -0.1717439 0.351845 0.09299516 -0.1795735 0.3688815 0.2567408 -0.1881448 0.3814875 0.4415927 -0.1910191 0.3915725 0.612571 -0.188604 0.386133 0.8006935 -0.1825174 0.3740981 0.9779162 -0.06624764 0.3913754 1.153272 -0.06823319 0.4126767 1.003786 -0.07118219 0.4241581 0.8119713 -0.072806 0.4324458 0.6222153 -0.07068133 0.4222726 0.4394816 -0.06731361 0.4099831 0.2504283 -0.05727571 0.3979099 1.137297 -0.0529657 0.3676713 1.281219 0.05618292 0.3876872 0.09561353 0.05233758 0.357096 -0.0376442 -0.05270367 0.3573707 -0.03764408 0.05488896 0.3673893 1.281219 -0.05664849 0.3899517 0.08038145 -0.05903649 0.4073113 0.2606214 -0.06087416 0.4248741 0.4188116 -0.06224757 0.4319714 0.629965 -0.06138324 0.4260552 0.789783 -0.05928009 0.4127091 0.9957338 0.05820894 0.3958551 1.146124 0.06033718 0.4108879 0.9797546 0.06209129 0.421515 0.7851356 0.06296318 0.4310993 0.6122692 0.06203532 0.4219697 0.4173875 0.05929279 0.4067345 0.275371 0.06751984 0.3946972 1.176952 0.0623911 0.3654518 1.309407 0.1765777 0.3488914 0.05362468 0.1629045 0.3213115 -0.06732338 0.06336879 0.3539617 -0.0673232 0.1645926 0.3319273 1.309407 0.06830048 0.3810248 0.09527885 0.07012838 0.405225 0.2472136 0.0733335 0.422206 0.441778 0.07585501 0.4279569 0.6006774 0.07416141 0.4259452 0.8018025 0.07105708 0.4085716 0.9902951 0.1768708 0.3565027 1.164878 0.1840912 0.3727724 1.001133 0.1915856 0.3843857 0.8006264 0.1942804 0.3910889 0.6385155 0.1902645 0.3836159 0.4343354 0.1829494 0.3655459 0.2417007 0.1868647 0.3497304 1.130265 0.1740875 0.3271334 1.298395 0.2744329 0.2817002 0.06026631 0.2531915 0.257393 -0.05164569 0.1684966 0.3192622 -0.05164575 0.2610508 0.2636071 1.298395 0.1830722 0.3469165 0.05482453 0.1921179 0.3591232 0.2497493 0.2010174 0.3783095 0.4377046 0.2044575 0.3857857 0.6197302 0.201327 0.3790987 0.8068881 0.194658 0.3681643 0.9749664 0.2801553 0.2834665 1.158704 0.2910261 0.2956447 0.9857674 0.3006256 0.3090272 0.7713232 0.3053499 0.308878 0.6197089 0.300885 0.3080329 0.4513625 0.2888615 0.2938085 0.2526094 0.2860239 0.2789425 1.150452 0.2655184 0.2591265 1.281829 0.3473095 0.1766898 0.09855151 0.3197749 0.1657181 -0.03950679 0.2584614 0.2507814 -0.03950631 0.3284741 0.1717851 1.281829 0.2802826 0.2750849 0.1209215 0.2950245 0.2858144 0.2615009 0.3082478 0.2961455 0.4610031 0.3140716 0.3005957 0.6233062 0.3088321 0.2982054 0.7888142 0.2987068 0.2859625 0.9530241 0.3532521 0.186443 1.121851 0.3684707 0.1922143 0.9733073 0.3815829 0.1964854 0.7913178 0.3869584 0.2016557 0.6076604 0.379879 0.1976995 0.4429394 0.3641214 0.1898972 0.2699769 0.3581283 0.1777847 1.152343 0.3327186 0.1632725 1.297368 0.3857734 0.06410503 0.08954226 0.355144 0.05906379 -0.05446761 0.3231276 0.1588147 -0.05446743 0.3655924 0.06084996 1.297368 0.3510197 0.1714977 0.0849362 0.3688402 0.1797673 0.2524251 0.3846861 0.1885048 0.4432557 0.3925186 0.1892809 0.6278953 0.3868644 0.1867698 0.8043233 0.3722748 0.181781 0.989369 0.3931521 0.06578463 1.155721 0.4098565 0.064291 0.9999182 0.4242474 0.071222 0.8083871 0.4305061 0.07070928 0.620468 0.4227495 0.07245844 0.4391331 0.4054186 0.07253497 0.2419721 0.394964 0.05458599 1.143472 0.3676697 0.05239766 1.281674 0.3878481 -0.05990737 0.0952425 0.356867 -0.05393868 -0.03838396 0.3572762 0.05109304 -0.03838372 0.3672496 -0.05544716 1.281674 0.3875385 0.05192577 0.09213262 0.4074098 0.05493444 0.2660199 0.4244369 0.06266331 0.4671801 0.4329317 0.06579512 0.6265738 0.4261164 0.06029617 0.7883024 0.4118466 0.05804932 0.9779639 0.3949092 -0.05925011 1.143524 0.4113079 -0.06189113 0.9700396 0.4262177 -0.06507891 0.8251366 0.4315447 -0.06240743 0.6272342 0.4245782 -0.06328022 0.4689607 0.4067239 -0.06108957 0.2615087 0.3926146 -0.07027697 1.154187 0.3650479 -0.06393486 1.29722 0.3491984 -0.1755785 0.07516628 0.3220448 -0.1613391 -0.05373865 0.3548216 -0.06184643 -0.05373841 0.3313933 -0.1660922 1.29722 0.3848654 -0.06728345 0.07592719 0.4042685 -0.07063174 0.2539263 0.4216126 -0.07717776 0.4478051 0.4290619 -0.0714271 0.6001937 0.4235596 -0.07570463 0.8062769 0.4095271 -0.07575541 0.9847025 0.3572425 -0.1758705 1.162932 0.3709608 -0.1835539 0.9691971 0.3848145 -0.190816 0.8111631 0.3903054 -0.1940549 0.6125237 0.3824961 -0.187653 0.4320716 0.3673049 -0.1821468 0.2572879 0.3516783 -0.1862261 1.151971 0.3279725 -0.1735541 1.281566 0.2791683 -0.2736117 0.09517151 0.2574597 -0.2525008 -0.03778398 0.3194403 -0.1678791 -0.03778398 0.2643319 -0.2604423 1.281566 0.34651 -0.1798437 0.06669062 0.3624253 -0.1931856 0.2702478 0.3793448 -0.2005835 0.4181032 0.385119 -0.2066732 0.6062166 0.3797711 -0.2012042 0.8004937 0.3665759 -0.1956934 0.9819633 0.2844429 -0.278876 1.144677 0.2963966 -0.291531 0.9768396 0.307616 -0.303126 0.7762386 0.3111361 -0.306982 0.61131 0.3060675 -0.2991642 0.4411262 0.2933821 -0.2904338 0.2921372 0.2764012 -0.2863892 1.174582 0.2581666 -0.2670121 1.27941 0.1803663 -0.3491979 0.1010704 0.165929 -0.3199562 -0.03824794 0.2510662 -0.2587537 -0.03824752 0.1707491 -0.3298539 1.279411 0.2716146 -0.2855041 0.102415 0.2854516 -0.2959968 0.2501183 0.2973406 -0.307512 0.4451357 0.3034325 -0.3149582 0.6463248 0.29824 -0.3067453 0.8224582 0.2877412 -0.29692 0.9645197 0.1831046 -0.357514 1.166862 0.1909347 -0.3691667 0.9813334 0.1987273 -0.3830966 0.7682802 0.2013111 -0.3892816 0.6299151 0.1973428 -0.3796948 0.4359467 0.1896086 -0.3648503 0.2422425 0.1757047 -0.3607123 1.153432 0.1630678 -0.333018 1.296848 0.06484711 -0.3847165 0.0828371 0.05875945 -0.3553041 -0.0543341 0.1585539 -0.3234144 -0.0543341 0.06060069 -0.3657617 1.296849 0.1725565 -0.3516994 0.08393418 0.1807686 -0.3722997 0.2839093 0.1883633 -0.3862354 0.4181695 0.1921748 -0.3924899 0.617302 0.1899207 -0.3873707 0.7859588 0.18312 -0.3757604 1.002218 0.06593477 -0.3929274 1.161919 0.06865966 -0.4117837 0.994609 0.07212704 -0.4183182 0.807744 0.07355076 -0.4244209 0.6200326 0.07077813 -0.4269399 0.442465 0.06888443 -0.4020168 0.2765038 0 0.5042077 0.2052955 0.1929519 0.4658272 0.2052955 0.3565287 0.3565286 0.2052955 0.4658272 0.1929519 0.2052955 0.5042077 0 0.2052955 0.4658272 -0.1929519 0.2052955 0.3565287 -0.3565286 0.2052955 0.1929519 -0.4658272 0.2052955 0 -0.5042077 0.2052955 -0.1929518 -0.4658272 0.2052955 -0.3565286 -0.3565288 0.2052955 -0.4658272 -0.192952 0.2052955 -0.5042077 0 0.2052955 -0.4658271 0.192952 0.2052955 -0.3565285 0.3565288 0.2052955 -0.1929516 0.4658273 0.2052955</float_array>
          <technique_common>
            <accessor source="#Cube_229-mesh-positions-array" count="1202" stride="3">
              <param name="X" type="float"/>
              <param name="Y" type="float"/>
              <param name="Z" type="float"/>
            </accessor>
          </technique_common>
        </source>
        <source id="Cube_229-mesh-normals">
          <float_array id="Cube_229-mesh-normals-array" count="6540">-0.8133438 0.5563271 0.1702122 0.5563266 0.8133441 0.1702122 0.8133438 -0.5563271 0.1702122 -0.5563266 -0.8133441 0.1702122 0 2.07459e-7 -1 0 0 1 0 -6.45225e-7 1 -2.10762e-7 0 -1 0.9674075 0.1972019 0.1588528 -0.9674075 -0.1972019 0.1588528 0 0 -1 0 -6.26236e-7 1 -8.43049e-7 0 1 0 1.90572e-7 -1 0.1972022 -0.9674075 0.1588528 -0.1972022 0.9674075 0.1588528 -0.2174493 0.9610046 -0.1708389 -0.1997245 0.979781 -0.01180386 -0.1399245 0.9889382 0.0492171 0.2174493 -0.9610046 -0.1708389 0.1997245 -0.979781 -0.01180386 0.1399245 -0.9889382 0.0492171 -0.9610049 -0.2174487 -0.1708388 -0.9797811 -0.199724 -0.0118038 -0.9889382 -0.139925 0.04921704 0.9610049 0.2174487 -0.1708388 0.9797811 0.199724 -0.0118038 0.9889382 0.139925 0.04921704 -0.5795999 -0.7932506 -0.1865947 -0.5638608 -0.8243588 -0.04993534 -0.548334 -0.8340409 0.06087481 0.7932505 -0.5796002 -0.1865944 0.8243587 -0.5638611 -0.04993534 0.8340409 -0.548334 0.06087481 0.5795999 0.7932506 -0.1865947 0.5638608 0.8243588 -0.04993534 0.548334 0.8340409 0.06087481 -0.7932505 0.5796002 -0.1865944 -0.8243587 0.5638611 -0.04993534 -0.8340409 0.548334 0.06087481 0.9889382 -0.139925 0.04921704 0.9797811 -0.199724 -0.0118038 0.9610048 -0.2174487 -0.1708388 -0.8340409 -0.548334 0.06087481 -0.8243587 -0.5638611 -0.04993528 -0.7932505 -0.5796002 -0.1865943 0 0 -1 0 6.26236e-7 1 -0.8133438 -0.5563272 0.1702123 2.10762e-7 6.45225e-7 1 -2.00883e-7 0 -1 0.9674075 -0.1972019 0.1588528 -0.9889382 0.139925 0.04921704 -0.9797811 0.199724 -0.0118038 -0.9610048 0.2174487 -0.1708388 0.8340409 0.548334 0.06087481 0.8243587 0.5638611 -0.04993528 0.7932505 0.5796002 -0.1865943 -4.21525e-7 0 1 0 -1.90572e-7 -1 0.8133438 0.5563272 0.1702123 0 -2.07459e-7 -1 -0.9674075 0.1972019 0.1588528 -1.81363e-7 0 -1 -3.43999e-7 0 1 0 0 -1 0 7.36027e-7 1 0.1399245 0.9889382 0.04921704 0.1997244 0.979781 -0.01180386 0.2174493 0.9610046 -0.1708388 0.548334 -0.8340409 0.06087476 0.5638608 -0.8243588 -0.04993528 0.5795999 -0.7932505 -0.1865946 0.5563266 -0.8133441 0.1702122 0 -7.36027e-7 1 -1.92698e-7 0 -1 0.1972022 0.9674075 0.1588528 9.67267e-7 0 1 2.09625e-7 -1.51583e-7 -1 1.0295e-6 0 1 0 1.99938e-7 -1 -0.1399245 -0.9889382 0.04921704 -0.1997244 -0.979781 -0.01180386 -0.2174493 -0.9610046 -0.1708388 -0.548334 0.8340409 0.06087476 -0.5638608 0.8243588 -0.04993528 -0.5795999 0.7932505 -0.1865946 -0.5563266 0.8133441 0.1702122 2.15e-7 1.51583e-7 -1 0 -1.99938e-7 -1 1.37266e-6 0 1 -0.1972022 -0.9674075 0.1588528 -0.998643 0.0489788 -0.01770037 -0.02676224 -0.9832584 0.180241 -0.9989755 0.04486328 0.005944669 -0.999666 -0.02514207 -0.005984604 0 0.1117274 0.993739 0.9989603 0.0398544 -0.02214086 -0.6074573 0.7939789 0.02435445 -0.7871046 0.6167809 -0.006912827 -0.9993309 -0.03339123 -0.01493012 -0.2629439 -0.9645969 0.02033519 -0.6681233 0.743992 -0.009338676 -0.7877589 0.6154248 0.0262354 -0.9996249 -0.01504349 -0.02288633 4.46771e-7 0.1449474 -0.9894394 0.9670442 -0.2542648 0.01322561 -0.9987543 0.04821461 -0.01285803 -0.9982973 0.05765938 -0.008823752 -0.9995014 0.0315743 -3.38765e-4 -0.9994985 0.03153574 0.002891957 -0.9994205 0.03283256 0.008975744 6.67605e-7 -0.9723368 -0.2335833 -0.02830338 -0.9925883 -0.1181845 0.01961654 -0.9942083 -0.1056647 -0.01698243 -0.9968374 -0.07763248 -0.03311979 -0.9991223 0.02565145 0.02648192 -0.9952105 0.09410101 -0.02725344 -0.9919956 0.1232962 0.9992119 0.03811824 -0.01107835 0.9992642 0.03695374 -0.01027661 0.9976399 0.0686407 -0.001754701 0.9976652 0.06828749 0.001079201 0.9987478 0.04966485 0.006040632 0.9988779 0.04603105 0.01114422 -0.998607 0.0496211 0.01793855 -0.9360609 0.3512988 -0.01947641 -0.3209289 -0.9288392 0.185101 -0.9321862 0.3613197 0.02183943 0.02576726 0.9996024 -0.01145458 0.04261964 0.1310747 0.990456 0.96424 -0.2642688 -0.0200836 -0.628098 0.7774932 0.03158223 -3.70635e-4 -0.1407531 0.9900447 -0.790011 0.6130394 -0.008085787 -0.2645079 0.9633979 -0.04359155 0.04515826 0.9989087 -0.01192718 -0.6905725 0.7229907 -0.01985722 -0.3516526 -0.9361305 4.75047e-4 0.04513293 0.1388018 -0.9892912 0.8372919 -0.5465618 0.01458019 -0.9420703 0.3352266 -0.01125562 -0.9224646 0.3858257 -0.01406043 -0.9300884 0.3673058 0.004722416 -0.9497865 0.3127502 0.009651362 -0.9496124 0.3134207 0.001927852 -0.3009747 -0.9255899 -0.2295598 -0.315211 -0.9447246 -0.09020835 -0.2687145 -0.9584795 -0.09544438 -0.319423 -0.9455555 -0.06240099 -0.3136841 -0.9484695 0.04481166 -0.2818323 -0.9556626 0.08532094 -0.3284087 -0.9401866 0.09053772 0.953918 -0.2998976 -0.0100916 0.9631478 -0.2686526 -0.01312482 0.9631119 -0.2689898 -0.007748961 0.9663835 -0.2569956 0.007506668 0.9661246 -0.2580494 0.003735184 0.9713156 -0.2376351 0.008697152 -0.9448666 0.3271831 0.01335155 -0.7717106 0.6356592 -0.02000397 -0.5772964 -0.7989676 0.1684627 -4.41105e-4 -0.1681324 -0.9857644 0.08136057 0.1119687 0.9903755 0.8119786 -0.5834487 -0.01668918 0.07648235 0.997065 -0.003466188 -0.6410166 0.7675222 0.002741754 0.2745711 0.9615598 -0.003682613 0.04813152 0.9987422 0.01405173 -0.6386268 0.7694725 0.008241415 -0.9330898 -0.3589837 0.02177709 0.2120422 0.9771135 0.01695448 0.08819836 0.121378 -0.9886803 0.5608317 -0.8279253 0.002767741 -0.7713916 0.6359348 -0.02328115 -0.779047 0.6269149 0.007980048 -0.7651492 0.6438383 0.004351437 -0.5753216 -0.791724 -0.2053735 -0.5631082 -0.8206877 -0.09685522 -0.5890039 -0.8013826 -0.1042131 -0.5709172 -0.8191326 -0.05545562 -0.568616 -0.8216379 0.03983795 -0.5811107 -0.8103151 0.07549858 -0.6008355 -0.7904272 0.1192555 0.8289409 -0.5591662 -0.01378852 0.8229506 -0.5680422 -0.008974909 0.8217391 -0.5697752 -0.01005846 0.8050451 -0.5931252 0.01024872 0.8034324 -0.5953704 -0.005529642 0.8522588 -0.5228456 0.01696115 -0.8026584 0.5956645 0.03038603 -0.5427324 0.8396481 -0.02080219 -0.7539585 -0.6331026 0.1752936 -0.5295276 0.8481616 0.01492089 0.1197756 0.9922608 -0.03274792 0.1049646 0.07607197 0.9915623 0.6079832 -0.7931482 -0.0356723 -0.5871047 0.8083889 -0.0426076 0.848206 0.5296642 0.001549661 0.2710922 0.9624285 0.01550906 -0.04250472 0.9987634 0.02578663 -0.1063387 -0.07665318 0.991371 0.6720239 0.7400385 -0.02696257 0.8414984 0.5401971 -0.008215844 0.1247709 0.09042471 -0.9880566 0.3444058 -0.9384262 0.02722132 -0.54405 0.8389143 -0.01524764 -0.541351 0.8407958 0.001226186 -0.5739716 0.8188639 0.004316508 -0.5758102 0.8175706 0.004591286 -0.5782995 0.8157649 -0.009863972 -0.7871716 -0.5704837 -0.2343272 -0.8106803 -0.5737742 -0.1165365 -0.8211727 -0.5604424 -0.1076105 -0.8111115 -0.5837053 -0.03723382 -0.7970485 -0.6030818 0.03171986 -0.7808713 -0.6092845 0.1378856 -0.8202717 -0.5674558 0.07175207 0.6452676 -0.7637149 -0.01921588 0.6606349 -0.7506778 0.00667417 0.5526009 -0.8334091 0.007841885 0.5532231 -0.8330331 -3.81462e-4 0.606948 -0.7946475 0.01222366 0.6361618 -0.7710628 0.02757793 -0.5394623 0.8419827 0.006771504 -0.9243751 -0.32784 0.1950685 -0.2424839 0.9701095 0.009444952 0.3168665 0.9470857 -0.05122941 0.1249791 0.04046291 0.991334 0.3539424 -0.9350917 -0.01811534 -0.9666678 -0.2543888 0.02897655 -0.1120816 -0.08079159 -0.9904093 0.8325415 0.5539467 0.004212915 0.2033381 0.9789958 0.0148639 0.9332026 0.3592111 0.01001536 0.807008 0.5905201 0.004913508 0.2772309 0.9607904 -0.004988014 0.1443327 0.04672837 -0.9884253 0.05072063 -0.9972197 0.05459392 -0.2064921 0.9784481 5.62738e-4 -0.3177418 0.9480669 0.01446771 -0.2851042 0.9582668 -0.02098703 -0.2857285 0.9582198 -0.01319414 -0.250624 0.9679576 0.01567912 -0.9192119 -0.2975995 -0.2578449 -0.9376633 -0.3296297 -0.1101444 -0.9375279 -0.3326321 -0.1019671 -0.9492694 -0.3108994 -0.04721468 -0.9502645 -0.309521 0.03455889 -0.9500522 -0.3003931 0.08464539 -0.9435608 -0.3148444 0.1027922 0.3085092 -0.9511182 -0.01400864 0.3152105 -0.9489341 -0.01290637 0.2963385 -0.9550464 -0.008369684 0.3765293 -0.9263907 -0.005095541 0.375586 -0.926644 0.01631122 0.3294486 -0.9441624 0.00459814 -0.2533469 0.9672149 0.01763063 0.02908563 0.9991996 -0.02746427 -0.9790974 0.04917109 0.1973585 -0.8442401 0.5355864 0.02014976 0.1353271 -1.79082e-4 0.990801 0.05337834 -0.9983882 -0.01928234 0.9375203 0.3477627 0.01081234 0.8261207 0.5634915 0.001419842 0.2560197 0.9663787 -0.02379709 0.9493106 -0.3143099 -0.00432837 0.9421578 0.33517 2.23134e-4 0.8487527 0.528779 0.003424882 -0.1282091 0.04223918 0.9908473 0.1547412 -2.04829e-4 -0.9879551 -0.9708577 0.001293301 -0.2396533 -0.9892088 0.01996237 -0.1451469 -0.9956811 -0.01163965 -0.09210765 -0.9988099 0.002939045 -0.04868412 -0.9994329 -0.001092851 0.03365874 -0.9949231 -0.008422076 0.100286 -0.9963442 -0.0275827 0.08085519 0.05744004 -0.9982975 -0.01013505 0.0595287 -0.9981878 -0.008800566 0.006239831 -0.9999572 0.006838262 0.00621134 -0.999967 0.005260288 0.02763831 -0.9994766 -0.01681327 0.02170181 -0.9997633 0.001586198 0.00419861 0.9996902 0.02453321 0.2838675 0.9587545 -0.01446443 -0.9167215 0.3450514 0.2013985 0.3631225 0.9317406 -0.001286566 0.9977138 -0.06620001 -0.01359349 0.1257206 -0.04105442 0.9912158 -0.2492337 -0.9681625 -0.02332621 0.9312321 -0.3644248 -0.001178026 0.9313575 0.3640502 -0.006392061 -0.1495652 0.04926896 -0.9875236 0.9351605 -0.3539663 -0.01351672 0.9320079 0.3621221 -0.01513469 0.9256109 -0.3784765 -2.63102e-4 0.9347637 0.3552656 -0.001789152 0.139937 -0.04569762 -0.9891054 -0.543318 -0.8388138 0.03460073 0.2882711 0.9568812 -0.03575116 0.3566636 0.9341053 -0.01544713 0.3732751 0.9277161 0.002916038 0.3676488 0.9299548 0.004321873 0.373867 0.9274193 0.01081687 -0.9235579 0.3016191 -0.2367842 -0.9438624 0.3001985 -0.1378574 -0.9392988 0.3263716 -0.105827 -0.9559622 0.2904366 -0.04222553 -0.9528695 0.3022892 0.02570801 -0.9429008 0.3215254 0.08694595 -0.9393433 0.3287616 0.09772473 -0.2243849 -0.9744889 0.004786908 -0.2542608 -0.9666327 -0.03119033 -0.1920641 -0.9813665 0.005591452 -0.2154651 -0.9761651 0.02601158 -0.2500616 -0.9682204 0.004304647 -0.2624284 -0.9649504 0.001481056 0.3642628 0.9311113 0.01856136 -0.7930216 0.5721614 0.2091605 0.6224038 0.7824961 0.0177052 -0.1383771 0.9899016 0.03077059 0.1064525 -0.07756024 0.9912882 -0.530479 -0.8472551 -0.02740734 0.9368953 -0.3492972 0.01478731 0.937834 0.3462434 -0.02414584 0.2243412 -0.9745008 0.004378676 0.9163215 -0.4004431 6.18012e-4 -0.04231381 0.1324247 0.9902895 0.5468984 -0.8361131 -0.04262763 0.1067548 -0.07778084 -0.9912385 -0.7852028 -0.6190816 0.01394999 0.6373632 0.7705581 0.002938032 0.6410352 0.7673692 0.01477712 0.6499304 0.7592788 -0.03295868 0.6482985 0.760967 0.02526962 0.6045224 0.7965605 -0.0066576 -0.7738801 0.5638595 -0.2883957 -0.8239199 0.5530024 -0.1238726 -0.7913156 0.6052592 -0.08649283 -0.796806 0.6017385 -0.05487316 -0.8081442 0.5863054 0.05611598 -0.7954149 0.6026539 0.06421655 -0.818347 0.5677336 0.08936929 -0.5702832 -0.8213914 0.009660303 -0.5505311 -0.8346223 -0.01792925 -0.5776617 -0.8162752 -0.001336574 -0.5473995 -0.8368303 -0.008299887 -0.5141649 -0.8576896 0.001813828 -0.5186477 -0.8549853 -0.00217092 0.6299692 0.7764918 0.0141139 0.8500561 0.5261151 -0.0246514 -0.5680676 0.8037277 0.1769779 0.1748736 -0.9844648 -0.01575392 0.08762145 -0.1212285 0.9887499 -0.7808948 -0.6244829 -0.01498776 -0.04559439 0.1426815 -0.988718 0.198434 -0.9799095 0.02003353 0.2936248 -0.9558959 -0.00689578 0.7937098 0.6081501 0.01335585 -0.2625724 0.6339064 -0.727474 0 0.7997205 0.6003725 0 0.6861651 -0.7274459 0.088032 -0.1217961 -0.9886437 -0.5673738 0.7849779 -0.2487906 -0.5947582 0.7966576 -0.1076995 -0.594135 0.7979717 -0.1012164 -0.6021499 0.7976453 -0.03431332 -0.56442 0.8246381 0.03744703 -0.5746769 0.8134428 0.08976268 -0.5791569 0.8075627 0.1114441 -0.7547537 -0.6557738 -0.01754027 -0.7761682 -0.6304051 -0.01235115 -0.7670177 -0.641458 0.01468473 -0.7663056 -0.6424759 7.4008e-4 -0.7807114 -0.6248658 0.005716502 -0.7860216 -0.6180248 0.01467949 0.840668 0.5413252 0.01563948 0.9628595 0.2693229 -0.01915413 -0.3636065 0.9165517 0.1665035 0.9558586 0.2938224 0.001718461 0.2460001 -0.9691129 0.01744151 0.03999757 -0.1240859 0.991465 -0.9353934 -0.3528558 -0.02306777 -0.6684368 -0.7435898 0.0163266 0.3305659 -0.9436817 -0.0138272 -0.3579528 -0.9333289 -0.0276969 -0.6036858 -0.797084 -0.01485586 0.04463309 -0.138464 -0.9893612 -0.9987883 -0.04473417 0.02051174 0.9443215 0.3288533 -0.01060336 0.9674798 0.2518317 -0.0237407 0.9670632 0.2545121 -0.003539025 0.9636886 0.2668496 0.009776532 0.963652 0.2669543 0.0104984 -0.2957946 0.9176356 -0.2654257 -0.2776356 0.9543054 -0.1105434 -0.2596091 0.9619252 -0.08545809 -0.3470687 0.9349933 -0.073013 -0.335419 0.9416673 0.0275104 -0.2862964 0.9539802 0.08919817 -0.2936678 0.9523678 0.08218783 -0.9289371 -0.3701509 -0.008012533 -0.9269469 -0.3751049 -0.008106648 -0.9379829 -0.3466581 0.004050493 -0.9323786 -0.3614711 -0.002980113 -0.9337416 -0.3577668 0.0113874 -0.9355233 -0.3532611 -0.001674115 0.9716447 0.2355457 0.02061343 -0.01279783 0.979648 0.2003147 0.9983233 -0.05723696 0.008637785 -0.6384282 -0.7695081 -0.01633471 -0.5655005 0.5654941 0.6003547 -0.485188 0.4851906 -0.7274495 -0.5883246 -0.8086001 0.006347715 -0.6537187 -0.7567037 0.007176995 -0.9525341 0.3038933 0.01810252 0.997437 -0.07091134 -0.009556591 0.9986235 -0.05206072 -0.006397604 0.9981498 -0.06061929 -0.004752278 0.9985014 -0.05452233 0.004733443 0.9983501 -0.05721765 0.004831552 0.002535343 0.9707888 -0.2399225 -0.02582681 0.9928939 -0.1161665 0.0148133 0.9940305 -0.1080929 -3.03123e-4 0.9993912 -0.03488862 0.009678959 0.9999316 0.006564974 -0.02820873 0.9934817 0.1104463 -0.0255416 0.9949508 0.0970596 -0.9993413 -0.03518724 -0.008883833 -0.999433 -0.03347831 0.003614127 -0.9993716 -0.03507429 0.005139052 -0.9989537 -0.04371446 0.01344197 0.9983304 -0.05548906 0.01604515 0.9511373 -0.3074111 -0.02891844 0.3021465 0.933908 0.1911113 -0.04268759 -0.1301486 0.9905752 -0.9723221 0.2334694 -0.009051144 -0.6017779 -0.7986628 -0.001140236 -0.9663876 -0.2568013 -0.01217573 -0.7388385 0.3060318 0.6003851 -0.6339282 0.2625834 -0.727451 -0.04312264 -0.1314688 -0.990382 0.3045909 0.9286364 -0.2117989 0.2983731 0.945324 -0.1316667 0.352344 0.9313505 -0.09186917 0.2936359 0.9551908 -0.03726136 0.3112767 0.9502434 0.01201003 0.3109298 0.9470738 0.0798366 0.3326581 0.9362794 0.1127808 -0.9721091 0.2343692 -0.008656382 -0.961674 0.2741832 -0.002570927 -0.957073 0.2898244 -0.003615438 -0.9628142 0.2701293 -0.004371166 -0.9620456 0.2728863 0.001277267 -0.9667981 0.2550007 0.01661491 0.9305415 -0.3658576 0.01551651 0.7816777 -0.6236011 -0.01007384 0.5735868 0.7940829 0.2010741 0.784298 -0.6201846 0.01574277 -0.06889957 -0.09431052 0.9931558 -0.8202116 0.5716459 -0.02176922 -0.7997315 -4.88887e-6 0.6003579 -0.6861492 1.66457e-6 -0.7274609 -0.1125582 -0.1540724 -0.9816274 -0.610657 0.7915291 0.0240764 0.7887924 -0.6144455 -0.0162248 0.7894296 -0.6138338 -0.003042399 0.7897961 -0.6133685 -0.00115621 0.7659216 -0.6428325 -0.01142913 0.7847136 -0.6197944 0.008924603 0.5632374 0.7709679 -0.297275 0.5432201 0.8348777 -0.08883315 0.5859882 0.8016196 -0.1184225 0.5873463 0.8081002 -0.04470431 0.5744348 0.8170752 0.04912084 0.5983288 0.7969406 0.08299612 0.5847845 0.8054984 0.09591478 -0.8401644 0.5423173 -0.003993809 -0.8409138 0.5408394 -0.01888686 -0.8438016 0.536655 -6.74434e-4 -0.8381028 0.5455006 0.003583312 -0.8319797 0.554746 0.008164405 -0.8560026 0.5169709 -9.04574e-4 0.8003143 -0.5993338 0.01720702 0.7919602 0.5760177 0.2024914 0.520719 -0.8535059 0.01948237 -0.3280674 0.9442771 0.02669817 0.611782 -0.7902999 -0.03389614 0.5429155 -0.8397314 -0.009700357 0.5833921 -0.8120837 0.01317948 0.5700349 -0.8214426 -0.01709431 0.5728008 -0.8196929 0.001715123 0.7866853 0.5670888 -0.2440012 0.7939119 0.5943136 -0.1284338 0.8170912 0.5686348 -0.09495556 0.810594 0.5828354 -0.0569247 0.8144778 0.5772967 0.05792039 0.8110578 0.578759 0.08499151 0.8259547 0.5554174 0.09649032 0.5342876 -0.845244 0.009967923 0.2150033 -0.9765452 -0.01154392 0.9396163 0.2902835 0.1812644 -0.7388267 -0.3060321 0.6003995 -0.6339367 -0.2625853 -0.727443 -0.1258687 -0.04039365 0.9912243 -0.3459942 0.9382158 -0.006263971 -0.1391881 -0.04466867 -0.9892581 0.9178903 0.2945839 -0.2658907 0.9429785 0.3136347 -0.1114677 0.9420958 0.3237671 -0.08735281 0.954694 0.2946862 -0.04146623 0.9464538 0.3198443 0.04387366 0.9552553 0.2867244 0.07264 0.9495151 0.290829 0.1176427 -0.3288475 0.9442678 -0.01475471 -0.3279134 0.9446204 -0.01286041 -0.3266918 0.9450706 0.01068949 -0.3367721 0.9413409 -0.02149504 -0.3970542 0.9177924 -0.002262771 -0.3870223 0.9219766 0.01315408 0.1937624 -0.9805065 0.03260546 0.0100218 -0.9997701 -0.01896053 0.981381 0.0327028 0.1892666 -0.109517 -0.9931669 0.0403195 -0.1335055 5.19596e-4 0.991048 -0.1115698 0.9936619 -0.01372164 -0.485188 -0.4851908 -0.7274494 -0.1561823 6.09185e-4 -0.9877281 0.2652226 0.964151 0.008365452 -0.01965594 -0.999677 -0.0161156 0.03796762 -0.9992564 0.006727755 0.005641818 -0.9982888 -0.05820584 -0.1526718 -0.9880734 0.02005976 -0.05147683 -0.9986079 -0.01151174 0.9730362 -0.003786802 -0.2306213 0.9918556 -0.01478767 -0.1265062 0.9926876 -0.03794777 -0.1145925 0.9988656 -0.01929932 -0.04353481 0.999495 0.005029916 0.03138035 0.9954819 -0.01879292 0.09307396 0.995878 -0.01535981 0.08939307 -0.1095115 0.9937967 0.01937854 -0.05415844 0.9983465 -0.01926696 0.01384669 0.9998108 0.01366633 -0.015365 0.9998432 -0.008815705 -0.05239754 0.9986165 -0.004422605 -0.05150723 0.998465 -0.02036684 -0.005846679 -0.9999563 0.007301986 0.9334719 -0.3009116 0.1951478 -0.3766106 -0.9263711 0.001028716 0.5608789 0.8276984 0.01817649 -0.3535232 -0.935319 0.01413232 -0.3311393 -0.9431093 -0.02986043 -0.3473911 -0.937714 0.003452479 -0.3448768 -0.9383422 -0.02395713 -0.41404 -0.9099839 0.02236622 0.9253478 -0.3048224 -0.2254213 0.947562 -0.2989787 -0.1128624 0.9464099 -0.3062402 -0.1025938 0.948892 -0.3118284 -0.04865163 0.9474372 -0.3179103 0.03599822 0.9463782 -0.3101801 0.09031498 0.9425199 -0.3210461 0.09265953 -0.6697385 -0.7421774 -0.02496254 0.7793239 -0.6014341 0.1758732 -0.1091216 0.07993108 0.9908096 0.5869376 0.8085116 -0.04258286 -0.2625804 -0.6339255 -0.7274545 -0.5655023 -0.5654957 0.6003515 -0.1338526 0.09804773 -0.986139 0.7804725 -0.5716993 -0.2530272 0.804446 -0.5851569 -0.1022654 0.806156 -0.582535 -0.1037568 0.7978305 -0.6009994 -0.04760521 0.7984249 -0.6006553 0.04160338 0.8212936 -0.5646005 0.08187288 0.8000334 -0.5905867 0.1056134 0.5187729 0.8548588 -0.009552538 0.5803142 0.8143729 0.005690038 0.5342015 0.8452938 -0.01035147 0.5319352 0.8467812 0.002572417 0.5611862 0.8276525 0.007848083 0.5430967 0.8396266 0.008556365 -0.6365443 -0.7711103 0.01415103 -0.8477891 -0.5295398 -0.02900797 0.530349 -0.824054 0.1991608 -0.8379806 -0.5454792 0.01552581 -0.09905052 0.1377741 0.9854985 0.7531523 0.6577948 -0.008232891 4.86081e-6 -0.7997316 0.600358 -1.66787e-6 -0.6861495 -0.7274606 -0.09246373 0.1286156 -0.9873746 0.9380922 0.3460233 0.01584017 -0.8586757 -0.5123879 -0.01160985 -0.8370586 -0.5470786 0.006164669 -0.8369047 -0.5472307 -0.01137262 -0.8206869 -0.5710116 0.02046793 -0.8408904 -0.5410295 -0.01380193 0.5660622 -0.7873695 -0.2441782 0.5942978 -0.7911817 -0.1443668 0.6124058 -0.7869195 -0.07560956 0.5842208 -0.8094469 -0.05900651 0.5637347 -0.8242028 0.05378818 0.5752087 -0.8152714 0.06684088 0.5701756 -0.8141015 0.110176 0.7830495 0.6218828 -0.009766101 0.7839006 0.6207941 -0.01070505 0.7988748 0.6014713 0.005606949 0.7989726 0.6010963 -0.01805996 0.7781245 0.6271805 0.03416121 0.8044752 0.5939384 0.007549285 -0.8072583 -0.5895839 0.02692258 0.3707963 -0.9077976 0.1959945 -0.9619862 -0.2730978 5.66317e-4 -0.9724287 -0.2331994 -6.93763e-4 -0.9727988 -0.2316308 -0.003133535 -0.9581062 -0.2862486 -0.009708166 -0.9760532 -0.2175284 0.001201272 -0.9750735 -0.221713 0.008674442 0.2952284 -0.9239574 -0.2431935 0.320863 -0.9421306 -0.09714376 0.2951316 -0.9509318 -0.09287679 0.3171919 -0.9463567 -0.06163066 0.2945783 -0.9550018 0.03457564 0.2804892 -0.9537691 0.107937 0.2869642 -0.9530586 0.09659671 0.565498 0.5654909 0.60036 0.2625804 0.6339256 -0.7274545 0.3060403 0.7388466 0.6003708 0.7388269 0.3060318 0.6003994 0.4851797 0.4851819 -0.7274608 0.6861492 -1.72226e-6 -0.7274609 0.7997201 4.80662e-6 0.6003732 0.6339283 -0.2625834 -0.727451 0.7388384 -0.3060318 0.6003852 0.4851881 -0.4851906 -0.7274494 0.5654938 -0.5654868 0.6003679 0.2625786 -0.6339251 -0.7274555 0.3060407 -0.7388347 0.6003853 -3.85083e-7 0.7809338 -0.6246138 0.2712569 0.6548709 0.7053821 0.298855 0.7215002 -0.6245983 0.552195 0.5521935 -0.6246305 0.6548749 0.271256 0.7053788 0.7214977 0.2988574 -0.6246001 0.7088483 -1.35394e-6 0.705361 0.7809408 3.2231e-6 -0.6246051 0.6548704 -0.2712565 0.7053827 0.7215003 -0.2988548 -0.6245984 0.5521944 -0.5521937 -0.6246306 0.2712568 -0.654874 0.7053793 0.2988603 -0.7215047 -0.6245906 -1.2859e-6 -0.7088482 0.705361 3.55321e-6 -0.7809273 -0.624622 -0.2712569 -0.6548708 0.7053821 -0.2988542 -0.7214975 -0.6246019 -0.5521938 -0.5521941 -0.6246309 -0.6548709 -0.2712566 0.7053822 -0.7214906 -0.2988515 -0.6246113 -0.7809335 0 -0.6246142 -0.6548709 0.2712567 0.7053822 -0.7215002 0.2988556 -0.6245982 -0.5521979 0.5522008 -0.6246213 -0.5012267 0.5012249 0.7053691 -0.501235 -0.501235 0.7053561 0.5012277 -0.5012277 0.7053663 -0.2988525 0.7215023 -0.6245972 -0.271259 0.654873 0.7053793 0.001866877 0 -0.9999983 -0.01312148 -0.9953173 0.0957666 0.9455029 -0.3256136 0 0.01159572 -0.9999328 0 -0.9455028 -0.325614 0 -0.008215427 0.9990422 0.0429812 0.002194404 -0.007011055 -0.9999731 -0.002723693 4.24241e-4 0.9999963 -8.57159e-5 0 1 1 0 0 -4.60595e-4 0.9999999 0 0.8198186 -0.5726234 0 -0.0118485 -0.9982116 0.05859565 -0.8198186 -0.5726234 0 0.01014769 0.9754437 0.2200151 -0.002228975 -0.003371953 -0.9999919 -0.0033257 0.002095222 0.9999924 0.5874155 -0.8092855 0 -0.006225943 -0.9958989 0.09026002 -0.5874157 -0.8092855 0 -0.01004183 0.9998489 0.01419514 -0.001176714 -0.00311619 -0.9999945 -0.001858532 0.003036141 0.9999938 -0.01903665 0.9931783 0.1150414 0.01017308 0.9994208 0.03247517 0.9455029 0.3256136 0 -0.01329886 0.9858144 0.1673119 -0.9455028 0.325614 0 -0.01049673 -0.9979082 -0.06378978 -0.002438485 -0.007199048 -0.9999712 -0.001658618 -0.001031696 0.9999982 0.002528488 0 0.9999968 -0.00723803 0.9990846 0.0421614 0.003260374 0.999714 0.02369248 0.8198186 0.5726234 0 -0.0175085 0.9934957 0.1125155 -0.8198186 0.5726234 0 0.01812982 -0.9989133 0.04293841 -0.003308951 0.001535892 -0.9999935 -6.93907e-4 0.003806173 0.9999926 0.5874155 0.8092855 0 0.007664203 0.9981515 0.06029176 -0.5874157 0.8092855 0 0.01534223 -0.9758309 0.2179884 0.001413106 -5.12126e-4 -0.9999989 0.00424987 -0.003581225 0.9999846 -1 0 0 -0.001107335 -0.001518785 0.9999983 -0.001906335 -0.001518785 0.999997 6.03188e-4 0.003124177 0.999995 -0.003076493 -0.9999953 0 -0.01279467 -0.9905357 -0.1366576 0.00320822 -0.9999877 0.003771245 0.02530527 -0.9950843 0.09574419 4.15372e-4 -0.001539409 -0.9999988 0.002481877 -0.009238004 -0.9999544 -0.003388524 -0.009238004 -0.9999517 -0.00131005 -0.002794802 -0.9999953 0.001456797 0.003219366 0.9999939 -0.002547383 -0.003762423 0.9999897 0.004516601 -0.004250586 0.9999808 -0.001838743 0.004814445 0.9999867 0.002094447 -0.007864117 -0.9999669 -0.0040313 0.001567482 -0.9999907 0.003239393 -0.002649068 -0.9999913 0.001042664 -0.002499043 -0.9999964 0.01414543 -0.9999001 0 0.01238459 -0.9860863 -0.1657732 0.001529753 -0.9982804 0.05860108 0.0100888 -0.9997707 -0.01889163 -0.009147942 0.9999582 0 -0.02097398 0.986347 0.1633396 0.0256381 0.9969319 0.07395619 -0.01430016 0.9998102 0.01323962 -4.48246e-6 0.004167199 0.9999914 -0.001903831 6.5518e-4 0.999998 0.004317045 -1.91346e-4 0.9999907 -0.001790821 0.005507409 0.9999833 -0.001655161 0.005936801 -0.9999811 0.00291419 -0.001223444 -0.999995 -0.004673838 -0.002275049 -0.9999865 0.006956756 0.007397651 -0.9999485 -0.01535373 -0.9998822 0 0.006144046 -0.9999642 -0.005819082 0.01669359 -0.9985735 0.05071872 -0.001599133 -0.9960787 -0.0884571 -0.00879383 0.9999614 0 -0.009487271 0.999407 -0.0331037 -0.02510768 0.9908945 0.1322791 -0.009872198 0.9825251 -0.185869 0.003897666 0.002997577 0.9999879 0.001283228 0.004401862 0.9999895 -0.009653925 0.004401683 0.9999437 0.004209458 0.003872036 -0.9999837 -0.008511483 -8.04354e-4 -0.9999635 0.002996623 -8.04378e-4 -0.9999952 0.002493619 -0.999997 0 0.008527636 -0.9953196 -0.09626048 0.01124644 -0.9903186 -0.1383569 0.02262616 0.999744 0 -0.0515896 0.9986561 -0.004949569 0.006905496 0.999833 0.01692479 0.001252949 4.31592e-4 0.9999992 -0.002549767 0.004556477 0.9999864 -1.43812e-4 -9.22848e-4 0.9999996 0.004693925 3.20596e-4 0.9999889 -0.001514375 5.21755e-4 -0.9999988 -8.76597e-4 0.006203293 -0.9999804 -0.005186736 0.006877243 -0.999963 0.001347184 -0.001656413 -0.9999977 -0.01487433 0.9820266 0.1881558 0.02568382 0.9818112 0.1881146 0.001542508 0.9877447 -0.1560705 -0.004600465 0.9990653 0.04298222 0.0132116 -0.9746516 0.223338 -0.00325936 -0.9747318 0.2233554 -0.02956831 -0.9995621 -0.001224517 0.007442474 -0.9835871 -0.1802808 -0.001014769 -7.08506e-4 0.9999993 0.002756714 2.54855e-4 0.9999963 0.003689348 0.007915318 0.999962 0.003773689 -8.74862e-4 0.9999926 0.001963973 -0.001371264 -0.9999971 0.001329541 -0.001127064 -0.9999985 -0.001600444 -0.007327795 -0.9999719 0.006112575 -0.005986511 -0.9999634 -0.01894879 0.9941965 0.1058974 0.01013737 0.9943243 0.1059079 -0.008894503 0.9932059 0.1160305 0.00713557 0.9932199 0.1160326 0.01007807 -0.9825683 0.1856291 -0.02255105 -0.9823673 0.1855968 -0.007416486 -0.9950194 -0.09940558 0.03205084 -0.9977691 0.05856394 -0.002596139 -0.003578245 0.9999902 0.001851916 -0.004702866 0.9999873 -0.002582192 -0.004758 0.9999854 -0.001859426 0.002564251 -0.999995 0.005053818 6.55849e-4 -0.999987 -5.33338e-4 -0.003321945 -0.9999944 -0.0121352 0.9999264 0 -0.005282819 0.9942973 0.1065126 0.02692109 0.9939516 0.1064684 0.009159922 -0.9961372 0.08733272 -1.12853e-4 -0.9888919 0.148637 -0.002761304 -0.9888882 0.1486364 0.001866638 0 -0.9999983 -0.01312142 -0.9953173 0.09576648 0.945504 -0.3256109 0 0.01159566 -0.9999328 0 -0.945504 -0.3256109 0 -0.008215367 0.9990422 0.04298132 0.002195179 -0.00701189 -0.9999731 -0.002723395 4.24029e-4 0.9999963 -8.39614e-5 0 1 -4.60585e-4 1 0 0.8198211 -0.5726198 0 -0.0118485 -0.9982115 0.05859583 -0.8198211 -0.5726198 0 0.01014763 0.9754434 0.2200168 -0.002227663 -0.003372311 -0.9999919 -0.003324747 0.002095878 0.9999924 0.5874191 -0.809283 0 -0.006225943 -0.9958989 0.09025979 -0.5874193 -0.8092828 0 -0.01004171 0.9998489 0.0141952 -0.001178562 -0.003117024 -0.9999945 -0.001856386 0.003036081 0.9999938 -0.01903682 0.9931783 0.1150417 0.0101732 0.9994208 0.03247523 0.9455039 0.3256109 0 -0.0132991 0.9858143 0.1673126 -0.9455039 0.3256109 0 -0.01049685 -0.9979082 -0.06378948 -0.002437472 -0.007198631 -0.9999712 -0.00165826 -0.001030981 0.9999982 0.00252819 0 0.9999968 -0.00723803 0.9990847 0.04216134 0.003260314 0.9997141 0.02369236 0.8198211 0.5726198 0 -0.01750838 0.9934958 0.1125156 -0.8198211 0.5726198 0 0.01813012 -0.9989133 0.04293853 -0.003307878 0.001536905 -0.9999935 -6.93275e-4 0.003806233 0.9999926 0.5874191 0.809283 0 0.007664203 0.9981515 0.0602914 -0.5874193 0.8092828 0 0.01534241 -0.9758309 0.2179881 0.001411259 -5.11673e-4 -0.9999989 0.00425136 -0.003580152 0.9999846 -0.001105189 -0.001518249 0.9999983 -0.001905679 -0.001518249 0.999997 6.02088e-4 0.003124892 0.999995 -0.003076434 -0.9999954 0 -0.01279449 -0.9905357 -0.1366581 0.00320822 -0.9999878 0.003771245 0.02530533 -0.9950844 0.09574407 4.15399e-4 -0.001540601 -0.9999988 0.002482175 -0.009238183 -0.9999544 -0.003388464 -0.009238123 -0.9999517 -0.001310467 -0.0027951 -0.9999953 0.001458287 0.003219246 0.9999938 -0.002547323 -0.003762364 0.9999897 0.004517495 -0.004250466 0.9999808 -0.001836955 0.00481373 0.9999868 0.002094507 -0.007863581 -0.9999669 -0.00403136 0.001568913 -0.9999907 0.003241777 -0.002649188 -0.9999913 0.00104165 -0.002499163 -0.9999964 0.01414561 -0.9999 0 0.01238471 -0.9860862 -0.1657735 0.001529753 -0.9982804 0.05860114 0.01008886 -0.9997707 -0.01889157 -0.009147882 0.9999582 0 -0.02097404 0.986347 0.1633399 0.0256378 0.9969319 0.07395607 -0.01430016 0.9998101 0.01323962 -6.14587e-6 0.004167675 0.9999914 -0.001903831 6.55336e-4 0.999998 0.004318535 -1.91262e-4 0.9999907 -0.001793563 0.005508363 0.9999833 -0.00165534 0.005937099 -0.9999811 0.002916336 -0.001223325 -0.999995 -0.00467509 -0.002275168 -0.9999865 0.006952583 0.007397949 -0.9999485 -0.01535391 -0.9998822 0 0.006144165 -0.9999643 -0.005819082 0.01669359 -0.9985735 0.05071854 -0.001598954 -0.9960788 -0.08845651 -0.00879383 0.9999614 0 -0.00948745 0.9994069 -0.03310388 -0.02510762 0.9908945 0.132279 -0.009872019 0.9825251 -0.1858687 0.003896951 0.002997696 0.9999879 0.001285433 0.004401981 0.9999895 -0.009652912 0.004401743 0.9999437 0.004213094 0.003871858 -0.9999837 -0.008512198 -8.03428e-4 -0.9999635 0.002995908 -8.03452e-4 -0.9999952 0.002493619 -0.9999969 0 0.008527696 -0.9953197 -0.09626042 0.01124662 -0.9903187 -0.1383567 0.0226258 0.999744 0 -0.05159008 0.9986562 -0.00494951 0.006905436 0.999833 0.01692485 0.001252353 4.313e-4 0.9999992 -0.002550482 0.004556179 0.9999864 -1.43682e-4 -9.21915e-4 0.9999996 0.004693269 3.20585e-4 0.9999889 -0.001515209 5.21808e-4 -0.9999988 -8.74862e-4 0.006203353 -0.9999804 -0.005187749 0.006876528 -0.999963 0.001346886 -0.001655876 -0.9999977 -0.01487421 0.9820268 0.1881545 0.02568376 0.9818115 0.1881132 0.001542389 0.9877446 -0.1560714 -0.004600524 0.9990652 0.04298233 0.01321178 -0.9746515 0.2233386 -0.003259897 -0.9747316 0.223356 -0.02956843 -0.999562 -0.001224517 0.007442593 -0.9835872 -0.1802803 -0.001014769 -7.08803e-4 0.9999993 0.002756714 2.54799e-4 0.9999963 0.0036875 0.007915258 0.999962 0.003775835 -8.74555e-4 0.9999926 0.00196284 -0.001370966 -0.9999971 0.001329958 -0.001126587 -0.9999985 -0.001600921 -0.007328093 -0.9999719 0.00611329 -0.005985856 -0.9999634 -0.01894861 0.9941966 0.1058974 0.01013725 0.9943244 0.1059078 -0.008894503 0.9932059 0.1160309 0.007135629 0.9932198 0.116033 0.01007765 -0.9825683 0.1856289 -0.02255064 -0.9823673 0.1855968 -0.007416307 -0.9950194 -0.09940594 0.03205102 -0.997769 0.05856412 -0.002597332 -0.003578364 0.9999902 0.001851379 -0.004701793 0.9999873 -0.002583265 -0.004757761 0.9999854 -0.001861393 0.00256443 -0.999995 0.005053818 6.56731e-4 -0.999987 -5.32937e-4 -0.003322541 -0.9999944 -0.01213514 0.9999264 0 -0.005282878 0.9942973 0.1065129 0.02692109 0.9939516 0.1064688 0.009159982 -0.9961372 0.08733242 -1.12595e-4 -0.9888917 0.1486377 -0.002761423 -0.988888 0.1486372 0.01080489 0.9872424 -0.1588574 -1.25261e-6 0.9771589 0.2125101 4.82374e-4 0.988726 0.1497363 0.04232746 0.9950823 0.08955258 0.02166342 0.9997388 0.007292211 -0.06944763 0.9971304 -0.03013515 -0.02477967 0.9966933 -0.07738524 0.02969115 0.9907208 -0.1326307 0.2768446 0.9417694 -0.1908598 0.302467 0.9301055 0.2083687 0.2918566 0.9472087 0.1327234 0.3576226 0.925155 0.127257 0.3056785 0.9500132 0.06352651 0.3191761 0.9455785 -0.06330865 0.2808995 0.9565325 -0.07836574 0.2615727 0.9613473 -0.08597159 0.5438336 0.8184274 -0.1855303 0.5732721 0.7889684 0.2211064 0.5923912 0.7987853 0.1049515 0.6016609 0.7926219 0.09876549 0.5871317 0.8073827 0.05839073 0.5740315 0.8183578 -0.02790057 0.6088319 0.7910758 -0.05935359 0.5752462 0.8108577 -0.107712 0.8162676 0.5499547 -0.1767974 0.7838651 0.5680388 0.2507736 0.8305621 0.5460535 0.1095083 0.8074828 0.5803682 0.1055672 0.7971585 0.6026942 0.03602886 0.8211691 0.5697097 -0.03335279 0.8111373 0.5771614 -0.0945577 0.7839469 0.6145973 -0.08773493 0.943198 0.2777687 -0.1822701 0.9268525 0.3000983 0.225578 0.9376241 0.3185266 0.1392912 0.9544351 0.2874203 0.08026957 0.9513359 0.3055052 0.04033219 0.9531181 0.3000776 -0.03897982 0.947521 0.310015 -0.07806915 0.9468604 0.3063227 -0.09809178 0.9803739 4.02082e-4 -0.1971467 0.9682263 -0.001293182 0.2500726 0.993809 -0.03129583 0.1066042 0.9952862 -0.002863466 0.0969395 0.9990763 -0.001632869 0.04294282 0.9993928 -0.01001906 -0.03337377 0.9971057 -0.02521026 -0.07172679 0.9953926 -0.003965377 -0.09580153 0.9346722 -0.2997485 -0.191151 0.9249013 -0.3020837 0.2308746 0.9523511 -0.2867684 0.1038819 0.9407991 -0.3243614 0.09842187 0.9546664 -0.2935088 0.04964447 0.9467816 -0.3207347 -0.02709102 0.9377379 -0.3364314 -0.08638054 0.9421584 -0.3238265 -0.08645361 0.80381 -0.5651075 -0.1858578 0.7889115 -0.5747631 0.2174079 0.8256507 -0.553013 0.1117036 0.8087167 -0.5820683 0.08469778 0.7844044 -0.6193488 0.03341954 0.8131392 -0.5809242 -0.03649395 0.8023262 -0.5920054 -0.07617336 0.813924 -0.5724929 -0.09889173 0.5455558 -0.8124039 -0.2058367 0.5714513 -0.7906843 0.2196859 0.5733413 -0.8115755 0.1123618 0.5713766 -0.8143277 0.1019767 0.6029102 -0.7959958 0.053761 0.5882387 -0.8072661 -0.04792523 0.570096 -0.8168971 -0.08757668 0.5802578 -0.8110103 -0.07458776 0.2745503 -0.9446811 -0.1794434 0.2998861 -0.9302489 0.2114365 0.3028693 -0.9416522 0.1468376 0.3463571 -0.9357075 0.06699514 0.3283723 -0.9425691 0.06111675 0.3289111 -0.943835 -0.03151339 0.3137306 -0.9465413 -0.07505202 0.3377058 -0.9363986 -0.09545964 -0.001700282 -0.9786418 -0.2055661 -0.002520442 -0.9639649 0.2660178 -0.03284478 -0.9948982 0.09538817 -0.01857012 -0.9937456 0.1101127 -0.02305436 -0.998634 0.04689216 -0.01478731 -0.9983534 -0.05542659 -0.0387513 -0.9977436 -0.05483031 -0.02722036 -0.9955423 -0.09030348 -0.3422225 -0.9210872 -0.1856938 -0.3022419 -0.9214007 0.2442759 -0.2499139 -0.9637134 0.09380555 -0.3257206 -0.9401037 0.1005545 -0.3108999 -0.9496298 0.03930258 -0.2937187 -0.9558162 -0.01203358 -0.3330496 -0.9384124 -0.09197956 -0.2908232 -0.9507423 -0.1072896 -0.5410538 -0.8270863 -0.1522796 -0.5664566 -0.7754417 0.2789575 -0.5822992 -0.8092529 0.07770037 -0.5583695 -0.822218 0.110369 -0.5789753 -0.8141364 0.04438048 -0.6061325 -0.7951577 -0.01810431 -0.5930331 -0.8015295 -0.07656681 -0.5876834 -0.7994723 -0.1243884 -0.8213701 -0.5422701 -0.1769026 -0.7941858 -0.5724501 0.203887 -0.8068202 -0.5777158 0.1236355 -0.8114947 -0.5757569 0.09990286 -0.8033607 -0.5934915 0.04878091 -0.8074935 -0.588505 -0.04020202 -0.8087548 -0.5807204 -0.09316504 -0.7869346 -0.6081656 -0.1042523 -0.9346875 -0.2981255 -0.1935987 -0.9302475 -0.2985754 0.2132897 -0.9440091 -0.2995648 0.1382313 -0.9407331 -0.3289443 0.08256506 -0.9491249 -0.3126494 0.03758287 -0.9524265 -0.3031989 -0.03089362 -0.9473006 -0.3093991 -0.08302944 -0.9462489 -0.3107363 -0.08975565 -0.9805385 3.83294e-4 -0.196327 -0.9741549 0.00379461 0.2258494 -0.9936171 3.85686e-4 0.1128058 -0.9963113 0.002555251 0.08577424 -0.9990326 -4.99671e-4 0.04397612 -0.9990723 0.01059401 -0.04174131 -0.9968994 -0.02292114 -0.07527601 -0.9954899 0.01070004 -0.09426248 -0.9350255 0.2972028 -0.1933856 -0.924675 0.3046238 0.2284309 -0.9444023 0.3102756 0.1087824 -0.9443538 0.3157963 0.09202623 -0.9436837 0.3266688 0.05242842 -0.9538891 0.2995413 -0.01925128 -0.9445049 0.3137826 -0.09721666 -0.9348442 0.3459477 -0.07991623 -0.7865487 0.5861043 -0.1944816 -0.7775306 0.5694978 0.2666805 -0.7932086 0.6004528 0.1013734 -0.7963901 0.5925995 0.1207837 -0.796845 0.6025822 0.04396635 -0.8051476 0.5922622 -0.03103131 -0.8046572 0.5884584 -0.07901751 -0.800044 0.5912821 -0.1015633 -0.5729245 0.7791345 -0.2543758 -0.5676245 0.7896042 0.2330833 -0.5689787 0.8124351 0.1273281 -0.5859353 0.8058714 0.08515292 -0.5876322 0.8074601 0.05193042 -0.5828295 0.8112257 -0.04714655 -0.5812882 0.8103039 -0.07424026 -0.6045777 0.7932487 -0.07240426 -0.2901929 0.9345263 -0.2060313 -0.2974203 0.9307367 0.2127689 -0.2927069 0.9518498 0.09113055 -0.2620823 0.9582542 0.1142885 -0.3202887 0.9466409 0.03586304 -0.2604901 0.9649203 -0.03276878 -0.2640084 0.9626534 -0.05998474 -0.2918295 0.9502536 -0.1088752 0.9989455 0.04210907 0.01829558 -0.7932509 0.5795996 0.1865943 0.5796002 0.7932505 0.1865943 0.7932509 -0.5795996 0.1865943 -0.5796002 -0.7932505 0.1865943 -2.15e-7 1.51583e-7 -1 0 -7.36027e-7 1 0 -1.99938e-7 -1 0.9610047 0.2174494 0.1708387 -0.9610047 -0.2174494 0.1708387 -1.37266e-6 0 1 -9.67267e-7 0 1 1.92698e-7 0 -1 0.2174497 -0.9610047 0.1708387 -0.2174497 0.9610047 0.1708387 -0.1972022 0.9674075 -0.1588526 -0.1399245 0.9889382 -0.0492171 -0.1997247 0.979781 0.01180386 0.1972022 -0.9674075 -0.1588526 0.1399245 -0.9889382 -0.0492171 0.1997247 -0.979781 0.01180386 -0.9674074 -0.1972023 -0.1588529 -0.9889382 -0.1399244 -0.04921692 -0.9797811 -0.199724 0.01180386 0.9674074 0.1972023 -0.1588529 0.9889382 0.1399244 -0.04921692 0.9797811 0.199724 0.01180386 -0.5563269 -0.813344 -0.1702121 -0.548334 -0.8340409 -0.06087452 -0.563861 -0.8243588 0.04993522 0.8133439 -0.5563268 -0.1702122 0.8340409 -0.548334 -0.06087458 0.8243588 -0.5638608 0.04993522 0.5563269 0.813344 -0.1702121 0.548334 0.8340409 -0.06087452 0.563861 0.8243588 0.04993522 -0.8133439 0.5563268 -0.1702122 -0.8340409 0.548334 -0.06087458 -0.8243588 0.5638608 0.04993522 0.9797811 -0.199724 0.01180386 0.9889382 -0.1399244 -0.04921692 0.9674074 -0.1972023 -0.1588529 -0.8243589 -0.5638607 0.04993522 -0.8340409 -0.548334 -0.06087458 -0.8133439 -0.5563268 -0.1702122 0 0 -1 -1.0295e-6 0 1 -0.7932509 -0.5795995 0.1865943 0.9610047 -0.2174493 0.1708386 -0.9797811 0.199724 0.01180386 -0.9889382 0.1399244 -0.04921692 -0.9674074 0.1972023 -0.1588529 0.8243589 0.5638607 0.04993522 0.8340409 0.548334 -0.06087458 0.8133439 0.5563268 -0.1702122 1.81363e-7 0 -1 0.7932509 0.5795995 0.1865943 -2.09625e-7 -1.51583e-7 -1 3.43999e-7 0 1 -0.9610047 0.2174493 0.1708386 0 -1.90572e-7 -1 -2.10762e-7 6.45225e-7 1 0.1997246 0.979781 0.01180386 0.1399245 0.9889382 -0.04921698 0.1972022 0.9674075 -0.1588526 0.563861 -0.8243587 0.04993522 0.548334 -0.8340409 -0.06087452 0.5563269 -0.813344 -0.1702122 0.5796 -0.7932506 0.1865943 0 0 -1 0 1.90572e-7 -1 0.2174496 0.9610046 0.1708388 4.21525e-7 0 1 0 -2.07459e-7 -1 2.00883e-7 0 -1 -0.1997246 -0.979781 0.01180386 -0.1399245 -0.9889382 -0.04921698 -0.1972022 -0.9674075 -0.1588526 -0.563861 0.8243587 0.04993522 -0.548334 0.8340409 -0.06087452 -0.5563269 0.813344 -0.1702122 -0.5796 0.7932506 0.1865943 0 2.07459e-7 -1 2.10762e-7 0 -1 0 -6.26236e-7 1 8.43049e-7 0 1 -0.2174496 -0.9610046 0.1708388 -0.9986158 0.04971218 -0.01718765 1.05478e-6 -0.9793963 0.2019478 -0.9986988 0.05042463 0.007624804 -0.9994455 -0.03231829 -0.008022367 0 0.1117276 0.993739 0.9987809 0.04369086 -0.02297437 -0.6647318 0.7469078 -0.01614427 -0.7685001 0.6395645 -0.01910132 -0.999719 -0.02087831 -0.0112344 -0.2558475 -0.9666142 0.01411175 -0.6269465 0.7788206 0.01940864 -0.7973116 0.6032167 0.02059084 -0.9992849 -0.02768236 -0.02575743 5.64067e-7 0.1449475 -0.9894394 0.9670978 -0.254069 0.01307839 -0.9977209 0.0674597 -0.00151652 -0.9976211 0.06795293 -0.01160621 -0.9983052 0.05765813 -0.007907032 -0.9994532 0.03289425 0.003396034 -0.9990371 0.04222941 0.01190215 -0.03127771 -0.9774928 -0.208638 0.01788455 -0.9882093 -0.1520615 -0.01710283 -0.9967267 -0.07901555 -0.03916817 -0.9973902 -0.06065225 0.02856671 -0.9969168 0.07308185 -0.007676601 -0.9977259 0.06696403 -0.02324998 -0.9916598 0.1267682 0.9994378 0.02963328 -0.01568931 0.9995668 0.02829533 -0.008112132 0.9992754 0.03698378 0.008995056 0.9976443 0.06859356 9.31407e-4 0.9976941 0.06786274 -0.001146852 0.998723 0.04980421 0.008488595 -0.9984497 0.05347043 0.01546365 -0.9255851 0.378539 7.80413e-4 -0.3029694 -0.931726 0.2002403 -0.9443727 0.3287277 0.009916067 0.04162764 0.9991325 -0.001184046 0.04262197 0.1310705 0.9904564 0.9649536 -0.2616072 -0.02064436 -0.6917746 0.7220224 -0.01147288 -3.68986e-4 -0.1407561 0.9900442 -0.790398 0.6125381 -0.008260369 -0.2091252 0.9778683 0.006340622 0.07643413 0.9970707 0.002812266 -0.6411914 0.7673785 0.001966655 -0.4011424 -0.9159139 0.01365947 0.04513472 0.1387943 -0.9892922 0.8441714 -0.535787 0.01752299 -0.9214532 0.3874432 -0.02849429 -0.9411166 0.3380796 0.001344978 -0.922626 0.3856914 -0.001875698 -0.933047 0.3596105 -0.01018589 -0.932285 0.3613135 0.01724469 -0.3177614 -0.9231798 -0.2162564 -0.267927 -0.9556155 -0.1225317 -0.3164805 -0.938879 -0.1354489 -0.3310396 -0.9421131 -0.05325311 -0.2931255 -0.9556958 0.02689331 -0.3252177 -0.9377567 0.1218443 -0.3043419 -0.9460633 0.1110869 0.9642172 -0.2643855 -0.01963418 0.954432 -0.2983872 -0.004987359 0.9661919 -0.2578125 -0.002461373 0.9658995 -0.2587821 0.008373975 0.9712933 -0.2377101 0.009124457 0.9661988 -0.257786 0.002552688 -0.9388145 0.343955 0.01795583 -0.7780284 0.6279755 -0.01785498 -0.5792528 -0.7971338 0.1704231 -4.39669e-4 -0.1681302 -0.9857647 0.08136463 0.1119821 0.9903736 0.8335306 -0.5519176 -0.02477782 0.04742693 0.9988538 0.006464779 -0.6391082 0.7691152 0.001582324 0.2123556 0.977102 0.0132988 0.1259766 0.9917433 -0.02398717 -0.5826895 0.8119096 -0.0357176 -0.9397531 -0.3414242 0.01713716 0.2697501 0.9629301 7.07532e-4 0.08818626 0.1213728 -0.9886819 0.614629 -0.78859 0.01889747 -0.7533595 0.6575443 -0.009223282 -0.7546077 0.6561759 -7.10387e-4 -0.7788639 0.6270846 0.01166659 -0.5520935 -0.8028488 -0.225004 -0.5869613 -0.8008809 -0.1186012 -0.5745716 -0.8101903 -0.1160145 -0.5722443 -0.8182847 -0.05428367 -0.5827578 -0.8109434 0.05257534 -0.5917267 -0.8034482 0.06580781 -0.5829322 -0.8010278 0.1361783 0.8113165 -0.5845701 -0.006591975 0.8290346 -0.5590737 -0.01176601 0.823086 -0.5678144 -0.01079249 0.8228716 -0.5682235 -0.002072691 0.8524634 -0.5225585 0.01545834 0.8383532 -0.5450892 0.006460487 -0.7880427 0.6144734 0.03756606 -0.528424 0.8486274 -0.02448838 -0.786334 -0.5698755 0.2385811 -0.5950976 0.8036192 -0.007422089 -0.03302162 0.9982802 0.04843866 0.1049795 0.07607287 0.9915606 0.6080836 -0.7930699 -0.03570109 -0.6236564 0.7816833 -0.004912078 0.8412675 0.5405924 -0.005374372 0.3022035 0.9528367 0.02784597 0.003947138 0.9999923 1.52205e-4 -0.1063441 -0.07665407 0.9913703 0.6060773 0.7953895 -0.005086243 0.8330627 0.5529547 -0.01574379 0.1247815 0.09042555 -0.9880551 0.328976 -0.9440483 0.02340167 -0.513945 0.857806 0.005412578 -0.5136927 0.8579451 -0.007078051 -0.5430073 0.839687 -0.008303642 -0.5741422 0.8187475 0.003667473 -0.5269975 0.8497928 0.01121646 -0.7922773 -0.5591984 -0.2441191 -0.8188712 -0.5593653 -0.1286877 -0.8080759 -0.5821031 -0.09038442 -0.802601 -0.5946502 -0.04714536 -0.7976266 -0.6022744 0.03251618 -0.8218277 -0.5631633 0.08629339 -0.7655293 -0.630833 0.1265479 0.6083937 -0.7935965 -0.007849395 0.6398937 -0.7683228 0.01470577 0.6543771 -0.755496 -0.03188318 0.6059038 -0.7952423 0.02168715 0.6360644 -0.7713102 0.02242493 0.5608528 -0.8279148 0.001176297 -0.5759252 0.8163769 0.04288566 -0.928366 -0.3005632 0.2186288 -0.2509137 0.967903 0.01436465 0.1983239 0.9801287 0.003957927 0.1249682 0.04046475 0.9913353 0.3578552 -0.9335839 -0.01899737 -0.9723103 -0.2335361 0.008580803 -0.1120763 -0.08077949 -0.9904108 0.8094549 0.5870423 -0.01281291 0.278328 0.9601698 -0.02464926 0.9370248 0.3491889 0.007193267 0.828267 0.5601212 0.01542717 0.2572759 0.9662876 -0.009868085 0.1443389 0.04673558 -0.9884241 0.0495848 -0.9972227 0.05557262 -0.2337361 0.9722048 -0.01361542 -0.2339519 0.9722101 -0.008609235 -0.3201516 0.9473196 -0.009407341 -0.2245604 0.9744356 0.006922364 -0.2248393 0.9743896 0.003519296 -0.9128985 -0.3515192 -0.2074867 -0.9366086 -0.3336561 -0.1069492 -0.9433559 -0.308965 -0.1209145 -0.9493231 -0.3107147 -0.04735124 -0.9536639 -0.2977204 0.04344785 -0.9465315 -0.3138096 0.07484525 -0.9425248 -0.3189766 0.09950411 0.3534851 -0.9350049 -0.02853691 0.3103559 -0.9505515 -0.01145309 0.3154463 -0.948825 -0.01499313 0.301939 -0.9529458 0.02696645 0.329239 -0.9442417 0.0030604 0.3292372 -0.9442363 0.004537999 -0.2426146 0.9700793 0.009181559 0.07142513 0.9967957 -0.0360139 -0.9694716 0.001291096 0.2452 -0.8570428 0.515229 0.004116415 0.1353298 -1.77544e-4 0.9908006 0.02289891 -0.9996681 -0.01181316 0.9408147 0.3388181 0.008369028 0.8481816 0.5295624 0.0123232 0.2664899 0.9636015 -0.02134114 0.9319579 -0.3620949 -0.01849216 0.9438827 0.3302711 0.002590119 0.8439617 0.5364035 -1.14334e-4 -0.128223 0.04223775 0.9908456 0.1547391 -2.03986e-4 -0.9879553 -0.97562 0.02764207 -0.2177194 -0.9928503 -0.01520305 -0.1183938 -0.9947335 0.0032745 -0.1024433 -0.9990846 -0.005802512 -0.0423845 -0.9994201 -5.35855e-4 0.0340504 -0.9962289 -0.02795106 0.08213853 -0.9921247 0.03118282 0.1213107 0.05378961 -0.9985099 -0.00920093 0.0574283 -0.9983156 -0.008250296 0.05952942 -0.9981782 -0.00982815 0.02706396 -0.9995559 0.01247477 0.01613324 -0.9996605 -0.02046012 0.007617235 -0.9999402 0.007861912 0.04952013 0.9981453 0.0354101 0.3408198 0.9397216 -0.02766293 -0.9222566 0.301194 0.2423328 0.3717474 0.928317 -0.005627214 0.9972935 -0.0720067 -0.01485562 0.1257085 -0.04105514 0.9912174 -0.2214717 -0.9751644 -0.002213656 0.9358915 -0.3522832 0.001920998 0.9437584 0.3305969 0.005093097 -0.1495541 0.0492714 -0.9875252 0.9255806 -0.3785254 -0.004350543 0.932849 0.3599755 -0.01450794 0.9369939 -0.3490973 0.0131756 0.9419114 0.3356356 -0.01232552 0.1399282 -0.04569965 -0.9891065 -0.5149756 -0.8571509 0.009623587 0.3550484 0.9348472 -0.00120002 0.371275 0.9284917 -0.007626712 0.3697851 0.9291074 0.004305005 0.3727616 0.9279249 0.00201416 0.3685058 0.929525 0.01366424 -0.9308792 0.2882988 -0.2243832 -0.9374058 0.3271961 -0.1192184 -0.9555475 0.2848433 -0.07611477 -0.9490246 0.3098909 -0.05761945 -0.9469597 0.3191274 0.03775066 -0.9415771 0.326368 0.08316487 -0.9391548 0.3294693 0.09715104 -0.2557117 -0.9666273 -0.01559603 -0.1892149 -0.9819264 -0.004281997 -0.2127628 -0.9770901 -0.005176186 -0.2514493 -0.9677587 0.01470863 -0.2832618 -0.9590283 -0.005260407 -0.2784376 -0.9603931 0.01084905 0.3527573 0.9355844 0.01563251 -0.7910248 0.5763505 0.2051826 0.6300137 0.7763192 0.02028596 -0.04234796 0.9990752 0.007455766 0.1064628 -0.07756173 0.991287 -0.5443601 -0.8378902 -0.04015296 0.9167019 -0.3994922 -0.007987201 0.9414094 0.3365482 -0.02199101 0.1771607 -0.9836755 0.0315684 0.9303681 -0.3661273 0.01913839 -0.04231327 0.1324247 0.9902895 0.6139215 -0.789004 -0.02394026 0.1067695 -0.07778209 -0.9912368 -0.7896 -0.6134997 0.01225316 0.6671655 0.7448838 -0.006197273 0.6406165 0.7677156 0.0149523 0.6390607 0.7686158 -0.02883219 0.6042582 0.7967663 0.005976676 0.6244541 0.7810615 -3.66388e-4 -0.8173543 0.5264767 -0.2339966 -0.791068 0.605391 -0.0878244 -0.7952397 0.5993044 -0.09180557 -0.8071056 0.5865769 -0.06714314 -0.7985005 0.6004106 0.04363411 -0.8181872 0.5672665 0.09369444 -0.8095762 0.5786715 0.09861987 -0.5641878 -0.8255246 0.01419097 -0.5464791 -0.8373319 -0.01536571 -0.5464136 -0.8374065 -0.01350885 -0.5774543 -0.816402 0.005873501 -0.5450466 -0.8381869 0.01915848 -0.5148566 -0.8572661 -0.004201769 0.6207417 0.7839388 0.01094949 0.8353976 0.5493265 -0.01874548 -0.575713 0.7965165 0.1847051 0.1991977 -0.9799083 -0.0100103 0.08762311 -0.1212378 0.9887485 -0.7611145 -0.6485693 0.007913649 -0.04559212 0.1426923 -0.9887165 0.2911919 -0.956419 -0.02168136 0.2443616 -0.9696243 0.01078426 0.7801635 0.6252517 0.0201323 -0.3060401 0.7388468 0.6003706 0.08802264 -0.1217918 -0.988645 -0.5854319 0.776531 -0.2329576 -0.5939727 0.7971522 -0.1083739 -0.6067255 0.7897626 -0.09032845 -0.5640693 0.822529 -0.07260799 -0.5698091 0.8211101 0.03310054 -0.5796374 0.8104069 0.08521378 -0.5800964 0.8067403 0.1125095 -0.7626423 -0.6463646 -0.02427947 -0.7626824 -0.6465356 -0.01752948 -0.7763782 -0.6299605 0.01966458 -0.7781937 -0.6280028 -0.005223333 -0.7865062 -0.6175768 0.002646505 -0.7853696 -0.6188457 0.01498913 0.843463 0.5369214 0.01690769 0.9646397 0.2627648 -0.02061718 -0.2994851 0.9290811 0.2170649 0.9716446 0.2355424 0.02065783 0.3318286 -0.9432948 -0.009203195 0.03999805 -0.1240779 0.991466 -0.9290763 -0.3698141 -0.007395863 -0.6071676 -0.7942108 -0.02401471 0.1935968 -0.9806177 0.03015756 -0.3555673 -0.9342573 -0.02711409 -0.6373112 -0.7705528 0.009110271 0.04463827 -0.1384687 -0.9893604 -0.9991899 -0.03569287 0.01859194 0.9630499 0.2682312 -0.02422899 0.9446783 0.3279677 -0.004491627 0.9666255 0.2561762 -0.00302267 0.9676436 0.2523063 0.002739131 0.9558176 0.293946 0.002899944 -0.2571737 0.9395557 -0.2260462 -0.25752 0.9616188 -0.09472453 -0.339434 0.9280734 -0.1531809 -0.308836 0.9502148 -0.04138016 -0.2921605 0.9544413 0.0606966 -0.2928773 0.9514762 0.09442502 -0.3640674 0.9204322 0.1423364 -0.9273216 -0.3742266 -0.005405306 -0.9347838 -0.3547003 -0.01915526 -0.9375041 -0.3479416 0.004762947 -0.9372426 -0.3486726 0.001950144 -0.9309586 -0.3650543 0.007183372 -0.9320518 -0.3623243 7.02229e-4 0.9676697 0.2516724 0.01662886 0.002551376 0.9770479 0.2130047 0.9984863 -0.05443966 0.007854163 -0.5882824 -0.8086432 0.004477739 -0.6399431 -0.7681057 -0.02205747 -0.6082539 -0.7928676 0.0372616 -0.9600986 0.2786011 0.0243383 0.9974627 -0.07051682 -0.009784281 0.9973679 -0.07157641 -0.01158189 0.9985467 -0.05384957 -0.002231419 0.9981232 -0.06121683 0.00164026 0.9984821 -0.05474954 0.006009459 -0.04599946 0.9788672 -0.1992564 0.01050591 0.9885759 -0.1503576 8.22924e-4 0.9950685 -0.09918773 0.008877098 0.9990884 -0.04175883 -0.03035044 0.9988925 0.03595417 -0.02473652 0.9938445 0.1079869 -0.006142795 0.9965568 0.08268493 -0.9996647 -0.02527332 -0.005652666 -0.9993829 -0.03488612 0.004113554 -0.9989868 -0.04440307 0.007324099 -0.9993536 -0.03436779 0.01055681 0.9987264 -0.04836976 0.01435136 0.9456087 -0.3236173 -0.0331062 0.3061211 0.9333032 0.1877098 -0.04269385 -0.1301527 0.9905743 -0.9721758 0.2340608 -0.009470462 -0.6368162 -0.7709099 0.01277166 -0.9728437 -0.2307573 -0.01806497 -0.04312437 -0.1314613 -0.9903829 0.2958876 0.929946 -0.2182912 0.3521935 0.9315604 -0.0903058 0.3053709 0.9432148 -0.1307463 0.3196017 0.9473991 -0.01701819 0.3137602 0.9493982 0.0140677 0.3360589 0.9364119 0.1009807 0.2911979 0.9531106 0.08236587 -0.9628586 0.2682051 -0.03113561 -0.9579434 0.286808 -0.009251296 -0.9626941 0.2705368 0.005485177 -0.9619144 0.2732981 -0.005366444 -0.9674542 0.2529386 0.007380485 -0.9519072 0.3063502 0.004732131 0.929374 -0.3687818 0.01624631 0.7782731 -0.6278234 -0.01135694 0.5773679 0.7903109 0.2050734 0.8004105 -0.5993977 0.008104085 -0.06889915 -0.09431999 0.993155 -0.8348032 0.5498091 -0.0285232 -0.1125439 -0.1540662 -0.98163 -0.6075076 0.7939781 0.02309048 0.7804233 -0.6249567 -0.01920151 0.7879918 -0.6156752 -0.003606855 0.8117083 -0.5837671 -0.0185973 0.814866 -0.5790677 0.0259611 0.7640405 -0.6451399 -0.006058037 0.5035847 0.8369531 -0.2142711 0.5863069 0.8003427 -0.125283 0.5884721 0.8001291 -0.1161648 0.5802752 0.8128154 -0.05110681 0.5928098 0.8045801 0.03503495 0.584806 0.8055109 0.09567856 0.5836856 0.8064205 0.09485363 -0.8258991 0.5638099 0.00301975 -0.8455829 0.533649 -0.01443696 -0.8367684 0.5475164 -0.006673574 -0.8349148 0.5503498 0.005698382 -0.8378396 0.5459119 0.002271056 -0.8332931 0.5523215 0.02374327 0.7905274 -0.6120633 0.02109915 0.7938383 0.5722451 0.2058066 0.52199 -0.8527089 0.0203489 -0.3510458 0.9358068 0.03213667 0.5404635 -0.8412846 0.01181221 0.5385708 -0.8425077 -0.01106065 0.543475 -0.8394194 -0.003196656 0.5894043 -0.8078196 -0.00549066 0.5223803 -0.8525304 0.01762968 0.7818937 0.5713108 -0.2494918 0.8166587 0.5675911 -0.1044464 0.8061 0.5819912 -0.1071875 0.813557 0.5783345 -0.06045109 0.8105379 0.582197 0.06383621 0.8260492 0.5594719 0.06807267 0.8029454 0.5827069 0.1254251 0.5267516 -0.8500112 0.003703057 0.2538979 -0.9660687 -0.04740583 0.9377903 0.3009697 0.1731086 -0.1258652 -0.04039502 0.9912246 -0.330819 0.9434897 -0.01964825 -0.1391811 -0.04467022 -0.9892589 0.9166177 0.3126248 -0.249154 0.9397454 0.3259651 -0.1030795 0.9498983 0.2925677 -0.1099887 0.947767 0.3137038 -0.05768704 0.9557574 0.2931049 0.02484774 0.9519873 0.2956024 0.07962 0.9493166 0.2913065 0.1180616 -0.3370292 0.9414343 -0.01062321 -0.3364396 0.9415828 -0.01517492 -0.3248906 0.9457008 0.009806811 -0.3971895 0.9177366 3.3298e-4 -0.3860039 0.9224804 -0.005563914 -0.3305745 0.9437636 -0.005552113 0.2596625 -0.9655519 0.01688373 -0.05238699 -0.9981 -0.03243613 0.9754958 -0.003796339 0.2199852 -0.007641494 -0.9998657 0.014499 -0.1335114 5.21227e-4 0.9910472 -0.03925418 0.9992256 0.002726554 -0.15618 6.10418e-4 -0.9877284 0.27385 0.9617516 0.006318986 0.009964644 -0.9999165 -0.008241236 -0.02228754 -0.9997144 -0.008638322 -0.1515426 -0.9883764 0.0121206 -0.05265092 -0.998502 -0.01489603 -0.1117117 -0.9936867 0.0103659 0.9759182 -0.02040159 -0.2171812 0.9932367 -0.03673511 -0.1101436 0.992192 -0.03139954 -0.1207026 0.9988121 -0.01578336 -0.04610043 0.9989606 -0.01209616 0.04394912 0.9953021 -0.01611083 0.09546864 0.9934325 0.01938825 0.112765 -0.05236792 0.998564 -0.01129305 -0.02359843 0.9990591 -0.03638786 0.08078962 0.996445 -0.02388435 0.1036823 0.9938781 0.03816229 -0.02428543 0.9996549 0.01001524 -0.1403965 0.9900748 0.00639677 -0.04906839 -0.9986392 0.01766604 0.9305924 -0.3065499 0.2000622 -0.4012888 -0.9159175 0.007909119 0.5546732 0.8318249 0.02012485 -0.3238586 -0.9461036 -0.001923799 -0.4005331 -0.9162631 0.005947351 -0.4003057 -0.9162559 -0.01518213 -0.4186619 -0.9081365 0.003234326 -0.3769974 -0.9261655 0.009511828 0.9267135 -0.2937464 -0.23434 0.9456295 -0.3037025 -0.1164026 0.9417732 -0.3173314 -0.1111931 0.9462887 -0.3205801 -0.04202699 0.9507936 -0.308473 0.02891731 0.9437713 -0.3200297 0.08292579 0.9461042 -0.3070421 0.1030151 -0.6421597 -0.766386 -0.01683855 0.7912738 -0.5796121 0.1947712 -0.1091147 0.07992088 0.9908112 0.5621984 0.8254199 -0.05113846 -0.3060403 -0.7388468 0.6003706 -0.1338476 0.09803575 -0.9861409 0.773923 -0.5863645 -0.239207 0.8061001 -0.5824711 -0.1045473 0.7933682 -0.5972054 -0.1179521 0.8010283 -0.5970126 -0.04393064 0.8169482 -0.5763772 0.01962441 0.799952 -0.5901989 0.1083604 0.7903438 -0.6013842 0.1170209 0.5819943 0.8131555 0.007793247 0.5181662 0.8551207 -0.01650965 0.5796031 0.8148538 0.008587837 0.5593876 0.8288682 -0.007934689 0.543238 0.8394619 0.01400834 0.559116 0.8290847 0.002825021 -0.6298874 -0.7765933 0.01203805 -0.8407548 -0.5407733 -0.02637779 0.5662691 -0.787657 0.2427671 -0.8118027 -0.5839269 0.002413451 -0.09903442 0.137768 0.9855011 0.7878895 0.6158133 0.00201404 -0.09246504 0.1286324 -0.9873723 0.932316 0.3611301 0.01928716 -0.8450208 -0.5347189 -0.003964006 -0.8587955 -0.5122947 -0.004970252 -0.838891 -0.5442125 -0.009734511 -0.8351425 -0.5499603 0.008988082 -0.8151251 -0.579229 0.008057773 0.5901178 -0.7759909 -0.2227087 0.613296 -0.7797126 -0.1261604 0.5825827 -0.806535 -0.1004929 0.5914652 -0.8046393 -0.05219841 0.5753207 -0.8153766 0.06455206 0.5725582 -0.8169257 0.06935119 0.5493927 -0.8304411 0.0923857 0.7517113 0.6590701 -0.02360141 0.7831166 0.6217771 -0.01102733 0.7846075 0.6199924 -8.11022e-4 0.7773814 0.628997 -0.00641179 0.8038535 0.5945461 0.01828742 0.7936099 0.6083018 0.01234722 -0.8383083 -0.5436093 0.04156988 0.2926275 -0.9158163 0.2750449 -0.9725161 -0.2326047 0.01037639 -0.9725021 -0.2328938 -5.309e-4 -0.9601294 -0.2778573 -0.03077167 -0.9758966 -0.2174628 0.01832312 -0.9751858 -0.2213883 -1.98787e-4 -0.9632824 -0.2683565 -0.008490085 0.3180689 -0.9209485 -0.2251356 0.2955144 -0.9482899 -0.1158339 0.3198375 -0.944571 -0.0740925 0.2991257 -0.9511778 -0.07605773 0.2893724 -0.9567282 0.03057479 0.2846896 -0.9520658 0.1119047 0.3455004 -0.9364662 0.06050372 0.6339515 0.2625912 -0.727428 0 0.708851 0.7053583 0.501235 0.5012348 0.7053561 -0.708851 0 0.7053582 -0.002356529 0.006738424 -0.9999746 -0.001980006 -0.999998 0 0.9455044 -0.3256097 0 -0.01145786 -0.9831041 -0.1826882 -0.9455045 -0.3256093 0 -0.01311302 0.9999141 0 -0.002845466 -9.79824e-4 -0.9999955 -0.002400815 8.27114e-4 0.9999968 0.002353429 0.00383234 0.9999899 0.002287685 0.9997167 0.02369254 0.8198226 -0.5726177 0 -0.002723634 -0.9999963 0 -0.8198226 -0.5726177 0 -0.01718389 0.9998524 0 -0.003495633 -0.002441525 -0.999991 -0.00317198 0.002214848 0.9999926 0.5874214 -0.8092814 0 0.0138995 -0.9999035 0 -0.5874212 -0.8092815 0 -0.01173794 0.9999311 0 -0.002176165 -0.00299704 -0.9999932 -0.00217539 0.002996683 0.9999932 -0.0106129 0.9990546 0.04215955 0.01386749 0.9999039 0 0.9455044 0.3256097 0 0.007860541 0.9999692 0 -0.9455045 0.3256093 0 -0.01772946 -0.9998429 0 0.002592623 -8.92574e-4 -0.9999963 -0.0019477 -6.70802e-4 0.999998 -3.5113e-4 0.004624128 0.9999893 -0.006146609 0.9994537 0.03247565 0.01394623 0.9932617 0.115051 0.8198226 0.5726177 0 -3.28214e-5 1 0 -0.8198226 0.5726177 0 0.01265734 -0.99992 0 -0.002769827 0.001933872 -0.9999944 0.002288281 0.001597344 0.9999961 0.5874214 0.8092814 0 0.02102702 0.999779 0 -0.5874212 0.8092815 0 -0.01098829 -0.9999396 0 4.55847e-4 -6.28882e-4 -0.9999998 -0.002034604 -0.002803325 0.9999941 0.002643048 0.004624128 0.9999859 -0.00481373 0.003124117 0.9999836 1.42859e-4 0.00383234 0.9999927 0.01273864 -0.9905365 -0.1366571 7.36422e-4 -0.9687005 -0.2482313 -0.02481061 -0.9684026 -0.2481549 0.01487493 -0.9998823 0.003771483 -5.59597e-4 0 -0.9999999 -0.00231719 -0.001539409 -0.9999961 5.9556e-4 -0.002794802 -0.999996 0.00454235 0.006738364 -0.999967 -9.26264e-4 3.18954e-4 0.9999996 0.002323567 0.003040134 0.9999927 -0.001302242 0.004852294 0.9999874 0.001850485 -2.84718e-4 0.9999983 -0.003251791 -0.00112015 -0.9999942 0.00285542 -0.007705092 -0.9999663 2.80643e-4 0.001870036 -0.9999983 -0.002462327 -0.007193863 -0.9999711 -0.004864633 -0.98615 -0.1657844 -0.01283454 -0.9981994 0.05859571 -0.007323801 -0.9997948 -0.0188921 0.01517546 -0.9978482 -0.06378531 0.01148837 0.9864988 0.1633652 -0.009922623 0.9972108 0.07397419 0.01799738 0.9997505 0.01323765 0.005535006 0.9858861 0.1673259 -0.002905547 0.00202924 0.9999938 0.00109899 0.003714978 0.9999925 -1.87073e-4 0.005731701 0.9999836 -2.94369e-4 0.00397247 0.9999921 0.003292679 0.002299904 -0.999992 -0.00328803 0.005262374 -0.9999808 0.002938807 0.007956922 -0.9999641 -2.25397e-4 2.9745e-4 -1 -0.01609981 -0.9998535 -0.005818426 -0.001217305 -0.998712 0.05072599 -0.001036882 -0.9960799 -0.08845221 -0.01841479 -0.9989081 0.04293841 -0.003700613 0.999445 -0.03310495 0.01557445 0.991087 0.1323026 0.02249282 0.9823238 -0.185834 0.03564554 0.9930166 0.1124621 -0.00168842 0.002326846 0.9999959 0.001549303 0.004620552 0.9999881 0.002183079 -0.005001544 0.9999852 0.002922475 0.004025399 -0.9999877 -0.00598365 -0.002863407 -0.999978 0.002464354 -0.001245856 -0.9999963 -0.009177267 -0.995314 -0.09625995 0.01364707 -0.990289 -0.1383527 -0.03024607 -0.9754992 0.2179144 0.02376061 0.9997054 -0.004954755 -0.04670083 0.998766 0.01690196 0.0162943 0.9980483 0.0602855 -0.002142906 0.0046404 0.999987 0.001493215 -8.11799e-4 0.9999986 -0.001255929 7.19447e-4 0.9999991 0.003753721 -9.72905e-4 0.9999926 0.002501487 0.005510628 -0.9999818 -6.13651e-4 0.006560742 -0.9999783 2.74736e-4 -0.00173372 -0.9999985 0.004764735 -0.006484329 -0.9999676 0.006853878 0.9999765 0 -0.01309323 0.9876613 -0.1560574 -7.54503e-4 0.9844805 -0.1754929 0.01971507 0.9842895 -0.1754583 -0.01497286 -0.999888 0 0.02577662 -0.9996671 -0.001224577 -0.006575345 -0.9835931 -0.1802819 0.007753312 -0.9831393 -0.1826939 -4.99552e-4 -0.001094162 0.9999993 -0.003610789 0.00690937 0.9999696 -0.002295851 -3.26677e-5 0.9999974 0.003676652 -9.81762e-4 0.9999929 0.001951456 -0.001380324 -0.9999972 -0.004497766 -0.00692743 -0.9999659 -0.001385867 -0.007045865 -0.9999743 0.001878499 -0.00172162 -0.9999968 -0.005588352 0.9999844 0 0.01533937 0.9891104 0.1463741 -0.01279282 0.9891462 0.1463774 0.02057892 0.9752872 0.2199806 -0.01844757 -0.9998299 0 0.02013462 -0.994845 -0.09938776 0.01931214 -0.9625427 -0.2704417 -0.01880103 -0.9625527 -0.270442 0.002591788 -0.004196703 0.9999879 0.001918971 -0.004758 0.9999868 0.00288397 -3.16724e-4 0.9999958 0.001674115 0.003001272 -0.9999941 -1.92773e-5 -0.003321945 -0.9999945 -9.72981e-4 -0.002977311 -0.9999952 -0.0144791 0.9997155 -0.01895803 0.01038658 0.9997664 -0.01895904 0.01588469 0.9997731 0.01419401 -0.01035529 -0.9999465 0 -0.01397603 -0.9960817 0.08732783 0.01039206 -0.9958647 0.09025233 -0.002355575 0.006739437 -0.9999746 -0.001980006 -0.999998 0 0.9455039 -0.3256109 0 -0.01145774 -0.9831042 -0.1826882 -0.9455039 -0.3256109 0 -0.0131132 0.9999141 0 -0.002845644 -9.79988e-4 -0.9999955 -0.002401471 8.27032e-4 0.9999968 0.002354264 0.003831982 0.9999899 0.002287626 0.9997168 0.02369242 0.8198211 -0.5726199 0 -0.002723634 -0.9999963 0 -0.8198211 -0.5726199 0 -0.01718378 0.9998524 0 -0.003495693 -0.002441644 -0.999991 -0.003171026 0.002214848 0.9999926 0.5874192 -0.8092828 0 0.01389938 -0.9999035 0 -0.587419 -0.809283 0 -0.01173794 0.9999312 0 -0.002175867 -0.002997756 -0.9999932 -0.002175033 0.002996563 0.9999932 -0.01061266 0.9990546 0.04215949 0.01386737 0.9999039 0 0.9455039 0.325611 0 0.007860541 0.9999692 0 -0.9455039 0.325611 0 -0.01772934 -0.9998428 0 0.00259149 -8.92472e-4 -0.9999963 -0.001947283 -6.70603e-4 0.999998 -3.51785e-4 0.004623651 0.9999893 -0.006146609 0.9994537 0.0324757 0.01394641 0.9932617 0.1150513 0.8198211 0.5726199 0 -3.28213e-5 1 0 -0.8198211 0.5726199 0 0.0126571 -0.99992 0 -0.002769529 0.001934409 -0.9999944 0.002287268 0.001597583 0.9999961 0.5874192 0.8092828 0 0.02102714 0.9997789 0 -0.587419 0.809283 0 -0.01098829 -0.9999396 0 4.56157e-4 -6.28392e-4 -0.9999998 -0.002033948 -0.002802252 0.9999941 0.00264126 0.004623651 0.9999859 -0.00481522 0.003124833 0.9999836 1.42295e-4 0.003831982 0.9999927 0.01273858 -0.9905365 -0.1366576 7.36225e-4 -0.9687006 -0.2482311 -0.02481061 -0.9684026 -0.2481548 0.01487475 -0.9998824 0.003771424 -5.60811e-4 0 -0.9999999 -0.002316296 -0.001540601 -0.9999961 5.94187e-4 -0.0027951 -0.999996 0.00454396 0.006739377 -0.999967 -9.26115e-4 3.18928e-4 0.9999996 0.002322494 0.003040134 0.9999927 -0.001304268 0.00485146 0.9999874 0.001848816 -2.8407e-4 0.9999983 -0.003252267 -0.001119971 -0.9999942 0.002856135 -0.007704496 -0.9999663 2.79477e-4 0.001871407 -0.9999983 -0.002462685 -0.007193386 -0.9999711 -0.004864811 -0.98615 -0.1657848 -0.01283466 -0.9981994 0.05859577 -0.007323741 -0.9997948 -0.01889199 0.01517546 -0.9978483 -0.06378501 0.01148861 0.9864988 0.1633656 -0.009922683 0.9972108 0.07397413 0.01799738 0.9997505 0.01323765 0.005535185 0.985886 0.1673267 -0.002905726 0.002029538 0.9999938 0.001098453 0.003715336 0.9999925 -1.86813e-4 0.005732715 0.9999836 -2.90984e-4 0.00397247 0.9999921 0.00329262 0.002299785 -0.999992 -0.003289282 0.005263268 -0.9999808 0.002941608 0.00795716 -0.9999641 -2.2401e-4 2.98301e-4 -1 -0.01609975 -0.9998535 -0.005818426 -0.001217305 -0.9987119 0.05072581 -0.001036942 -0.99608 -0.08845168 -0.01841503 -0.9989081 0.04293853 -0.003700613 0.999445 -0.03310513 0.01557409 0.9910871 0.1323025 0.0224927 0.9823237 -0.1858337 0.03564554 0.9930165 0.1124623 -0.001689136 0.002327144 0.9999959 0.001549541 0.004619538 0.9999881 0.002182602 -0.005001187 0.9999852 0.00292176 0.00402528 -0.9999877 -0.005984544 -0.002863705 -0.999978 0.002466559 -0.001245856 -0.9999963 -0.009177327 -0.995314 -0.09625983 0.01364701 -0.990289 -0.1383526 -0.03024619 -0.9754992 0.217914 0.02376055 0.9997055 -0.004954755 -0.04670089 0.9987659 0.01690202 0.01629406 0.9980483 0.06028515 -0.002143085 0.004639804 0.999987 0.001494646 -8.10875e-4 0.9999986 -0.00125581 7.1941e-4 0.9999991 0.003753781 -9.73098e-4 0.9999926 0.002500832 0.005510866 -0.9999818 -6.13356e-4 0.006559967 -0.9999783 2.7405e-4 -0.001733243 -0.9999985 0.004765391 -0.006484985 -0.9999676 0.006853759 0.9999766 0 -0.01309341 0.9876612 -0.1560582 -7.54504e-4 0.9844806 -0.1754921 0.01971524 0.9842896 -0.1754574 -0.01497286 -0.999888 0 0.02577692 -0.999667 -0.001224577 -0.006575524 -0.9835932 -0.1802814 0.007753491 -0.9831393 -0.1826939 -4.99534e-4 -0.00109452 0.9999993 -0.00361061 0.006909489 0.9999696 -0.002295374 -3.23503e-5 0.9999974 0.003674745 -9.80919e-4 0.9999929 0.001951098 -0.001379728 -0.9999972 -0.004498541 -0.006927669 -0.9999659 -0.001385986 -0.00704509 -0.9999743 0.001877367 -0.001721858 -0.9999968 -0.005588293 0.9999845 0 0.01533943 0.9891103 0.1463751 -0.012793 0.9891459 0.1463785 0.02057933 0.9752868 0.2199822 -0.01844727 -0.99983 0 0.02013444 -0.994845 -0.09938812 0.01931214 -0.9625425 -0.2704425 -0.01880103 -0.9625525 -0.2704428 0.002592384 -0.004196643 0.9999879 0.001920163 -0.004757761 0.9999868 0.002883851 -3.16354e-4 0.9999958 0.001675426 0.00300157 -0.9999941 -2.1687e-5 -0.003322541 -0.9999945 -9.7172e-4 -0.002977728 -0.9999952 -0.01447916 0.9997155 -0.01895803 0.01038658 0.9997664 -0.01895898 0.01588463 0.9997732 0.01419407 -0.01035529 -0.9999464 0 -0.01397633 -0.9960817 0.08732753 0.01039212 -0.9958648 0.0902521 0 0.9861077 -0.1661075 0.008122622 0.9784436 0.2063545 0.04147469 0.9920629 0.1187061 0.03008615 0.9947164 0.09815454 -0.06254047 0.9957922 0.06698268 -0.0246697 0.9975823 -0.06496977 0.02340531 0.998519 -0.04911184 0.01058709 0.988471 -0.1510395 0.3020663 0.92887 -0.2143747 0.2961092 0.9311104 0.212962 0.3587903 0.930307 0.07614749 0.3042221 0.9484253 0.08909744 0.3028067 0.9510887 0.06114429 0.2943559 0.9546465 -0.04477316 0.2611989 0.9632063 -0.06331509 0.2938907 0.9491538 -0.1128514 0.5727497 0.7882525 -0.2249795 0.5830951 0.7840314 0.2128259 0.6016803 0.7927526 0.09759163 0.5856108 0.8028587 0.1117048 0.5774216 0.8136724 0.06724363 0.6090369 0.7910146 -0.05805099 0.5729482 0.8150988 -0.08570003 0.5699687 0.815207 -0.1028275 0.7927953 0.5745117 -0.2034995 0.8269578 0.5255164 0.1999337 0.8010592 0.5814248 0.142301 0.7944202 0.6010715 0.087233 0.815857 0.5753776 0.05760186 0.8130749 0.5805472 -0.04329329 0.7871723 0.613169 -0.06620872 0.8192443 0.5559343 -0.1406266 0.9315905 0.3016318 -0.2028732 0.9242575 0.3167479 0.2131174 0.9531413 0.282231 0.1089375 0.9456254 0.3107723 0.09598511 0.9554979 0.290493 0.05135786 0.9503137 0.3096422 -0.03202688 0.9484958 0.3063488 -0.08066189 0.951851 0.2935642 -0.08831614 0.980097 -0.001309633 -0.1985151 0.9774951 -0.05537879 0.2035595 0.9917766 -0.003948032 0.1279208 0.9952442 -0.002200305 0.09738665 0.9990643 -0.002004802 0.04320579 0.9994509 -0.0138306 -0.0301091 0.9961032 -0.003313302 -0.08813303 0.9952521 -0.001937508 -0.09731173 0.9323004 -0.3045003 -0.1951807 0.94403 -0.2642019 0.1974964 0.9350965 -0.3274738 0.1354824 0.9550264 -0.2871652 0.07389712 0.9526729 -0.2988899 0.05549037 0.9453796 -0.3250864 -0.02401012 0.9409515 -0.3246334 -0.09603959 0.946396 -0.307909 -0.09760493 0.7919934 -0.5770094 -0.1995162 0.8296084 -0.5318991 0.1698036 0.8125936 -0.5685865 0.1280677 0.7811263 -0.6135374 0.1158176 0.8094985 -0.5839324 0.06111776 0.8075599 -0.5890439 -0.02957212 0.8119899 -0.5798907 -0.06632685 0.8065341 -0.5813503 -0.1073994 0.5694988 -0.787983 -0.2339958 0.577012 -0.7879229 0.2150228 0.5700591 -0.8134973 0.1151303 0.6044366 -0.7930332 0.07586139 0.5810306 -0.8105538 0.07352697 0.5793455 -0.8140743 -0.04052263 0.5818021 -0.8073739 -0.09825366 0.5615571 -0.8225191 -0.0900892 0.3004822 -0.9320983 -0.2022455 0.3039054 -0.9296228 0.2084298 0.3472089 -0.9308996 0.1134549 0.3282425 -0.9412497 0.07940882 0.3221485 -0.9450103 0.0563566 0.3116154 -0.9491835 -0.04412263 0.3316898 -0.9413852 -0.06144762 0.2799298 -0.9498934 -0.1390753 -0.002558171 -0.9784976 -0.2062422 -0.04988253 -0.97312 0.2248316 -0.01801782 -0.9942389 0.105662 -0.02224773 -0.9940032 0.107065 -0.002215981 -0.9994336 0.03357881 -0.03810262 -0.9985975 -0.03676062 -0.0237928 -0.9976401 -0.06440651 -0.009758651 -0.9945469 -0.1038329 -0.3042839 -0.9276297 -0.2165979 -0.2210655 -0.9609172 0.1666377 -0.3212363 -0.9346022 0.1527286 -0.3071474 -0.9476065 0.0877642 -0.3088759 -0.9502246 0.04085308 -0.3337115 -0.9416252 -0.04448306 -0.295489 -0.9530467 -0.06624484 -0.3362731 -0.9386813 -0.07614499 -0.5789173 -0.7924975 -0.1918399 -0.5692327 -0.7743815 0.276238 -0.5589852 -0.8238556 0.09379476 -0.5814718 -0.8082314 0.09302014 -0.6061047 -0.7951318 0.02006626 -0.5853538 -0.8098527 -0.03872638 -0.594139 -0.8007951 -0.0756703 -0.5575384 -0.82491 -0.09313678 -0.7931342 -0.5716894 -0.2100231 -0.7892576 -0.5820978 0.1955371 -0.8100047 -0.5721468 0.1286097 -0.7983812 -0.5962932 0.08379656 -0.8008803 -0.597123 0.04510962 -0.8125081 -0.5819502 -0.03412634 -0.7927464 -0.6053645 -0.07132357 -0.8173472 -0.571524 -0.07282823 -0.9343962 -0.2999071 -0.1922488 -0.9330559 -0.292998 0.2087076 -0.9365552 -0.3307768 0.1159794 -0.9451085 -0.3132954 0.09282314 -0.9507344 -0.3072001 0.04162204 -0.9505069 -0.3087423 -0.03485637 -0.9470514 -0.3103322 -0.08238774 -0.9488936 -0.2997119 -0.09886276 -0.9810546 0.003821313 -0.1936939 -0.9741188 0.003588378 0.2260081 -0.9935355 0.001460492 0.1135131 -0.9964371 7.49766e-5 0.08433985 -0.9985333 0.01107603 0.05299878 -0.9995965 -0.008747696 -0.02702492 -0.99466 0.01124608 -0.1025925 -0.9948386 4.32753e-4 -0.1014693 -0.9303262 0.3064848 -0.2013958 -0.9254583 0.3032041 0.2271442 -0.9430013 0.3157435 0.1051404 -0.9425648 0.3201903 0.09513151 -0.9519077 0.3043741 0.03504633 -0.9476893 0.3176485 -0.03137612 -0.935612 0.3452977 -0.07348334 -0.9456092 0.3081241 -0.1043208 -0.7902576 0.578818 -0.2011534 -0.759056 0.6123091 0.2211599 -0.798954 0.5915824 0.1081804 -0.7866971 0.6087448 0.1026526 -0.8024835 0.5944728 0.05120915 -0.8111881 0.5835 -0.03875535 -0.8025099 0.5917373 -0.07632231 -0.8011633 0.5895097 -0.1030336 -0.5660561 0.7874239 -0.2440169 -0.5598815 0.7973329 0.2253736 -0.5858327 0.8026694 0.1119021 -0.5882769 0.8043518 0.08335816 -0.5927779 0.803952 0.0477041 -0.5887981 0.8064095 -0.05496007 -0.6061684 0.7891038 -0.09937429 -0.6005936 0.7959967 -0.07534247 -0.29826 0.9333587 -0.1997061 -0.2879547 0.9320709 0.2198317 -0.2619264 0.9588522 0.1095319 -0.2967503 0.9438627 0.14513 -0.2601212 0.9655279 -0.009635627 -0.2597264 0.9651064 -0.03334611 -0.2976269 0.9538903 -0.03887975 -0.2877884 0.9511362 -0.1118824 0.9987629 0.0475676 0.01449686</float_array>
          <technique_common>
            <accessor source="#Cube_229-mesh-normals-array" count="2180" stride="3">
              <param name="X" type="float"/>
              <param name="Y" type="float"/>
              <param name="Z" type="float"/>
            </accessor>
          </technique_common>
        </source>
        <source id="Cube_229-mesh-map-0">
          <float_array id="Cube_229-mesh-map-0-array" count="13536">0.625 0.1875 0.5625 0.25 0.5625 0.1875 0.625 0.4375 0.5625 0.5 0.5625 0.4375 0.625 0.6875 0.5625 0.75 0.5625 0.6875 0.625 0.9375 0.5625 1 0.5625 0.9375 0.3125 0.6875 0.375 0.75 0.3125 0.75 0.8125 0.6875 0.875 0.75 0.8125 0.75 0.875 0.5625 0.8125 0.625 0.8125 0.5625 0.375 0.5625 0.3125 0.625 0.3125 0.5625 0.5625 0.5625 0.625 0.625 0.5625 0.625 0.5625 0.0625 0.625 0.125 0.5625 0.125 0.1875 0.5625 0.25 0.625 0.1875 0.625 0.6875 0.5625 0.75 0.625 0.6875 0.625 0.75 0.6875 0.6875 0.75 0.6875 0.6875 0.25 0.6875 0.1875 0.75 0.1875 0.6875 0.5625 0.8125 0.625 0.875 0.5625 0.875 0.5625 0.3125 0.625 0.375 0.5625 0.375 0.4375 0.3125 0.375 0.375 0.375 0.3125 0.4375 0.3125 0.5 0.375 0.4375 0.375 0.5625 0.3125 0.5 0.375 0.5 0.3125 0.4375 0.8125 0.375 0.875 0.375 0.8125 0.4375 0.8125 0.5 0.875 0.4375 0.875 0.5625 0.8125 0.5 0.875 0.5 0.8125 0.4375 0.0625 0.375 0.125 0.375 0.0625 0.4375 0.0625 0.5 0.125 0.4375 0.125 0.5625 0.0625 0.5 0.125 0.5 0.0625 0.4375 0.5625 0.375 0.625 0.375 0.5625 0.4375 0.5625 0.5 0.625 0.4375 0.625 0.5625 0.5625 0.5 0.625 0.5 0.5625 0.375 0.9375 0.4375 1 0.375 1 0.5 0.9375 0.4375 1 0.4375 0.9375 0.5 0.9375 0.5625 1 0.5 1 0.375 0.6875 0.4375 0.75 0.375 0.75 0.5 0.6875 0.4375 0.75 0.4375 0.6875 0.5 0.6875 0.5625 0.75 0.5 0.75 0.375 0.4375 0.4375 0.5 0.375 0.5 0.5 0.4375 0.4375 0.5 0.4375 0.4375 0.5 0.4375 0.5625 0.5 0.5 0.5 0.375 0.1875 0.4375 0.25 0.375 0.25 0.5 0.1875 0.4375 0.25 0.4375 0.1875 0.5 0.1875 0.5625 0.25 0.5 0.25 0.5 0.625 0.5625 0.6875 0.5 0.6875 0.5 0.625 0.4375 0.6875 0.4375 0.625 0.375 0.625 0.4375 0.6875 0.375 0.6875 0.5625 0 0.5 0.0625 0.5 0 0.4375 0 0.5 0.0625 0.4375 0.0625 0.4375 0 0.375 0.0625 0.375 0 0.25 0.625 0.1875 0.6875 0.1875 0.625 0.75 0.625 0.6875 0.6875 0.6875 0.625 0.5625 0 0.625 0.0625 0.5625 0.0625 0.8125 0.625 0.875 0.6875 0.8125 0.6875 0.3125 0.625 0.375 0.6875 0.3125 0.6875 0.625 0.625 0.5625 0.6875 0.5625 0.625 0.5 0.125 0.5625 0.1875 0.5 0.1875 0.5 0.125 0.4375 0.1875 0.4375 0.125 0.375 0.125 0.4375 0.1875 0.375 0.1875 0.5625 0.5 0.5 0.5625 0.5 0.5 0.4375 0.5 0.5 0.5625 0.4375 0.5625 0.4375 0.5 0.375 0.5625 0.375 0.5 0.6875 0.5 0.75 0.5625 0.6875 0.5625 0.1875 0.5 0.25 0.5625 0.1875 0.5625 0.5625 0.5 0.625 0.5625 0.5625 0.5625 0.375 0.5 0.3125 0.5625 0.3125 0.5 0.875 0.5 0.8125 0.5625 0.8125 0.5 0.625 0.125 0.5625 0.1875 0.5625 0.125 0.3125 0.5 0.25 0.5625 0.25 0.5 0.625 0.5 0.6875 0.5625 0.625 0.5625 0.25 0.625 0.3125 0.6875 0.25 0.6875 0.6875 0.625 0.625 0.6875 0.625 0.625 0.5 0.375 0.5625 0.4375 0.5 0.4375 0.5 0.375 0.4375 0.4375 0.4375 0.375 0.375 0.375 0.4375 0.4375 0.375 0.4375 0.5625 0.75 0.5 0.8125 0.5 0.75 0.4375 0.75 0.5 0.8125 0.4375 0.8125 0.4375 0.75 0.375 0.8125 0.375 0.75 0.5625 0.75 0.625 0.8125 0.5625 0.8125 0.6875 0.6875 0.625 0.75 0.625 0.6875 0.625 0.5625 0.6875 0.625 0.625 0.625 0.3125 0.5625 0.25 0.625 0.25 0.5625 0.25 0.6875 0.3125 0.75 0.25 0.75 0.625 0.375 0.5625 0.4375 0.5625 0.375 0.8125 0.5 0.75 0.5625 0.75 0.5 0.125 0.5 0.1875 0.5625 0.125 0.5625 0.75 0.625 0.8125 0.6875 0.75 0.6875 0.1875 0.625 0.125 0.6875 0.125 0.625 0.5 0.875 0.5625 0.9375 0.5 0.9375 0.5 0.875 0.4375 0.9375 0.4375 0.875 0.375 0.875 0.4375 0.9375 0.375 0.9375 0.5625 0.25 0.5 0.3125 0.5 0.25 0.4375 0.25 0.5 0.3125 0.4375 0.3125 0.4375 0.25 0.375 0.3125 0.375 0.25 0.5625 0.25 0.625 0.3125 0.5625 0.3125 0.1875 0.6875 0.125 0.75 0.125 0.6875 0.125 0.5625 0.1875 0.625 0.125 0.625 0.8125 0.5625 0.75 0.625 0.75 0.5625 0.75 0.6875 0.8125 0.75 0.75 0.75 0.625 0.875 0.5625 0.9375 0.5625 0.875 0.40625 0.5 0.375 0.75 0.375 0.5 0.59375 0.25 0.625 0.5 0.59375 0.5 0.59375 0.5 0.5625 0.75 0.5625 0.5 0.4375 0.25 0.46875 0 0.46875 0.25 0.875 0.5 0.625 0.75 0.625 0.5 0.375 0.25 0.40625 0 0.40625 0.25 0.5625 0.25 0.59375 0 0.59375 0.25 0.53125 0.75 0.5 0.5 0.53125 0.5 0.40625 0.25 0.4375 0 0.4375 0.25 0.59375 0.25 0.625 0 0.625 0.25 0.53125 0.25 0.5625 0 0.5625 0.25 0.5625 0.5 0.53125 0.75 0.53125 0.5 0.375 0.25 0.40625 0 0.40625 0.25 0.375 0.75 0.125 0.5 0.375 0.5 0.59375 0.25 0.625 0 0.625 0.25 0.4375 0.5 0.40625 0.75 0.40625 0.5 0.46875 0.75 0.4375 0.5 0.46875 0.5 0.5 0.75 0.46875 0.5 0.5 0.5 0.53125 0.5 0.5 0.75 0.5 0.5 0.5625 0.5 0.53125 0.75 0.53125 0.5 0.40625 0.25 0.375 0.5 0.375 0.25 0.4375 0.25 0.40625 0.5 0.40625 0.25 0.46875 0.25 0.4375 0.5 0.4375 0.25 0.5 0.25 0.46875 0.5 0.46875 0.25 0.5 0.25 0.53125 0.5 0.5 0.5 0.53125 0.25 0.5625 0.5 0.53125 0.5 0.5625 0.25 0.59375 0.5 0.5625 0.5 0.40625 0 0.4375 0.25 0.40625 0.25 0.4375 0.25 0.46875 0 0.46875 0.25 0.46875 0.25 0.5 0 0.5 0.25 0.5 0.25 0.53125 0 0.53125 0.25 0.53125 0.25 0.5625 0 0.5625 0.25 0.5625 0.25 0.59375 0 0.59375 0.25 0.625 0.75 0.59375 0.5 0.625 0.5 0.40625 0.5 0.375 0.75 0.375 0.5 0.59375 0.25 0.625 0.5 0.59375 0.5 0.59375 0.5 0.5625 0.75 0.5625 0.5 0.4375 0.5 0.40625 0.75 0.40625 0.5 0.875 0.75 0.625 0.5 0.875 0.5 0.375 0.25 0.40625 0 0.40625 0.25 0.5 0.25 0.53125 0 0.53125 0.25 0.625 0.5 0.875 0.75 0.625 0.75 0.59375 0.5 0.5625 0.75 0.5625 0.5 0.40625 0.5 0.375 0.75 0.375 0.5 0.46875 0.5 0.4375 0.75 0.4375 0.5 0.46875 0.25 0.5 0 0.5 0.25 0.59375 0.75 0.625 0.5 0.625 0.75 0.375 0.5 0.125 0.75 0.125 0.5 0.59375 0 0.625 0.25 0.59375 0.25 0.4375 0.75 0.40625 0.5 0.4375 0.5 0.46875 0.75 0.4375 0.5 0.46875 0.5 0.5 0.75 0.46875 0.5 0.5 0.5 0.53125 0.75 0.5 0.5 0.53125 0.5 0.5625 0.5 0.53125 0.75 0.53125 0.5 0.40625 0.25 0.375 0.5 0.375 0.25 0.4375 0.25 0.40625 0.5 0.40625 0.25 0.4375 0.25 0.46875 0.5 0.4375 0.5 0.5 0.25 0.46875 0.5 0.46875 0.25 0.53125 0.25 0.5 0.5 0.5 0.25 0.5625 0.25 0.53125 0.5 0.53125 0.25 0.5625 0.25 0.59375 0.5 0.5625 0.5 0.40625 0.25 0.4375 0 0.4375 0.25 0.4375 0.25 0.46875 0 0.46875 0.25 0.46875 0 0.5 0.25 0.46875 0.25 0.5 0.25 0.53125 0 0.53125 0.25 0.53125 0 0.5625 0.25 0.53125 0.25 0.5625 0 0.59375 0.25 0.5625 0.25 0.625 0.5 0.59375 0.75 0.59375 0.5 0.40625 0.75 0.375 0.5 0.40625 0.5 0.625 0.25 0.59375 0.5 0.59375 0.25 0.125 0.5 0.375 0.75 0.125 0.75 0.875 0.75 0.625 0.5 0.875 0.5 0.375 0.25 0.40625 0 0.40625 0.25 0.46875 0.5 0.5 0.75 0.46875 0.75 0.46875 0.25 0.4375 0 0.46875 0 0.59375 0.25 0.5625 0 0.59375 0 0.5 0.5 0.53125 0.75 0.5 0.75 0.4375 0.25 0.40625 0 0.4375 0 0.59375 0 0.625 0.25 0.59375 0.25 0.5625 0.25 0.53125 0 0.5625 0 0.375 0.75 0.125 0.5 0.375 0.5 0.59375 0 0.625 0.25 0.59375 0.25 0.4375 0.5 0.40625 0.75 0.40625 0.5 0.46875 0.75 0.4375 0.5 0.46875 0.5 0.5 0.75 0.46875 0.5 0.5 0.5 0.40625 0.25 0.375 0.5 0.375 0.25 0.40625 0.25 0.4375 0.5 0.40625 0.5 0.46875 0.25 0.4375 0.5 0.4375 0.25 0.5 0.25 0.46875 0.5 0.46875 0.25 0.53125 0.25 0.5 0.5 0.5 0.25 0.53125 0.25 0.5625 0.5 0.53125 0.5 0.5625 0.25 0.59375 0.5 0.5625 0.5 0.40625 0.25 0.4375 0 0.4375 0.25 0.4375 0.25 0.46875 0 0.46875 0.25 0.46875 0.25 0.5 0 0.5 0.25 0.5 0.25 0.53125 0 0.53125 0.25 0.53125 0 0.5625 0.25 0.53125 0.25 0.5625 0 0.59375 0.25 0.5625 0.25 0.625 0.5 0.59375 0.75 0.59375 0.5 0.40625 0.75 0.375 0.5 0.40625 0.5 0.625 0.25 0.59375 0.5 0.59375 0.25 0.59375 0.5 0.5625 0.75 0.5625 0.5 0.53125 0.5 0.5625 0.75 0.53125 0.75 0.875 0.5 0.625 0.75 0.625 0.5 0.375 0.25 0.40625 0 0.40625 0.25 0.40625 0.25 0.375 0 0.40625 0 0.4375 0.5 0.40625 0.75 0.40625 0.5 0.5 0.25 0.53125 0 0.53125 0.25 0.5625 0.5 0.59375 0.75 0.5625 0.75 0.875 0.5 0.625 0.75 0.625 0.5 0.40625 0.75 0.375 0.5 0.40625 0.5 0.46875 0.5 0.4375 0.75 0.4375 0.5 0.375 0.75 0.125 0.5 0.375 0.5 0.625 0.25 0.59375 0 0.625 0 0.4375 0.5 0.40625 0.75 0.40625 0.5 0.46875 0.75 0.4375 0.5 0.46875 0.5 0.5 0.75 0.46875 0.5 0.5 0.5 0.53125 0.75 0.5 0.5 0.53125 0.5 0.5625 0.5 0.53125 0.75 0.53125 0.5 0.375 0.25 0.40625 0.5 0.375 0.5 0.40625 0.25 0.4375 0.5 0.40625 0.5 0.4375 0.25 0.46875 0.5 0.4375 0.5 0.5 0.25 0.46875 0.5 0.46875 0.25 0.53125 0.25 0.5 0.5 0.5 0.25 0.53125 0.25 0.5625 0.5 0.53125 0.5 0.5625 0.25 0.59375 0.5 0.5625 0.5 0.40625 0.25 0.4375 0 0.4375 0.25 0.4375 0.25 0.46875 0 0.46875 0.25 0.46875 0.25 0.5 0 0.5 0.25 0.5 0 0.53125 0.25 0.5 0.25 0.53125 0 0.5625 0.25 0.53125 0.25 0.5625 0 0.59375 0.25 0.5625 0.25 0.625 0.75 0.59375 0.5 0.625 0.5 0.625 0.25 0.59375 0.5 0.59375 0.25 0.59375 0.75 0.5625 0.5 0.59375 0.5 0.5 0.25 0.46875 0 0.5 0 0.875 0.5 0.625 0.75 0.625 0.5 0.375 0.25 0.40625 0 0.40625 0.25 0.625 0.75 0.59375 0.5 0.625 0.5 0.375 0.5 0.125 0.75 0.125 0.5 0.5 0.5 0.46875 0.75 0.46875 0.5 0.46875 0.25 0.4375 0 0.46875 0 0.59375 0.25 0.5625 0 0.59375 0 0.53125 0.5 0.5 0.75 0.5 0.5 0.40625 0.25 0.4375 0 0.4375 0.25 0.375 0.5 0.125 0.75 0.125 0.5 0.59375 0.25 0.625 0 0.625 0.25 0.4375 0.5 0.40625 0.75 0.40625 0.5 0.46875 0.75 0.4375 0.5 0.46875 0.5 0.5 0.75 0.46875 0.5 0.5 0.5 0.53125 0.5 0.5 0.75 0.5 0.5 0.5625 0.75 0.53125 0.5 0.5625 0.5 0.375 0.25 0.40625 0.5 0.375 0.5 0.40625 0.25 0.4375 0.5 0.40625 0.5 0.4375 0.25 0.46875 0.5 0.4375 0.5 0.46875 0.25 0.5 0.5 0.46875 0.5 0.53125 0.25 0.5 0.5 0.5 0.25 0.5625 0.25 0.53125 0.5 0.53125 0.25 0.59375 0.25 0.5625 0.5 0.5625 0.25 0.40625 0.25 0.4375 0 0.4375 0.25 0.4375 0.25 0.46875 0 0.46875 0.25 0.46875 0.25 0.5 0 0.5 0.25 0.5 0.25 0.53125 0 0.53125 0.25 0.53125 0 0.5625 0.25 0.53125 0.25 0.5625 0 0.59375 0.25 0.5625 0.25 0.625 0.75 0.59375 0.5 0.625 0.5 0.40625 0.75 0.375 0.5 0.40625 0.5 0.59375 0.25 0.625 0.5 0.59375 0.5 0.59375 0.25 0.625 0 0.625 0.25 0.875 0.75 0.625 0.5 0.875 0.5 0.375 0.25 0.40625 0 0.40625 0.25 0.5625 0.25 0.53125 0 0.5625 0 0.5625 0.5 0.53125 0.75 0.53125 0.5 0.375 0.25 0.40625 0 0.40625 0.25 0.40625 0.5 0.4375 0.75 0.40625 0.75 0.5 0.25 0.53125 0 0.53125 0.25 0.59375 0.5 0.5625 0.75 0.5625 0.5 0.625 0.5 0.875 0.75 0.625 0.75 0.375 0.75 0.125 0.5 0.375 0.5 0.40625 0.25 0.375 0.5 0.375 0.25 0.40625 0.25 0.4375 0.5 0.40625 0.5 0.4375 0.25 0.46875 0.5 0.4375 0.5 0.46875 0.25 0.5 0.5 0.46875 0.5 0.53125 0.25 0.5 0.5 0.5 0.25 0.5625 0.25 0.53125 0.5 0.53125 0.25 0.59375 0.25 0.5625 0.5 0.5625 0.25 0.40625 0.25 0.4375 0 0.4375 0.25 0.4375 0.25 0.46875 0 0.46875 0.25 0.46875 0.25 0.5 0 0.5 0.25 0.5 0 0.53125 0.25 0.5 0.25 0.53125 0 0.5625 0.25 0.53125 0.25 0.5625 0.25 0.59375 0 0.59375 0.25 0.625 0.5 0.59375 0.75 0.59375 0.5 0.40625 0.75 0.375 0.5 0.40625 0.5 0.59375 0.25 0.625 0.5 0.59375 0.5 0.59375 0.75 0.5625 0.5 0.59375 0.5 0.375 0.5 0.40625 0.75 0.375 0.75 0.875 0.75 0.625 0.5 0.875 0.5 0.375 0 0.40625 0.25 0.375 0.25 0.4375 0.5 0.46875 0.75 0.4375 0.75 0.5 0 0.46875 0.25 0.46875 0 0.375 0.5 0.125 0.75 0.125 0.5 0.5 0.5 0.46875 0.75 0.46875 0.5 0.46875 0 0.4375 0.25 0.4375 0 0.5 0.5 0.53125 0.75 0.5 0.75 0.4375 0.25 0.40625 0 0.4375 0 0.375 0.5 0.125 0.75 0.125 0.5 0.59375 0.25 0.625 0 0.625 0.25 0.4375 0.5 0.40625 0.75 0.40625 0.5 0.46875 0.5 0.4375 0.75 0.4375 0.5 0.5 0.75 0.46875 0.5 0.5 0.5 0.53125 0.75 0.5 0.5 0.53125 0.5 0.5625 0.75 0.53125 0.5 0.5625 0.5 0.375 0.25 0.40625 0.5 0.375 0.5 0.4375 0.25 0.40625 0.5 0.40625 0.25 0.4375 0.25 0.46875 0.5 0.4375 0.5 0.46875 0.25 0.5 0.5 0.46875 0.5 0.53125 0.25 0.5 0.5 0.5 0.25 0.53125 0.25 0.5625 0.5 0.53125 0.5 0.5625 0.25 0.59375 0.5 0.5625 0.5 0.40625 0 0.4375 0.25 0.40625 0.25 0.4375 0 0.46875 0.25 0.4375 0.25 0.46875 0 0.5 0.25 0.46875 0.25 0.5 0 0.53125 0.25 0.5 0.25 0.53125 0 0.5625 0.25 0.53125 0.25 0.5625 0.25 0.59375 0 0.59375 0.25 0.625 0.5 0.59375 0.75 0.59375 0.5 0.59375 0.25 0.625 0.5 0.59375 0.5 0.59375 0.5 0.5625 0.75 0.5625 0.5 0.59375 0 0.625 0.25 0.59375 0.25 0.875 0.75 0.625 0.5 0.875 0.5 0.375 0 0.40625 0.25 0.375 0.25 0.53125 0.5 0.5625 0.75 0.53125 0.75 0.40625 0 0.375 0.25 0.375 0 0.4375 0.5 0.40625 0.75 0.40625 0.5 0.5625 0.5 0.59375 0.75 0.5625 0.75 0.875 0.5 0.625 0.75 0.625 0.5 0.375 0.5 0.40625 0.75 0.375 0.75 0.375 0.5 0.125 0.75 0.125 0.5 0.59375 0 0.625 0.25 0.59375 0.25 0.4375 0.75 0.40625 0.5 0.4375 0.5 0.46875 0.75 0.4375 0.5 0.46875 0.5 0.5 0.75 0.46875 0.5 0.5 0.5 0.53125 0.5 0.5 0.75 0.5 0.5 0.5625 0.5 0.53125 0.75 0.53125 0.5 0.375 0.25 0.40625 0.5 0.375 0.5 0.4375 0.25 0.40625 0.5 0.40625 0.25 0.46875 0.25 0.4375 0.5 0.4375 0.25 0.5 0.25 0.46875 0.5 0.46875 0.25 0.5 0.25 0.53125 0.5 0.5 0.5 0.53125 0.25 0.5625 0.5 0.53125 0.5 0.59375 0.25 0.5625 0.5 0.5625 0.25 0.40625 0 0.4375 0.25 0.40625 0.25 0.4375 0 0.46875 0.25 0.4375 0.25 0.46875 0.25 0.5 0 0.5 0.25 0.5 0.25 0.53125 0 0.53125 0.25 0.53125 0.25 0.5625 0 0.5625 0.25 0.5625 0.25 0.59375 0 0.59375 0.25 0.625 0.5 0.59375 0.75 0.59375 0.5 0.40625 0.75 0.375 0.5 0.40625 0.5 0.59375 0.25 0.625 0.5 0.59375 0.5 0.4375 0.5 0.46875 0.75 0.4375 0.75 0.875 0.5 0.625 0.75 0.625 0.5 0.375 0 0.40625 0.25 0.375 0.25 0.125 0.5 0.375 0.75 0.125 0.75 0.5 0.5 0.46875 0.75 0.46875 0.5 0.53125 0.5 0.5 0.75 0.5 0.5 0.59375 0 0.625 0.25 0.59375 0.25 0.0625 0.5 0 1 0 0.5 0.375 0.5 0.125 0.75 0.125 0.5 0.375 0.25 0.40625 0.5 0.375 0.5 0.40625 0.25 0.4375 0.5 0.40625 0.5 0.4375 0.25 0.46875 0.5 0.4375 0.5 0.46875 0.25 0.5 0.5 0.46875 0.5 0.53125 0.25 0.5 0.5 0.5 0.25 0.5625 0.25 0.53125 0.5 0.53125 0.25 0.5625 0.25 0.59375 0.5 0.5625 0.5 0.40625 0 0.4375 0.25 0.40625 0.25 0.4375 0.25 0.46875 0 0.46875 0.25 0.46875 0.25 0.5 0 0.5 0.25 0.5 0 0.53125 0.25 0.5 0.25 0.53125 0 0.5625 0.25 0.53125 0.25 0.5625 0 0.59375 0.25 0.5625 0.25 0.625 0.5 0.59375 0.75 0.59375 0.5 0.40625 0.75 0.375 0.5 0.40625 0.5 0.625 0.25 0.59375 0.5 0.59375 0.25 0.59375 0.5 0.5625 0.75 0.5625 0.5 0.5625 0.5 0.53125 0.75 0.53125 0.5 0.875 0.5 0.625 0.75 0.625 0.5 0.375 0 0.40625 0.25 0.375 0.25 0.4375 0.5 0.40625 0.75 0.40625 0.5 0.59375 0.5 0.5625 0.75 0.5625 0.5 0.375 0.5 0.40625 0.75 0.375 0.75 0.46875 0.5 0.4375 0.75 0.4375 0.5 0.375 0.5 0.125 0.75 0.125 0.5 0.625 0.25 0.59375 0 0.625 0 0.4375 0.75 0.40625 0.5 0.4375 0.5 0.46875 0.75 0.4375 0.5 0.46875 0.5 0.5 0.75 0.46875 0.5 0.5 0.5 0.53125 0.75 0.5 0.5 0.53125 0.5 0.5625 0.5 0.53125 0.75 0.53125 0.5 0.40625 0.25 0.375 0.5 0.375 0.25 0.4375 0.25 0.40625 0.5 0.40625 0.25 0.46875 0.25 0.4375 0.5 0.4375 0.25 0.5 0.25 0.46875 0.5 0.46875 0.25 0.53125 0.25 0.5 0.5 0.5 0.25 0.53125 0.25 0.5625 0.5 0.53125 0.5 0.5625 0.25 0.59375 0.5 0.5625 0.5 0.40625 0 0.4375 0.25 0.40625 0.25 0.4375 0 0.46875 0.25 0.4375 0.25 0.46875 0 0.5 0.25 0.46875 0.25 0.5 0.25 0.53125 0 0.53125 0.25 0.53125 0.25 0.5625 0 0.5625 0.25 0.5625 0 0.59375 0.25 0.5625 0.25 0.625 0.5 0.59375 0.75 0.59375 0.5 0.625 0.25 0.59375 0.5 0.59375 0.25 0.59375 0.5 0.5625 0.75 0.5625 0.5 0.46875 0.5 0.5 0.75 0.46875 0.75 0.125 1 0.0625 0.5 0.125 0.5 0.5 0.5 0.53125 0.75 0.5 0.75 0.53125 0.5 0.5625 0.75 0.53125 0.75 0.59375 0 0.625 0.25 0.59375 0.25 0.4375 0.5 0.40625 0.75 0.40625 0.5 0.46875 0.75 0.4375 0.5 0.46875 0.5 0.5 0.75 0.46875 0.5 0.5 0.5 0.53125 0.75 0.5 0.5 0.53125 0.5 0.5625 0.75 0.53125 0.5 0.5625 0.5 0.375 0.25 0.40625 0.5 0.375 0.5 0.40625 0.25 0.4375 0.5 0.40625 0.5 0.4375 0.25 0.46875 0.5 0.4375 0.5 0.46875 0.25 0.5 0.5 0.46875 0.5 0.5 0.25 0.53125 0.5 0.5 0.5 0.53125 0.25 0.5625 0.5 0.53125 0.5 0.5625 0.25 0.59375 0.5 0.5625 0.5 0.46875 0.25 0.5 0 0.5 0.25 0.5 0 0.53125 0.25 0.5 0.25 0.53125 0 0.5625 0.25 0.53125 0.25 0.5625 0 0.59375 0.25 0.5625 0.25 0.625 0.5 0.59375 0.75 0.59375 0.5 0.40625 0.75 0.375 0.5 0.40625 0.5 0.59375 0.25 0.625 0.5 0.59375 0.5 0.875 0.5 0.625 0.75 0.625 0.5 0.375 0 0.40625 0.25 0.375 0.25 0.59375 0.5 0.5625 0.75 0.5625 0.5 0.375 0.5 0.40625 0.75 0.375 0.75 0.1875 1 0.125 0.5 0.1875 0.5 0.375 0.5 0.125 0.75 0.125 0.5 0.40625 0.25 0.375 0.5 0.375 0.25 0.4375 0.25 0.40625 0.5 0.40625 0.25 0.46875 0.25 0.4375 0.5 0.4375 0.25 0.5 0.25 0.46875 0.5 0.46875 0.25 0.53125 0.25 0.5 0.5 0.5 0.25 0.5625 0.25 0.53125 0.5 0.53125 0.25 0.59375 0.25 0.5625 0.5 0.5625 0.25 0.40625 0 0.4375 0.25 0.40625 0.25 0.4375 0 0.46875 0.25 0.4375 0.25 0.46875 0 0.5 0.25 0.46875 0.25 0.5 0 0.53125 0.25 0.5 0.25 0.53125 0 0.5625 0.25 0.53125 0.25 0.5625 0 0.59375 0.25 0.5625 0.25 0.625 0.5 0.59375 0.75 0.59375 0.5 0.40625 0.75 0.375 0.5 0.40625 0.5 0.625 0.25 0.59375 0.5 0.59375 0.25 0.59375 0.5 0.5625 0.75 0.5625 0.5 0.875 0.75 0.625 0.5 0.875 0.5 0.375 0.25 0.40625 0 0.40625 0.25 0.25 1 0.1875 0.5 0.25 0.5 0.375 0.75 0.125 0.5 0.375 0.5 0.625 0.25 0.59375 0 0.625 0 0.4375 0.75 0.40625 0.5 0.4375 0.5 0.46875 0.75 0.4375 0.5 0.46875 0.5 0.5 0.5 0.46875 0.75 0.46875 0.5 0.53125 0.75 0.5 0.5 0.53125 0.5 0.5625 0.75 0.53125 0.5 0.5625 0.5 0.375 0.25 0.40625 0.5 0.375 0.5 0.40625 0.25 0.4375 0.5 0.40625 0.5 0.46875 0.25 0.4375 0.5 0.4375 0.25 0.5 0.25 0.46875 0.5 0.46875 0.25 0.5 0.25 0.53125 0.5 0.5 0.5 0.53125 0.25 0.5625 0.5 0.53125 0.5 0.59375 0.25 0.5625 0.5 0.5625 0.25 0.40625 0.25 0.4375 0 0.4375 0.25 0.4375 0 0.46875 0.25 0.4375 0.25 0.46875 0 0.5 0.25 0.46875 0.25 0.5 0.25 0.53125 0 0.53125 0.25 0.53125 0.25 0.5625 0 0.5625 0.25 0.5625 0.25 0.59375 0 0.59375 0.25 0.625 0.5 0.59375 0.75 0.59375 0.5 0.625 0.25 0.59375 0.5 0.59375 0.25 0.59375 0.75 0.5625 0.5 0.59375 0.5 0.59375 0 0.625 0.25 0.59375 0.25 0.4375 0.5 0.40625 0.75 0.40625 0.5 0.46875 0.75 0.4375 0.5 0.46875 0.5 0.5 0.75 0.46875 0.5 0.5 0.5 0.53125 0.75 0.5 0.5 0.53125 0.5 0.5625 0.5 0.53125 0.75 0.53125 0.5 0.40625 0.25 0.375 0.5 0.375 0.25 0.4375 0.25 0.40625 0.5 0.40625 0.25 0.46875 0.25 0.4375 0.5 0.4375 0.25 0.46875 0.25 0.5 0.5 0.46875 0.5 0.5 0.25 0.53125 0.5 0.5 0.5 0.53125 0.25 0.5625 0.5 0.53125 0.5 0.5625 0.25 0.59375 0.5 0.5625 0.5 0.625 0.75 0.59375 0.5 0.625 0.5 0.375 0.75 0.40625 0.5 0.40625 0.75 0.625 0.25 0.59375 0.5 0.59375 0.25 0.3125 1 0.25 0.5 0.3125 0.5 0.875 0.5 0.625 0.75 0.625 0.5 0.375 0 0.40625 0.25 0.375 0.25 0.375 0.75 0.125 0.5 0.375 0.5 0.375 0.25 0.40625 0.5 0.375 0.5 0.40625 0.25 0.4375 0.5 0.40625 0.5 0.4375 0.25 0.46875 0.5 0.4375 0.5 0.5 0.25 0.46875 0.5 0.46875 0.25 0.5 0.25 0.53125 0.5 0.5 0.5 0.53125 0.25 0.5625 0.5 0.53125 0.5 0.5625 0.25 0.59375 0.5 0.5625 0.5 0.40625 0 0.4375 0.25 0.40625 0.25 0.4375 0.25 0.46875 0 0.46875 0.25 0.46875 0 0.5 0.25 0.46875 0.25 0.5 0 0.53125 0.25 0.5 0.25 0.53125 0 0.5625 0.25 0.53125 0.25 0.5625 0 0.59375 0.25 0.5625 0.25 0.625 0.5 0.59375 0.75 0.59375 0.5 0.40625 0.75 0.375 0.5 0.40625 0.5 0.625 0.25 0.59375 0.5 0.59375 0.25 0.59375 0.5 0.5625 0.75 0.5625 0.5 0.875 0.75 0.625 0.5 0.875 0.5 0.375 0.25 0.40625 0 0.40625 0.25 0.375 0.5 0.3125 1 0.3125 0.5 0.375 0.5 0.125 0.75 0.125 0.5 0.625 0.25 0.59375 0 0.625 0 0.4375 0.75 0.40625 0.5 0.4375 0.5 0.46875 0.75 0.4375 0.5 0.46875 0.5 0.5 0.5 0.46875 0.75 0.46875 0.5 0.53125 0.5 0.5 0.75 0.5 0.5 0.5625 0.5 0.53125 0.75 0.53125 0.5 0.40625 0.25 0.375 0.5 0.375 0.25 0.4375 0.25 0.40625 0.5 0.40625 0.25 0.46875 0.25 0.4375 0.5 0.4375 0.25 0.5 0.25 0.46875 0.5 0.46875 0.25 0.53125 0.25 0.5 0.5 0.5 0.25 0.53125 0.25 0.5625 0.5 0.53125 0.5 0.5625 0.25 0.59375 0.5 0.5625 0.5 0.40625 0 0.4375 0.25 0.40625 0.25 0.4375 0 0.46875 0.25 0.4375 0.25 0.46875 0 0.5 0.25 0.46875 0.25 0.5 0.25 0.53125 0 0.53125 0.25 0.53125 0.25 0.5625 0 0.5625 0.25 0.5625 0 0.59375 0.25 0.5625 0.25 0.625 0.5 0.59375 0.75 0.59375 0.5 0.625 0.25 0.59375 0.5 0.59375 0.25 0.59375 0.5 0.5625 0.75 0.5625 0.5 0.59375 0 0.625 0.25 0.59375 0.25 0.4375 0.5 0.40625 0.75 0.40625 0.5 0.46875 0.5 0.4375 0.75 0.4375 0.5 0.5 0.75 0.46875 0.5 0.5 0.5 0.53125 0.5 0.5 0.75 0.5 0.5 0.5625 0.5 0.53125 0.75 0.53125 0.5 0.40625 0.25 0.375 0.5 0.375 0.25 0.40625 0.25 0.4375 0.5 0.40625 0.5 0.4375 0.25 0.46875 0.5 0.4375 0.5 0.5 0.25 0.46875 0.5 0.46875 0.25 0.53125 0.25 0.5 0.5 0.5 0.25 0.53125 0.25 0.5625 0.5 0.53125 0.5 0.5625 0.25 0.59375 0.5 0.5625 0.5 0.40625 0.75 0.375 0.5 0.40625 0.5 0.59375 0.25 0.625 0.5 0.59375 0.5 0.875 0.5 0.625 0.75 0.625 0.5 0.375 0.25 0.40625 0 0.40625 0.25 0.4375 0.5 0.375 1 0.375 0.5 0.375 0.75 0.125 0.5 0.375 0.5 0.40625 0.25 0.375 0.5 0.375 0.25 0.4375 0.25 0.40625 0.5 0.40625 0.25 0.4375 0.25 0.46875 0.5 0.4375 0.5 0.46875 0.25 0.5 0.5 0.46875 0.5 0.53125 0.25 0.5 0.5 0.5 0.25 0.5625 0.25 0.53125 0.5 0.53125 0.25 0.59375 0.25 0.5625 0.5 0.5625 0.25 0.40625 0.25 0.4375 0 0.4375 0.25 0.4375 0.25 0.46875 0 0.46875 0.25 0.46875 0.25 0.5 0 0.5 0.25 0.5 0 0.53125 0.25 0.5 0.25 0.53125 0 0.5625 0.25 0.53125 0.25 0.5625 0 0.59375 0.25 0.5625 0.25 0.625 0.5 0.59375 0.75 0.59375 0.5 0.40625 0.75 0.375 0.5 0.40625 0.5 0.59375 0.25 0.625 0.5 0.59375 0.5 0.59375 0.5 0.5625 0.75 0.5625 0.5 0.875 0.75 0.625 0.5 0.875 0.5 0.375 0.25 0.40625 0 0.40625 0.25 0.5 1 0.4375 0.5 0.5 0.5 0.375 0.75 0.125 0.5 0.375 0.5 0.625 0.25 0.59375 0 0.625 0 0.4375 0.75 0.40625 0.5 0.4375 0.5 0.46875 0.75 0.4375 0.5 0.46875 0.5 0.5 0.5 0.46875 0.75 0.46875 0.5 0.53125 0.75 0.5 0.5 0.53125 0.5 0.5625 0.75 0.53125 0.5 0.5625 0.5 0.375 0.25 0.40625 0.5 0.375 0.5 0.40625 0.25 0.4375 0.5 0.40625 0.5 0.4375 0.25 0.46875 0.5 0.4375 0.5 0.46875 0.25 0.5 0.5 0.46875 0.5 0.5 0.25 0.53125 0.5 0.5 0.5 0.5625 0.25 0.53125 0.5 0.53125 0.25 0.5625 0.25 0.59375 0.5 0.5625 0.5 0.40625 0.25 0.4375 0 0.4375 0.25 0.4375 0.25 0.46875 0 0.46875 0.25 0.46875 0.25 0.5 0 0.5 0.25 0.5 0 0.53125 0.25 0.5 0.25 0.53125 0 0.5625 0.25 0.53125 0.25 0.5625 0 0.59375 0.25 0.5625 0.25 0.625 0.5 0.59375 0.75 0.59375 0.5 0.625 0.25 0.59375 0.5 0.59375 0.25 0.59375 0.5 0.5625 0.75 0.5625 0.5 0.4375 0.5 0.40625 0.75 0.40625 0.5 0.46875 0.5 0.4375 0.75 0.4375 0.5 0.5 0.5 0.46875 0.75 0.46875 0.5 0.53125 0.5 0.5 0.75 0.5 0.5 0.5625 0.5 0.53125 0.75 0.53125 0.5 0.375 0.25 0.40625 0.5 0.375 0.5 0.40625 0.25 0.4375 0.5 0.40625 0.5 0.4375 0.25 0.46875 0.5 0.4375 0.5 0.46875 0.25 0.5 0.5 0.46875 0.5 0.5 0.25 0.53125 0.5 0.5 0.5 0.53125 0.25 0.5625 0.5 0.53125 0.5 0.59375 0.25 0.5625 0.5 0.5625 0.25 0.875 1 0.9375 0.5 0.9375 1 0.8125 1 0.875 0.5 0.875 1 0.75 0.5 0.8125 1 0.75 1 0.6875 0.5 0.75 1 0.6875 1 0.625 0.5 0.6875 1 0.625 1 0.5625 0.5 0.625 1 0.5625 1 0.5625 1 0.5 0.5 0.5625 0.5 0.4197056 0.4197056 0.08029443 0.4197057 0.08029437 0.08029431 1 0.5 0.9375 1 0.9375 0.5 0.9375 1 0.875 0.5 0.9375 0.5 0.875 0.5 0.8125 1 0.8125 0.5 0.8125 0.5 0.75 1 0.75 0.5 0.75 0.5 0.6875 1 0.6875 0.5 0.6875 1 0.625 0.5 0.6875 0.5 0.625 0.5 0.5625 1 0.5625 0.5 0.5625 0.5 0.5 1 0.5 0.5 0.5 0.5 0.4375 1 0.4375 0.5 0.4375 1 0.375 0.5 0.4375 0.5 0.375 0.5 0.3125 1 0.3125 0.5 0.3125 1 0.25 0.5 0.3125 0.5 0.25 0.5 0.1875 1 0.1875 0.5 0.1875 1 0.125 0.5 0.1875 0.5 0.08029443 0.4197057 0.08029437 0.08029431 0.4197056 0.08029437 0.125 1 0.0625 0.5 0.125 0.5 0.0625 1 0 0.5 0.0625 0.5 0.6581561 0.4717311 0.9717311 0.341844 0.841844 0.02826887 0.325 0.5 0.375 0.5 0.375 0.5 0.625 0.45 0.375 0.5 0.375 0.45 0.625 0 0.375 0.25 0.375 0 0.375 0.45 0.625 0.5 0.375 0.5 0.625 0.5 0.375 0.75 0.375 0.5 0.625 0.95 0.375 1 0.375 0.9500001 0.375 0.5 0.325 0.75 0.325 0.5 0.875 0.5 0.825 0.75 0.825 0.5 0.825 0.5 0.875 0.5 0.875 0.5 0.375 0.25 0.625 0.25 0.375 0.25 0.375 0.25 0.625 0.3 0.625 0.25 0.625 0 0.375 0.25 0.375 0 0.625 0.45 0.375 0.5 0.375 0.45 0.625 0.5 0.375 0.75 0.375 0.5 0.625 0.95 0.375 1 0.375 0.9500001 0.375 0.5 0.325 0.75 0.325 0.5 0.875 0.5 0.825 0.75 0.825 0.5 0.625 0 0.375 0.25 0.375 0 0.625 0.4375 0.375 0.5 0.375 0.4375 0.625 0.5 0.375 0.75 0.375 0.5 0.625 0.9375 0.375 1 0.375 0.9375 0.375 0.5 0.3125 0.75 0.3125 0.5 0.875 0.5 0.8125 0.75 0.8125 0.5 0.375 0.4 0.625 0.35 0.375 0.35 0.375 0.5 0.625 0.45 0.375 0.45 0.375 0.25 0.625 0 0.375 0 0.375 0.5 0.625 0.45 0.375 0.45 0.375 0.75 0.625 0.5 0.375 0.5 0.375 0.9500001 0.625 1 0.625 0.95 0.325 0.75 0.375 0.5 0.325 0.5 0.825 0.75 0.875 0.5 0.825 0.5 0.625 0.5 0.675 0.5 0.625 0.5 0.375 0.45 0.625 0.4 0.375 0.4 0.375 0.3 0.625 0.35 0.625 0.3 0.375 0.25 0.625 0 0.375 0 0.375 0.5 0.625 0.45 0.375 0.45 0.375 0.75 0.625 0.5 0.375 0.5 0.375 1 0.625 0.95 0.375 0.9500001 0.325 0.75 0.375 0.5 0.325 0.5 0.825 0.75 0.875 0.5 0.825 0.5 0.375 0.25 0.625 0 0.375 0 0.375 0.5 0.625 0.4375 0.375 0.4375 0.375 0.75 0.625 0.5 0.375 0.5 0.375 1 0.625 0.9375 0.375 0.9375 0.3125 0.75 0.375 0.5 0.3125 0.5 0.8125 0.75 0.875 0.5 0.8125 0.5 0.375 0.5 0.625 0.5 0.375 0.5 0.675 0.5 0.7249999 0.5 0.7249999 0.5 0.7249999 0.5 0.775 0.5 0.7249999 0.5 0.775 0.5 0.825 0.5 0.775 0.5 0.625 0.25 0.375 0.3 0.375 0.25 0.625 0.3 0.375 0.35 0.375 0.3 0.375 0.35 0.625 0.4 0.375 0.4 0.375 0.4 0.625 0.45 0.375 0.45 0.125 0.5 0.175 0.5 0.175 0.5 0.175 0.5 0.225 0.5 0.225 0.5 0.225 0.5 0.275 0.5 0.225 0.5 0.275 0.5 0.325 0.5 0.275 0.5 0.625 0.5 0.675 0.75 0.675 0.5 0.675 0.5 0.725 0.75 0.7249999 0.5 0.725 0.75 0.775 0.5 0.7249999 0.5 0.775 0.75 0.825 0.5 0.775 0.5 0.125 0.5 0.175 0.75 0.175 0.5 0.175 0.5 0.225 0.75 0.225 0.5 0.225 0.5 0.275 0.75 0.275 0.5 0.275 0.75 0.325 0.5 0.275 0.5 0.375 0.8 0.625 0.75 0.375 0.75 0.375 0.8 0.625 0.85 0.625 0.8 0.375 0.9 0.625 0.85 0.375 0.85 0.375 0.9 0.625 0.95 0.625 0.9 0.375 0.25 0.625 0.3 0.625 0.25 0.375 0.35 0.625 0.3 0.375 0.3 0.375 0.35 0.625 0.4 0.625 0.35 0.375 0.4 0.625 0.45 0.625 0.4 0.625 0.5 0.675 0.75 0.675 0.5 0.675 0.5 0.725 0.75 0.7249999 0.5 0.725 0.75 0.775 0.5 0.7249999 0.5 0.775 0.75 0.825 0.5 0.775 0.5 0.125 0.5 0.175 0.75 0.175 0.5 0.175 0.5 0.225 0.75 0.225 0.5 0.225 0.75 0.275 0.5 0.225 0.5 0.275 0.75 0.325 0.5 0.275 0.5 0.375 0.8 0.625 0.75 0.375 0.75 0.375 0.8 0.625 0.85 0.625 0.8 0.375 0.9 0.625 0.85 0.375 0.85 0.375 0.9 0.625 0.95 0.625 0.9 0.375 0.3 0.625 0.25 0.375 0.25 0.375 0.3 0.625 0.35 0.625 0.3 0.375 0.4 0.625 0.35 0.375 0.35 0.375 0.4 0.625 0.45 0.625 0.4 0.625 0.5 0.6875 0.75 0.6875 0.5 0.6875 0.5 0.75 0.75 0.75 0.5 0.75 0.75 0.8125 0.5 0.75 0.5 0.125 0.5 0.1875 0.75 0.1875 0.5 0.1875 0.5 0.25 0.75 0.25 0.5 0.25 0.75 0.3125 0.5 0.25 0.5 0.375 0.8125 0.625 0.75 0.375 0.75 0.375 0.8125 0.625 0.875 0.625 0.8125 0.375 0.875 0.625 0.9375 0.625 0.875 0.375 0.3125 0.625 0.25 0.375 0.25 0.375 0.3125 0.625 0.375 0.625 0.3125 0.375 0.375 0.625 0.4375 0.625 0.375 0.625 0.5 0.675 0.75 0.625 0.75 0.675 0.5 0.725 0.75 0.675 0.75 0.7249999 0.5 0.775 0.75 0.725 0.75 0.825 0.5 0.775 0.75 0.775 0.5 0.125 0.5 0.175 0.75 0.125 0.75 0.175 0.5 0.225 0.75 0.175 0.75 0.275 0.5 0.225 0.75 0.225 0.5 0.325 0.5 0.275 0.75 0.275 0.5 0.375 0.75 0.625 0.8 0.375 0.8 0.625 0.8 0.375 0.85 0.375 0.8 0.625 0.85 0.375 0.9 0.375 0.85 0.375 0.9 0.625 0.95 0.375 0.9500001 0.375 0.25 0.625 0.3 0.375 0.3 0.625 0.3 0.375 0.35 0.375 0.3 0.625 0.35 0.375 0.4 0.375 0.35 0.625 0.4 0.375 0.45 0.375 0.4 0.625 0.5 0.675 0.75 0.625 0.75 0.675 0.5 0.725 0.75 0.675 0.75 0.775 0.5 0.725 0.75 0.7249999 0.5 0.825 0.5 0.775 0.75 0.775 0.5 0.125 0.5 0.175 0.75 0.125 0.75 0.175 0.5 0.225 0.75 0.175 0.75 0.225 0.5 0.275 0.75 0.225 0.75 0.325 0.5 0.275 0.75 0.275 0.5 0.375 0.75 0.625 0.8 0.375 0.8 0.625 0.8 0.375 0.85 0.375 0.8 0.375 0.85 0.625 0.9 0.375 0.9 0.625 0.9 0.375 0.9500001 0.375 0.9 0.375 0.25 0.625 0.3 0.375 0.3 0.625 0.3 0.375 0.35 0.375 0.3 0.625 0.35 0.375 0.4 0.375 0.35 0.375 0.4 0.625 0.45 0.375 0.45 0.625 0.5 0.6875 0.75 0.625 0.75 0.6875 0.5 0.75 0.75 0.6875 0.75 0.8125 0.5 0.75 0.75 0.75 0.5 0.125 0.5 0.1875 0.75 0.125 0.75 0.1875 0.5 0.25 0.75 0.1875 0.75 0.3125 0.5 0.25 0.75 0.25 0.5 0.625 0.75 0.375 0.8125 0.375 0.75 0.375 0.8125 0.625 0.875 0.375 0.875 0.625 0.875 0.375 0.9375 0.375 0.875 0.375 0.25 0.625 0.3125 0.375 0.3125 0.375 0.3125 0.625 0.375 0.375 0.375 0.625 0.375 0.375 0.4375 0.375 0.375 0.325 0.5 0.375 0.5 0.375 0.5 0.625 0.45 0.375 0.5 0.375 0.45 0.625 0 0.375 0.25 0.375 0 0.375 0.45 0.625 0.5 0.375 0.5 0.625 0.5 0.375 0.75 0.375 0.5 0.625 0.95 0.375 1 0.375 0.9500001 0.375 0.5 0.325 0.75 0.325 0.5 0.875 0.5 0.825 0.75 0.825 0.5 0.825 0.5 0.875 0.5 0.875 0.5 0.375 0.25 0.625 0.25 0.375 0.25 0.375 0.25 0.625 0.3 0.625 0.25 0.625 0 0.375 0.25 0.375 0 0.625 0.45 0.375 0.5 0.375 0.45 0.625 0.5 0.375 0.75 0.375 0.5 0.625 0.95 0.375 1 0.375 0.9500001 0.375 0.5 0.325 0.75 0.325 0.5 0.875 0.5 0.825 0.75 0.825 0.5 0.625 0 0.375 0.25 0.375 0 0.625 0.4375 0.375 0.5 0.375 0.4375 0.625 0.5 0.375 0.75 0.375 0.5 0.625 0.9375 0.375 1 0.375 0.9375 0.375 0.5 0.3125 0.75 0.3125 0.5 0.875 0.5 0.8125 0.75 0.8125 0.5 0.375 0.4 0.625 0.35 0.375 0.35 0.375 0.5 0.625 0.45 0.375 0.45 0.375 0.25 0.625 0 0.375 0 0.375 0.5 0.625 0.45 0.375 0.45 0.375 0.75 0.625 0.5 0.375 0.5 0.375 0.9500001 0.625 1 0.625 0.95 0.325 0.75 0.375 0.5 0.325 0.5 0.825 0.75 0.875 0.5 0.825 0.5 0.625 0.5 0.675 0.5 0.625 0.5 0.375 0.45 0.625 0.4 0.375 0.4 0.375 0.3 0.625 0.35 0.625 0.3 0.375 0.25 0.625 0 0.375 0 0.375 0.5 0.625 0.45 0.375 0.45 0.375 0.75 0.625 0.5 0.375 0.5 0.375 1 0.625 0.95 0.375 0.9500001 0.325 0.75 0.375 0.5 0.325 0.5 0.825 0.75 0.875 0.5 0.825 0.5 0.375 0.25 0.625 0 0.375 0 0.375 0.5 0.625 0.4375 0.375 0.4375 0.375 0.75 0.625 0.5 0.375 0.5 0.375 1 0.625 0.9375 0.375 0.9375 0.3125 0.75 0.375 0.5 0.3125 0.5 0.8125 0.75 0.875 0.5 0.8125 0.5 0.375 0.5 0.625 0.5 0.375 0.5 0.675 0.5 0.7249999 0.5 0.7249999 0.5 0.7249999 0.5 0.775 0.5 0.7249999 0.5 0.775 0.5 0.825 0.5 0.775 0.5 0.625 0.25 0.375 0.3 0.375 0.25 0.625 0.3 0.375 0.35 0.375 0.3 0.375 0.35 0.625 0.4 0.375 0.4 0.375 0.4 0.625 0.45 0.375 0.45 0.125 0.5 0.175 0.5 0.175 0.5 0.175 0.5 0.225 0.5 0.225 0.5 0.225 0.5 0.275 0.5 0.225 0.5 0.275 0.5 0.325 0.5 0.275 0.5 0.625 0.5 0.675 0.75 0.675 0.5 0.675 0.5 0.725 0.75 0.7249999 0.5 0.725 0.75 0.775 0.5 0.7249999 0.5 0.775 0.75 0.825 0.5 0.775 0.5 0.125 0.5 0.175 0.75 0.175 0.5 0.175 0.5 0.225 0.75 0.225 0.5 0.225 0.5 0.275 0.75 0.275 0.5 0.275 0.75 0.325 0.5 0.275 0.5 0.375 0.8 0.625 0.75 0.375 0.75 0.375 0.8 0.625 0.85 0.625 0.8 0.375 0.9 0.625 0.85 0.375 0.85 0.375 0.9 0.625 0.95 0.625 0.9 0.375 0.25 0.625 0.3 0.625 0.25 0.375 0.35 0.625 0.3 0.375 0.3 0.375 0.35 0.625 0.4 0.625 0.35 0.375 0.4 0.625 0.45 0.625 0.4 0.625 0.5 0.675 0.75 0.675 0.5 0.675 0.5 0.725 0.75 0.7249999 0.5 0.725 0.75 0.775 0.5 0.7249999 0.5 0.775 0.75 0.825 0.5 0.775 0.5 0.125 0.5 0.175 0.75 0.175 0.5 0.175 0.5 0.225 0.75 0.225 0.5 0.225 0.75 0.275 0.5 0.225 0.5 0.275 0.75 0.325 0.5 0.275 0.5 0.375 0.8 0.625 0.75 0.375 0.75 0.375 0.8 0.625 0.85 0.625 0.8 0.375 0.9 0.625 0.85 0.375 0.85 0.375 0.9 0.625 0.95 0.625 0.9 0.375 0.3 0.625 0.25 0.375 0.25 0.375 0.3 0.625 0.35 0.625 0.3 0.375 0.4 0.625 0.35 0.375 0.35 0.375 0.4 0.625 0.45 0.625 0.4 0.625 0.5 0.6875 0.75 0.6875 0.5 0.6875 0.5 0.75 0.75 0.75 0.5 0.75 0.75 0.8125 0.5 0.75 0.5 0.125 0.5 0.1875 0.75 0.1875 0.5 0.1875 0.5 0.25 0.75 0.25 0.5 0.25 0.75 0.3125 0.5 0.25 0.5 0.375 0.8125 0.625 0.75 0.375 0.75 0.375 0.8125 0.625 0.875 0.625 0.8125 0.375 0.875 0.625 0.9375 0.625 0.875 0.375 0.3125 0.625 0.25 0.375 0.25 0.375 0.3125 0.625 0.375 0.625 0.3125 0.375 0.375 0.625 0.4375 0.625 0.375 0.625 0.5 0.675 0.75 0.625 0.75 0.675 0.5 0.725 0.75 0.675 0.75 0.7249999 0.5 0.775 0.75 0.725 0.75 0.825 0.5 0.775 0.75 0.775 0.5 0.125 0.5 0.175 0.75 0.125 0.75 0.175 0.5 0.225 0.75 0.175 0.75 0.275 0.5 0.225 0.75 0.225 0.5 0.325 0.5 0.275 0.75 0.275 0.5 0.375 0.75 0.625 0.8 0.375 0.8 0.625 0.8 0.375 0.85 0.375 0.8 0.625 0.85 0.375 0.9 0.375 0.85 0.375 0.9 0.625 0.95 0.375 0.9500001 0.375 0.25 0.625 0.3 0.375 0.3 0.625 0.3 0.375 0.35 0.375 0.3 0.625 0.35 0.375 0.4 0.375 0.35 0.625 0.4 0.375 0.45 0.375 0.4 0.625 0.5 0.675 0.75 0.625 0.75 0.675 0.5 0.725 0.75 0.675 0.75 0.775 0.5 0.725 0.75 0.7249999 0.5 0.825 0.5 0.775 0.75 0.775 0.5 0.125 0.5 0.175 0.75 0.125 0.75 0.175 0.5 0.225 0.75 0.175 0.75 0.225 0.5 0.275 0.75 0.225 0.75 0.325 0.5 0.275 0.75 0.275 0.5 0.375 0.75 0.625 0.8 0.375 0.8 0.625 0.8 0.375 0.85 0.375 0.8 0.375 0.85 0.625 0.9 0.375 0.9 0.625 0.9 0.375 0.9500001 0.375 0.9 0.375 0.25 0.625 0.3 0.375 0.3 0.625 0.3 0.375 0.35 0.375 0.3 0.625 0.35 0.375 0.4 0.375 0.35 0.375 0.4 0.625 0.45 0.375 0.45 0.625 0.5 0.6875 0.75 0.625 0.75 0.6875 0.5 0.75 0.75 0.6875 0.75 0.8125 0.5 0.75 0.75 0.75 0.5 0.125 0.5 0.1875 0.75 0.125 0.75 0.1875 0.5 0.25 0.75 0.1875 0.75 0.3125 0.5 0.25 0.75 0.25 0.5 0.625 0.75 0.375 0.8125 0.375 0.75 0.375 0.8125 0.625 0.875 0.375 0.875 0.625 0.875 0.375 0.9375 0.375 0.875 0.375 0.25 0.625 0.3125 0.375 0.3125 0.375 0.3125 0.625 0.375 0.375 0.375 0.625 0.375 0.375 0.4375 0.375 0.375 0.625 0.75 0.59375 1 0.59375 0.75 0.375 0.75 0.40625 1 0.375 1 0.40625 0.75 0.4375 1 0.40625 1 0.4375 0.75 0.46875 1 0.4375 1 0.46875 0.75 0.5 1 0.46875 1 0.5 0.75 0.53125 1 0.5 1 0.5625 0.75 0.53125 1 0.53125 0.75 0.59375 0.75 0.5625 1 0.5625 0.75 0.59375 0.75 0.625 1 0.59375 1 0.375 0.75 0.40625 1 0.375 1 0.40625 0.75 0.4375 1 0.40625 1 0.46875 0.75 0.4375 1 0.4375 0.75 0.5 0.75 0.46875 1 0.46875 0.75 0.5 0.75 0.53125 1 0.5 1 0.53125 0.75 0.5625 1 0.53125 1 0.5625 0.75 0.59375 1 0.5625 1 0.59375 0.75 0.625 1 0.59375 1 0.375 0.75 0.40625 1 0.375 1 0.40625 0.75 0.4375 1 0.40625 1 0.4375 0.75 0.46875 1 0.4375 1 0.46875 0.75 0.5 1 0.46875 1 0.5 0.75 0.53125 1 0.5 1 0.5625 0.75 0.53125 1 0.53125 0.75 0.5625 0.75 0.59375 1 0.5625 1 0.625 0.75 0.59375 1 0.59375 0.75 0.375 0.75 0.40625 1 0.375 1 0.40625 0.75 0.4375 1 0.40625 1 0.46875 0.75 0.4375 1 0.4375 0.75 0.5 0.75 0.46875 1 0.46875 0.75 0.53125 0.75 0.5 1 0.5 0.75 0.53125 0.75 0.5625 1 0.53125 1 0.5625 0.75 0.59375 1 0.5625 1 0.625 0.75 0.59375 1 0.59375 0.75 0.40625 0.75 0.375 1 0.375 0.75 0.40625 0.75 0.4375 1 0.40625 1 0.4375 0.75 0.46875 1 0.4375 1 0.5 0.75 0.46875 1 0.46875 0.75 0.5 0.75 0.53125 1 0.5 1 0.53125 0.75 0.5625 1 0.53125 1 0.59375 0.75 0.5625 1 0.5625 0.75 0.59375 0.75 0.625 1 0.59375 1 0.375 0.75 0.40625 1 0.375 1 0.40625 0.75 0.4375 1 0.40625 1 0.4375 0.75 0.46875 1 0.4375 1 0.5 0.75 0.46875 1 0.46875 0.75 0.53125 0.75 0.5 1 0.5 0.75 0.5625 0.75 0.53125 1 0.53125 0.75 0.59375 0.75 0.5625 1 0.5625 0.75 0.59375 0.75 0.625 1 0.59375 1 0.40625 0.75 0.375 1 0.375 0.75 0.4375 0.75 0.40625 1 0.40625 0.75 0.46875 0.75 0.4375 1 0.4375 0.75 0.5 0.75 0.46875 1 0.46875 0.75 0.53125 0.75 0.5 1 0.5 0.75 0.5625 0.75 0.53125 1 0.53125 0.75 0.59375 0.75 0.5625 1 0.5625 0.75 0.59375 0.75 0.625 1 0.59375 1 0.40625 0.75 0.375 1 0.375 0.75 0.4375 0.75 0.40625 1 0.40625 0.75 0.46875 0.75 0.4375 1 0.4375 0.75 0.46875 0.75 0.5 1 0.46875 1 0.53125 0.75 0.5 1 0.5 0.75 0.53125 0.75 0.5625 1 0.53125 1 0.5625 0.75 0.59375 1 0.5625 1 0.625 0.75 0.59375 1 0.59375 0.75 0.40625 0.75 0.375 1 0.375 0.75 0.4375 0.75 0.40625 1 0.40625 0.75 0.46875 0.75 0.4375 1 0.4375 0.75 0.5 0.75 0.46875 1 0.46875 0.75 0.53125 0.75 0.5 1 0.5 0.75 0.5625 0.75 0.53125 1 0.53125 0.75 0.5625 0.75 0.59375 1 0.5625 1 0.625 0.75 0.59375 1 0.59375 0.75 0.40625 0.75 0.375 1 0.375 0.75 0.4375 0.75 0.40625 1 0.40625 0.75 0.46875 0.75 0.4375 1 0.4375 0.75 0.46875 0.75 0.5 1 0.46875 1 0.5 0.75 0.53125 1 0.5 1 0.53125 0.75 0.5625 1 0.53125 1 0.5625 0.75 0.59375 1 0.5625 1 0.59375 0.75 0.625 1 0.59375 1 0.375 0.75 0.40625 1 0.375 1 0.40625 0.75 0.4375 1 0.40625 1 0.4375 0.75 0.46875 1 0.4375 1 0.5 0.75 0.46875 1 0.46875 0.75 0.53125 0.75 0.5 1 0.5 0.75 0.5625 0.75 0.53125 1 0.53125 0.75 0.59375 0.75 0.5625 1 0.5625 0.75 0.625 0.75 0.59375 1 0.59375 0.75 0.40625 0.75 0.375 1 0.375 0.75 0.4375 0.75 0.40625 1 0.40625 0.75 0.46875 0.75 0.4375 1 0.4375 0.75 0.46875 0.75 0.5 1 0.46875 1 0.5 0.75 0.53125 1 0.5 1 0.53125 0.75 0.5625 1 0.53125 1 0.59375 0.75 0.5625 1 0.5625 0.75 0.59375 0.75 0.625 1 0.59375 1 0.375 0.75 0.40625 1 0.375 1 0.40625 0.75 0.4375 1 0.40625 1 0.4375 0.75 0.46875 1 0.4375 1 0.46875 0.75 0.5 1 0.46875 1 0.53125 0.75 0.5 1 0.5 0.75 0.5625 0.75 0.53125 1 0.53125 0.75 0.5625 0.75 0.59375 1 0.5625 1 0.625 0.75 0.59375 1 0.59375 0.75 0.40625 0.75 0.375 1 0.375 0.75 0.4375 0.75 0.40625 1 0.40625 0.75 0.46875 0.75 0.4375 1 0.4375 0.75 0.5 0.75 0.46875 1 0.46875 0.75 0.53125 0.75 0.5 1 0.5 0.75 0.53125 0.75 0.5625 1 0.53125 1 0.59375 0.75 0.5625 1 0.5625 0.75 0.59375 0.75 0.625 1 0.59375 1 0.375 0.75 0.40625 1 0.375 1 0.4375 0.75 0.40625 1 0.40625 0.75 0.46875 0.75 0.4375 1 0.4375 0.75 0.5 0.75 0.46875 1 0.46875 0.75 0.53125 0.75 0.5 1 0.5 0.75 0.53125 0.75 0.5625 1 0.53125 1 0.5625 0.75 0.59375 1 0.5625 1 0.625 0.75 0.59375 1 0.59375 0.75 0.375 0.75 0.40625 1 0.375 1 0.4375 0.75 0.40625 1 0.40625 0.75 0.46875 0.75 0.4375 1 0.4375 0.75 0.5 0.75 0.46875 1 0.46875 0.75 0.5 0.75 0.53125 1 0.5 1 0.53125 0.75 0.5625 1 0.53125 1 0.59375 0.75 0.5625 1 0.5625 0.75 0.59375 0.75 0.625 1 0.59375 1 0.40625 0.75 0.375 1 0.375 0.75 0.40625 0.75 0.4375 1 0.40625 1 0.46875 0.75 0.4375 1 0.4375 0.75 0.5 0.75 0.46875 1 0.46875 0.75 0.5 0.75 0.53125 1 0.5 1 0.5625 0.75 0.53125 1 0.53125 0.75 0.59375 0.75 0.5625 1 0.5625 0.75 0.625 0.75 0.59375 1 0.59375 0.75 0.375 0.75 0.40625 1 0.375 1 0.40625 0.75 0.4375 1 0.40625 1 0.4375 0.75 0.46875 1 0.4375 1 0.46875 0.75 0.5 1 0.46875 1 0.53125 0.75 0.5 1 0.5 0.75 0.5625 0.75 0.53125 1 0.53125 0.75 0.59375 0.75 0.5625 1 0.5625 0.75 0.625 0.75 0.59375 1 0.59375 0.75 0.375 0.75 0.40625 1 0.375 1 0.4375 0.75 0.40625 1 0.40625 0.75 0.46875 0.75 0.4375 1 0.4375 0.75 0.5 0.75 0.46875 1 0.46875 0.75 0.53125 0.75 0.5 1 0.5 0.75 0.5625 0.75 0.53125 1 0.53125 0.75 0.5625 0.75 0.59375 1 0.5625 1 0.59375 0.75 0.625 1 0.59375 1 0.40625 0.75 0.375 1 0.375 0.75 0.4375 0.75 0.40625 1 0.40625 0.75 0.4375 0.75 0.46875 1 0.4375 1 0.46875 0.75 0.5 1 0.46875 1 0.5 0.75 0.53125 1 0.5 1 0.53125 0.75 0.5625 1 0.53125 1 0.5625 0.75 0.59375 1 0.5625 1 0.841844 0.02826887 0.5282689 0.1581559 0.6581561 0.4717311 0.59375 0.25 0.625 0 0.625 0.25 0.9375 0.5 1 1 0.9375 1 0.625 0.1875 0.625 0.25 0.5625 0.25 0.625 0.4375 0.625 0.5 0.5625 0.5 0.625 0.6875 0.625 0.75 0.5625 0.75 0.625 0.9375 0.625 1 0.5625 1 0.3125 0.6875 0.375 0.6875 0.375 0.75 0.8125 0.6875 0.875 0.6875 0.875 0.75 0.875 0.5625 0.875 0.625 0.8125 0.625 0.375 0.5625 0.375 0.625 0.3125 0.625 0.5625 0.5625 0.625 0.5625 0.625 0.625 0.5625 0.0625 0.625 0.0625 0.625 0.125 0.1875 0.5625 0.25 0.5625 0.25 0.625 0.6875 0.5625 0.75 0.5625 0.75 0.625 0.75 0.6875 0.75 0.75 0.6875 0.75 0.25 0.6875 0.25 0.75 0.1875 0.75 0.5625 0.8125 0.625 0.8125 0.625 0.875 0.5625 0.3125 0.625 0.3125 0.625 0.375 0.4375 0.3125 0.4375 0.375 0.375 0.375 0.4375 0.3125 0.5 0.3125 0.5 0.375 0.5625 0.3125 0.5625 0.375 0.5 0.375 0.4375 0.8125 0.4375 0.875 0.375 0.875 0.4375 0.8125 0.5 0.8125 0.5 0.875 0.5625 0.8125 0.5625 0.875 0.5 0.875 0.4375 0.0625 0.4375 0.125 0.375 0.125 0.4375 0.0625 0.5 0.0625 0.5 0.125 0.5625 0.0625 0.5625 0.125 0.5 0.125 0.4375 0.5625 0.4375 0.625 0.375 0.625 0.4375 0.5625 0.5 0.5625 0.5 0.625 0.5625 0.5625 0.5625 0.625 0.5 0.625 0.375 0.9375 0.4375 0.9375 0.4375 1 0.5 0.9375 0.5 1 0.4375 1 0.5 0.9375 0.5625 0.9375 0.5625 1 0.375 0.6875 0.4375 0.6875 0.4375 0.75 0.5 0.6875 0.5 0.75 0.4375 0.75 0.5 0.6875 0.5625 0.6875 0.5625 0.75 0.375 0.4375 0.4375 0.4375 0.4375 0.5 0.5 0.4375 0.5 0.5 0.4375 0.5 0.5 0.4375 0.5625 0.4375 0.5625 0.5 0.375 0.1875 0.4375 0.1875 0.4375 0.25 0.5 0.1875 0.5 0.25 0.4375 0.25 0.5 0.1875 0.5625 0.1875 0.5625 0.25 0.5 0.625 0.5625 0.625 0.5625 0.6875 0.5 0.625 0.5 0.6875 0.4375 0.6875 0.375 0.625 0.4375 0.625 0.4375 0.6875 0.5625 0 0.5625 0.0625 0.5 0.0625 0.4375 0 0.5 0 0.5 0.0625 0.4375 0 0.4375 0.0625 0.375 0.0625 0.25 0.625 0.25 0.6875 0.1875 0.6875 0.75 0.625 0.75 0.6875 0.6875 0.6875 0.5625 0 0.625 0 0.625 0.0625 0.8125 0.625 0.875 0.625 0.875 0.6875 0.3125 0.625 0.375 0.625 0.375 0.6875 0.625 0.625 0.625 0.6875 0.5625 0.6875 0.5 0.125 0.5625 0.125 0.5625 0.1875 0.5 0.125 0.5 0.1875 0.4375 0.1875 0.375 0.125 0.4375 0.125 0.4375 0.1875 0.5625 0.5 0.5625 0.5625 0.5 0.5625 0.4375 0.5 0.5 0.5 0.5 0.5625 0.4375 0.5 0.4375 0.5625 0.375 0.5625 0.6875 0.5 0.75 0.5 0.75 0.5625 0.1875 0.5 0.25 0.5 0.25 0.5625 0.5625 0.5 0.625 0.5 0.625 0.5625 0.375 0.5 0.375 0.5625 0.3125 0.5625 0.875 0.5 0.875 0.5625 0.8125 0.5625 0.625 0.125 0.625 0.1875 0.5625 0.1875 0.3125 0.5 0.3125 0.5625 0.25 0.5625 0.625 0.5 0.6875 0.5 0.6875 0.5625 0.25 0.625 0.3125 0.625 0.3125 0.6875 0.6875 0.625 0.6875 0.6875 0.625 0.6875 0.5 0.375 0.5625 0.375 0.5625 0.4375 0.5 0.375 0.5 0.4375 0.4375 0.4375 0.375 0.375 0.4375 0.375 0.4375 0.4375 0.5625 0.75 0.5625 0.8125 0.5 0.8125 0.4375 0.75 0.5 0.75 0.5 0.8125 0.4375 0.75 0.4375 0.8125 0.375 0.8125 0.5625 0.75 0.625 0.75 0.625 0.8125 0.6875 0.6875 0.6875 0.75 0.625 0.75 0.625 0.5625 0.6875 0.5625 0.6875 0.625 0.3125 0.5625 0.3125 0.625 0.25 0.625 0.25 0.6875 0.3125 0.6875 0.3125 0.75 0.625 0.375 0.625 0.4375 0.5625 0.4375 0.8125 0.5 0.8125 0.5625 0.75 0.5625 0.125 0.5 0.1875 0.5 0.1875 0.5625 0.75 0.625 0.8125 0.625 0.8125 0.6875 0.1875 0.625 0.1875 0.6875 0.125 0.6875 0.5 0.875 0.5625 0.875 0.5625 0.9375 0.5 0.875 0.5 0.9375 0.4375 0.9375 0.375 0.875 0.4375 0.875 0.4375 0.9375 0.5625 0.25 0.5625 0.3125 0.5 0.3125 0.4375 0.25 0.5 0.25 0.5 0.3125 0.4375 0.25 0.4375 0.3125 0.375 0.3125 0.5625 0.25 0.625 0.25 0.625 0.3125 0.1875 0.6875 0.1875 0.75 0.125 0.75 0.125 0.5625 0.1875 0.5625 0.1875 0.625 0.8125 0.5625 0.8125 0.625 0.75 0.625 0.75 0.6875 0.8125 0.6875 0.8125 0.75 0.625 0.875 0.625 0.9375 0.5625 0.9375 0.40625 0.5 0.40625 0.75 0.375 0.75 0.59375 0.25 0.625 0.25 0.625 0.5 0.59375 0.5 0.59375 0.75 0.5625 0.75 0.4375 0.25 0.4375 0 0.46875 0 0.875 0.5 0.875 0.75 0.625 0.75 0.375 0.25 0.375 0 0.40625 0 0.5625 0.25 0.5625 0 0.59375 0 0.53125 0.75 0.5 0.75 0.5 0.5 0.40625 0.25 0.40625 0 0.4375 0 0.59375 0.25 0.59375 0 0.625 0 0.53125 0.25 0.53125 0 0.5625 0 0.5625 0.5 0.5625 0.75 0.53125 0.75 0.375 0.25 0.375 0 0.40625 0 0.375 0.75 0.125 0.75 0.125 0.5 0.59375 0.25 0.59375 0 0.625 0 0.4375 0.5 0.4375 0.75 0.40625 0.75 0.46875 0.75 0.4375 0.75 0.4375 0.5 0.5 0.75 0.46875 0.75 0.46875 0.5 0.53125 0.5 0.53125 0.75 0.5 0.75 0.5625 0.5 0.5625 0.75 0.53125 0.75 0.40625 0.25 0.40625 0.5 0.375 0.5 0.4375 0.25 0.4375 0.5 0.40625 0.5 0.46875 0.25 0.46875 0.5 0.4375 0.5 0.5 0.25 0.5 0.5 0.46875 0.5 0.5 0.25 0.53125 0.25 0.53125 0.5 0.53125 0.25 0.5625 0.25 0.5625 0.5 0.5625 0.25 0.59375 0.25 0.59375 0.5 0.40625 0 0.4375 0 0.4375 0.25 0.4375 0.25 0.4375 0 0.46875 0 0.46875 0.25 0.46875 0 0.5 0 0.5 0.25 0.5 0 0.53125 0 0.53125 0.25 0.53125 0 0.5625 0 0.5625 0.25 0.5625 0 0.59375 0 0.625 0.75 0.59375 0.75 0.59375 0.5 0.40625 0.5 0.40625 0.75 0.375 0.75 0.59375 0.25 0.625 0.25 0.625 0.5 0.59375 0.5 0.59375 0.75 0.5625 0.75 0.4375 0.5 0.4375 0.75 0.40625 0.75 0.875 0.75 0.625 0.75 0.625 0.5 0.375 0.25 0.375 0 0.40625 0 0.5 0.25 0.5 0 0.53125 0 0.625 0.5 0.875 0.5 0.875 0.75 0.59375 0.5 0.59375 0.75 0.5625 0.75 0.40625 0.5 0.40625 0.75 0.375 0.75 0.46875 0.5 0.46875 0.75 0.4375 0.75 0.46875 0.25 0.46875 0 0.5 0 0.59375 0.75 0.59375 0.5 0.625 0.5 0.375 0.5 0.375 0.75 0.125 0.75 0.59375 0 0.625 0 0.625 0.25 0.4375 0.75 0.40625 0.75 0.40625 0.5 0.46875 0.75 0.4375 0.75 0.4375 0.5 0.5 0.75 0.46875 0.75 0.46875 0.5 0.53125 0.75 0.5 0.75 0.5 0.5 0.5625 0.5 0.5625 0.75 0.53125 0.75 0.40625 0.25 0.40625 0.5 0.375 0.5 0.4375 0.25 0.4375 0.5 0.40625 0.5 0.4375 0.25 0.46875 0.25 0.46875 0.5 0.5 0.25 0.5 0.5 0.46875 0.5 0.53125 0.25 0.53125 0.5 0.5 0.5 0.5625 0.25 0.5625 0.5 0.53125 0.5 0.5625 0.25 0.59375 0.25 0.59375 0.5 0.40625 0.25 0.40625 0 0.4375 0 0.4375 0.25 0.4375 0 0.46875 0 0.46875 0 0.5 0 0.5 0.25 0.5 0.25 0.5 0 0.53125 0 0.53125 0 0.5625 0 0.5625 0.25 0.5625 0 0.59375 0 0.59375 0.25 0.625 0.5 0.625 0.75 0.59375 0.75 0.40625 0.75 0.375 0.75 0.375 0.5 0.625 0.25 0.625 0.5 0.59375 0.5 0.125 0.5 0.375 0.5 0.375 0.75 0.875 0.75 0.625 0.75 0.625 0.5 0.375 0.25 0.375 0 0.40625 0 0.46875 0.5 0.5 0.5 0.5 0.75 0.46875 0.25 0.4375 0.25 0.4375 0 0.59375 0.25 0.5625 0.25 0.5625 0 0.5 0.5 0.53125 0.5 0.53125 0.75 0.4375 0.25 0.40625 0.25 0.40625 0 0.59375 0 0.625 0 0.625 0.25 0.5625 0.25 0.53125 0.25 0.53125 0 0.375 0.75 0.125 0.75 0.125 0.5 0.59375 0 0.625 0 0.625 0.25 0.4375 0.5 0.4375 0.75 0.40625 0.75 0.46875 0.75 0.4375 0.75 0.4375 0.5 0.5 0.75 0.46875 0.75 0.46875 0.5 0.40625 0.25 0.40625 0.5 0.375 0.5 0.40625 0.25 0.4375 0.25 0.4375 0.5 0.46875 0.25 0.46875 0.5 0.4375 0.5 0.5 0.25 0.5 0.5 0.46875 0.5 0.53125 0.25 0.53125 0.5 0.5 0.5 0.53125 0.25 0.5625 0.25 0.5625 0.5 0.5625 0.25 0.59375 0.25 0.59375 0.5 0.40625 0.25 0.40625 0 0.4375 0 0.4375 0.25 0.4375 0 0.46875 0 0.46875 0.25 0.46875 0 0.5 0 0.5 0.25 0.5 0 0.53125 0 0.53125 0 0.5625 0 0.5625 0.25 0.5625 0 0.59375 0 0.59375 0.25 0.625 0.5 0.625 0.75 0.59375 0.75 0.40625 0.75 0.375 0.75 0.375 0.5 0.625 0.25 0.625 0.5 0.59375 0.5 0.59375 0.5 0.59375 0.75 0.5625 0.75 0.53125 0.5 0.5625 0.5 0.5625 0.75 0.875 0.5 0.875 0.75 0.625 0.75 0.375 0.25 0.375 0 0.40625 0 0.40625 0.25 0.375 0.25 0.375 0 0.4375 0.5 0.4375 0.75 0.40625 0.75 0.5 0.25 0.5 0 0.53125 0 0.5625 0.5 0.59375 0.5 0.59375 0.75 0.875 0.5 0.875 0.75 0.625 0.75 0.40625 0.75 0.375 0.75 0.375 0.5 0.46875 0.5 0.46875 0.75 0.4375 0.75 0.375 0.75 0.125 0.75 0.125 0.5 0.625 0.25 0.59375 0.25 0.59375 0 0.4375 0.5 0.4375 0.75 0.40625 0.75 0.46875 0.75 0.4375 0.75 0.4375 0.5 0.5 0.75 0.46875 0.75 0.46875 0.5 0.53125 0.75 0.5 0.75 0.5 0.5 0.5625 0.5 0.5625 0.75 0.53125 0.75 0.375 0.25 0.40625 0.25 0.40625 0.5 0.40625 0.25 0.4375 0.25 0.4375 0.5 0.4375 0.25 0.46875 0.25 0.46875 0.5 0.5 0.25 0.5 0.5 0.46875 0.5 0.53125 0.25 0.53125 0.5 0.5 0.5 0.53125 0.25 0.5625 0.25 0.5625 0.5 0.5625 0.25 0.59375 0.25 0.59375 0.5 0.40625 0.25 0.40625 0 0.4375 0 0.4375 0.25 0.4375 0 0.46875 0 0.46875 0.25 0.46875 0 0.5 0 0.5 0 0.53125 0 0.53125 0.25 0.53125 0 0.5625 0 0.5625 0.25 0.5625 0 0.59375 0 0.59375 0.25 0.625 0.75 0.59375 0.75 0.59375 0.5 0.625 0.25 0.625 0.5 0.59375 0.5 0.59375 0.75 0.5625 0.75 0.5625 0.5 0.5 0.25 0.46875 0.25 0.46875 0 0.875 0.5 0.875 0.75 0.625 0.75 0.375 0.25 0.375 0 0.40625 0 0.625 0.75 0.59375 0.75 0.59375 0.5 0.375 0.5 0.375 0.75 0.125 0.75 0.5 0.5 0.5 0.75 0.46875 0.75 0.46875 0.25 0.4375 0.25 0.4375 0 0.59375 0.25 0.5625 0.25 0.5625 0 0.53125 0.5 0.53125 0.75 0.5 0.75 0.40625 0.25 0.40625 0 0.4375 0 0.375 0.5 0.375 0.75 0.125 0.75 0.59375 0.25 0.59375 0 0.625 0 0.4375 0.5 0.4375 0.75 0.40625 0.75 0.46875 0.75 0.4375 0.75 0.4375 0.5 0.5 0.75 0.46875 0.75 0.46875 0.5 0.53125 0.5 0.53125 0.75 0.5 0.75 0.5625 0.75 0.53125 0.75 0.53125 0.5 0.375 0.25 0.40625 0.25 0.40625 0.5 0.40625 0.25 0.4375 0.25 0.4375 0.5 0.4375 0.25 0.46875 0.25 0.46875 0.5 0.46875 0.25 0.5 0.25 0.5 0.5 0.53125 0.25 0.53125 0.5 0.5 0.5 0.5625 0.25 0.5625 0.5 0.53125 0.5 0.59375 0.25 0.59375 0.5 0.5625 0.5 0.40625 0.25 0.40625 0 0.4375 0 0.4375 0.25 0.4375 0 0.46875 0 0.46875 0.25 0.46875 0 0.5 0 0.5 0.25 0.5 0 0.53125 0 0.53125 0 0.5625 0 0.5625 0.25 0.5625 0 0.59375 0 0.59375 0.25 0.625 0.75 0.59375 0.75 0.59375 0.5 0.40625 0.75 0.375 0.75 0.375 0.5 0.59375 0.25 0.625 0.25 0.625 0.5 0.59375 0.25 0.59375 0 0.625 0 0.875 0.75 0.625 0.75 0.625 0.5 0.375 0.25 0.375 0 0.40625 0 0.5625 0.25 0.53125 0.25 0.53125 0 0.5625 0.5 0.5625 0.75 0.53125 0.75 0.375 0.25 0.375 0 0.40625 0 0.40625 0.5 0.4375 0.5 0.4375 0.75 0.5 0.25 0.5 0 0.53125 0 0.59375 0.5 0.59375 0.75 0.5625 0.75 0.625 0.5 0.875 0.5 0.875 0.75 0.375 0.75 0.125 0.75 0.125 0.5 0.40625 0.25 0.40625 0.5 0.375 0.5 0.40625 0.25 0.4375 0.25 0.4375 0.5 0.4375 0.25 0.46875 0.25 0.46875 0.5 0.46875 0.25 0.5 0.25 0.5 0.5 0.53125 0.25 0.53125 0.5 0.5 0.5 0.5625 0.25 0.5625 0.5 0.53125 0.5 0.59375 0.25 0.59375 0.5 0.5625 0.5 0.40625 0.25 0.40625 0 0.4375 0 0.4375 0.25 0.4375 0 0.46875 0 0.46875 0.25 0.46875 0 0.5 0 0.5 0 0.53125 0 0.53125 0.25 0.53125 0 0.5625 0 0.5625 0.25 0.5625 0.25 0.5625 0 0.59375 0 0.625 0.5 0.625 0.75 0.59375 0.75 0.40625 0.75 0.375 0.75 0.375 0.5 0.59375 0.25 0.625 0.25 0.625 0.5 0.59375 0.75 0.5625 0.75 0.5625 0.5 0.375 0.5 0.40625 0.5 0.40625 0.75 0.875 0.75 0.625 0.75 0.625 0.5 0.375 0 0.40625 0 0.40625 0.25 0.4375 0.5 0.46875 0.5 0.46875 0.75 0.5 0 0.5 0.25 0.46875 0.25 0.375 0.5 0.375 0.75 0.125 0.75 0.5 0.5 0.5 0.75 0.46875 0.75 0.46875 0 0.46875 0.25 0.4375 0.25 0.5 0.5 0.53125 0.5 0.53125 0.75 0.4375 0.25 0.40625 0.25 0.40625 0 0.375 0.5 0.375 0.75 0.125 0.75 0.59375 0.25 0.59375 0 0.625 0 0.4375 0.5 0.4375 0.75 0.40625 0.75 0.46875 0.5 0.46875 0.75 0.4375 0.75 0.5 0.75 0.46875 0.75 0.46875 0.5 0.53125 0.75 0.5 0.75 0.5 0.5 0.5625 0.75 0.53125 0.75 0.53125 0.5 0.375 0.25 0.40625 0.25 0.40625 0.5 0.4375 0.25 0.4375 0.5 0.40625 0.5 0.4375 0.25 0.46875 0.25 0.46875 0.5 0.46875 0.25 0.5 0.25 0.5 0.5 0.53125 0.25 0.53125 0.5 0.5 0.5 0.53125 0.25 0.5625 0.25 0.5625 0.5 0.5625 0.25 0.59375 0.25 0.59375 0.5 0.40625 0 0.4375 0 0.4375 0.25 0.4375 0 0.46875 0 0.46875 0.25 0.46875 0 0.5 0 0.5 0.25 0.5 0 0.53125 0 0.53125 0.25 0.53125 0 0.5625 0 0.5625 0.25 0.5625 0.25 0.5625 0 0.59375 0 0.625 0.5 0.625 0.75 0.59375 0.75 0.59375 0.25 0.625 0.25 0.625 0.5 0.59375 0.5 0.59375 0.75 0.5625 0.75 0.59375 0 0.625 0 0.625 0.25 0.875 0.75 0.625 0.75 0.625 0.5 0.375 0 0.40625 0 0.40625 0.25 0.53125 0.5 0.5625 0.5 0.5625 0.75 0.40625 0 0.40625 0.25 0.375 0.25 0.4375 0.5 0.4375 0.75 0.40625 0.75 0.5625 0.5 0.59375 0.5 0.59375 0.75 0.875 0.5 0.875 0.75 0.625 0.75 0.375 0.5 0.40625 0.5 0.40625 0.75 0.375 0.5 0.375 0.75 0.125 0.75 0.59375 0 0.625 0 0.625 0.25 0.4375 0.75 0.40625 0.75 0.40625 0.5 0.46875 0.75 0.4375 0.75 0.4375 0.5 0.5 0.75 0.46875 0.75 0.46875 0.5 0.53125 0.5 0.53125 0.75 0.5 0.75 0.5625 0.5 0.5625 0.75 0.53125 0.75 0.375 0.25 0.40625 0.25 0.40625 0.5 0.4375 0.25 0.4375 0.5 0.40625 0.5 0.46875 0.25 0.46875 0.5 0.4375 0.5 0.5 0.25 0.5 0.5 0.46875 0.5 0.5 0.25 0.53125 0.25 0.53125 0.5 0.53125 0.25 0.5625 0.25 0.5625 0.5 0.59375 0.25 0.59375 0.5 0.5625 0.5 0.40625 0 0.4375 0 0.4375 0.25 0.4375 0 0.46875 0 0.46875 0.25 0.46875 0.25 0.46875 0 0.5 0 0.5 0.25 0.5 0 0.53125 0 0.53125 0.25 0.53125 0 0.5625 0 0.5625 0.25 0.5625 0 0.59375 0 0.625 0.5 0.625 0.75 0.59375 0.75 0.40625 0.75 0.375 0.75 0.375 0.5 0.59375 0.25 0.625 0.25 0.625 0.5 0.4375 0.5 0.46875 0.5 0.46875 0.75 0.875 0.5 0.875 0.75 0.625 0.75 0.375 0 0.40625 0 0.40625 0.25 0.125 0.5 0.375 0.5 0.375 0.75 0.5 0.5 0.5 0.75 0.46875 0.75 0.53125 0.5 0.53125 0.75 0.5 0.75 0.59375 0 0.625 0 0.625 0.25 0.0625 0.5 0.0625 1 0 1 0.375 0.5 0.375 0.75 0.125 0.75 0.375 0.25 0.40625 0.25 0.40625 0.5 0.40625 0.25 0.4375 0.25 0.4375 0.5 0.4375 0.25 0.46875 0.25 0.46875 0.5 0.46875 0.25 0.5 0.25 0.5 0.5 0.53125 0.25 0.53125 0.5 0.5 0.5 0.5625 0.25 0.5625 0.5 0.53125 0.5 0.5625 0.25 0.59375 0.25 0.59375 0.5 0.40625 0 0.4375 0 0.4375 0.25 0.4375 0.25 0.4375 0 0.46875 0 0.46875 0.25 0.46875 0 0.5 0 0.5 0 0.53125 0 0.53125 0.25 0.53125 0 0.5625 0 0.5625 0.25 0.5625 0 0.59375 0 0.59375 0.25 0.625 0.5 0.625 0.75 0.59375 0.75 0.40625 0.75 0.375 0.75 0.375 0.5 0.625 0.25 0.625 0.5 0.59375 0.5 0.59375 0.5 0.59375 0.75 0.5625 0.75 0.5625 0.5 0.5625 0.75 0.53125 0.75 0.875 0.5 0.875 0.75 0.625 0.75 0.375 0 0.40625 0 0.40625 0.25 0.4375 0.5 0.4375 0.75 0.40625 0.75 0.59375 0.5 0.59375 0.75 0.5625 0.75 0.375 0.5 0.40625 0.5 0.40625 0.75 0.46875 0.5 0.46875 0.75 0.4375 0.75 0.375 0.5 0.375 0.75 0.125 0.75 0.625 0.25 0.59375 0.25 0.59375 0 0.4375 0.75 0.40625 0.75 0.40625 0.5 0.46875 0.75 0.4375 0.75 0.4375 0.5 0.5 0.75 0.46875 0.75 0.46875 0.5 0.53125 0.75 0.5 0.75 0.5 0.5 0.5625 0.5 0.5625 0.75 0.53125 0.75 0.40625 0.25 0.40625 0.5 0.375 0.5 0.4375 0.25 0.4375 0.5 0.40625 0.5 0.46875 0.25 0.46875 0.5 0.4375 0.5 0.5 0.25 0.5 0.5 0.46875 0.5 0.53125 0.25 0.53125 0.5 0.5 0.5 0.53125 0.25 0.5625 0.25 0.5625 0.5 0.5625 0.25 0.59375 0.25 0.59375 0.5 0.40625 0 0.4375 0 0.4375 0.25 0.4375 0 0.46875 0 0.46875 0.25 0.46875 0 0.5 0 0.5 0.25 0.5 0.25 0.5 0 0.53125 0 0.53125 0.25 0.53125 0 0.5625 0 0.5625 0 0.59375 0 0.59375 0.25 0.625 0.5 0.625 0.75 0.59375 0.75 0.625 0.25 0.625 0.5 0.59375 0.5 0.59375 0.5 0.59375 0.75 0.5625 0.75 0.46875 0.5 0.5 0.5 0.5 0.75 0.125 1 0.0625 1 0.0625 0.5 0.5 0.5 0.53125 0.5 0.53125 0.75 0.53125 0.5 0.5625 0.5 0.5625 0.75 0.59375 0 0.625 0 0.625 0.25 0.4375 0.5 0.4375 0.75 0.40625 0.75 0.46875 0.75 0.4375 0.75 0.4375 0.5 0.5 0.75 0.46875 0.75 0.46875 0.5 0.53125 0.75 0.5 0.75 0.5 0.5 0.5625 0.75 0.53125 0.75 0.53125 0.5 0.375 0.25 0.40625 0.25 0.40625 0.5 0.40625 0.25 0.4375 0.25 0.4375 0.5 0.4375 0.25 0.46875 0.25 0.46875 0.5 0.46875 0.25 0.5 0.25 0.5 0.5 0.5 0.25 0.53125 0.25 0.53125 0.5 0.53125 0.25 0.5625 0.25 0.5625 0.5 0.5625 0.25 0.59375 0.25 0.59375 0.5 0.46875 0.25 0.46875 0 0.5 0 0.5 0 0.53125 0 0.53125 0.25 0.53125 0 0.5625 0 0.5625 0.25 0.5625 0 0.59375 0 0.59375 0.25 0.625 0.5 0.625 0.75 0.59375 0.75 0.40625 0.75 0.375 0.75 0.375 0.5 0.59375 0.25 0.625 0.25 0.625 0.5 0.875 0.5 0.875 0.75 0.625 0.75 0.375 0 0.40625 0 0.40625 0.25 0.59375 0.5 0.59375 0.75 0.5625 0.75 0.375 0.5 0.40625 0.5 0.40625 0.75 0.1875 1 0.125 1 0.125 0.5 0.375 0.5 0.375 0.75 0.125 0.75 0.40625 0.25 0.40625 0.5 0.375 0.5 0.4375 0.25 0.4375 0.5 0.40625 0.5 0.46875 0.25 0.46875 0.5 0.4375 0.5 0.5 0.25 0.5 0.5 0.46875 0.5 0.53125 0.25 0.53125 0.5 0.5 0.5 0.5625 0.25 0.5625 0.5 0.53125 0.5 0.59375 0.25 0.59375 0.5 0.5625 0.5 0.40625 0 0.4375 0 0.4375 0.25 0.4375 0 0.46875 0 0.46875 0.25 0.46875 0 0.5 0 0.5 0.25 0.5 0 0.53125 0 0.53125 0.25 0.53125 0 0.5625 0 0.5625 0.25 0.5625 0 0.59375 0 0.59375 0.25 0.625 0.5 0.625 0.75 0.59375 0.75 0.40625 0.75 0.375 0.75 0.375 0.5 0.625 0.25 0.625 0.5 0.59375 0.5 0.59375 0.5 0.59375 0.75 0.5625 0.75 0.875 0.75 0.625 0.75 0.625 0.5 0.375 0.25 0.375 0 0.40625 0 0.25 1 0.1875 1 0.1875 0.5 0.375 0.75 0.125 0.75 0.125 0.5 0.625 0.25 0.59375 0.25 0.59375 0 0.4375 0.75 0.40625 0.75 0.40625 0.5 0.46875 0.75 0.4375 0.75 0.4375 0.5 0.5 0.5 0.5 0.75 0.46875 0.75 0.53125 0.75 0.5 0.75 0.5 0.5 0.5625 0.75 0.53125 0.75 0.53125 0.5 0.375 0.25 0.40625 0.25 0.40625 0.5 0.40625 0.25 0.4375 0.25 0.4375 0.5 0.46875 0.25 0.46875 0.5 0.4375 0.5 0.5 0.25 0.5 0.5 0.46875 0.5 0.5 0.25 0.53125 0.25 0.53125 0.5 0.53125 0.25 0.5625 0.25 0.5625 0.5 0.59375 0.25 0.59375 0.5 0.5625 0.5 0.40625 0.25 0.40625 0 0.4375 0 0.4375 0 0.46875 0 0.46875 0.25 0.46875 0 0.5 0 0.5 0.25 0.5 0.25 0.5 0 0.53125 0 0.53125 0.25 0.53125 0 0.5625 0 0.5625 0.25 0.5625 0 0.59375 0 0.625 0.5 0.625 0.75 0.59375 0.75 0.625 0.25 0.625 0.5 0.59375 0.5 0.59375 0.75 0.5625 0.75 0.5625 0.5 0.59375 0 0.625 0 0.625 0.25 0.4375 0.5 0.4375 0.75 0.40625 0.75 0.46875 0.75 0.4375 0.75 0.4375 0.5 0.5 0.75 0.46875 0.75 0.46875 0.5 0.53125 0.75 0.5 0.75 0.5 0.5 0.5625 0.5 0.5625 0.75 0.53125 0.75 0.40625 0.25 0.40625 0.5 0.375 0.5 0.4375 0.25 0.4375 0.5 0.40625 0.5 0.46875 0.25 0.46875 0.5 0.4375 0.5 0.46875 0.25 0.5 0.25 0.5 0.5 0.5 0.25 0.53125 0.25 0.53125 0.5 0.53125 0.25 0.5625 0.25 0.5625 0.5 0.5625 0.25 0.59375 0.25 0.59375 0.5 0.625 0.75 0.59375 0.75 0.59375 0.5 0.375 0.75 0.375 0.5 0.40625 0.5 0.625 0.25 0.625 0.5 0.59375 0.5 0.3125 1 0.25 1 0.25 0.5 0.875 0.5 0.875 0.75 0.625 0.75 0.375 0 0.40625 0 0.40625 0.25 0.375 0.75 0.125 0.75 0.125 0.5 0.375 0.25 0.40625 0.25 0.40625 0.5 0.40625 0.25 0.4375 0.25 0.4375 0.5 0.4375 0.25 0.46875 0.25 0.46875 0.5 0.5 0.25 0.5 0.5 0.46875 0.5 0.5 0.25 0.53125 0.25 0.53125 0.5 0.53125 0.25 0.5625 0.25 0.5625 0.5 0.5625 0.25 0.59375 0.25 0.59375 0.5 0.40625 0 0.4375 0 0.4375 0.25 0.4375 0.25 0.4375 0 0.46875 0 0.46875 0 0.5 0 0.5 0.25 0.5 0 0.53125 0 0.53125 0.25 0.53125 0 0.5625 0 0.5625 0.25 0.5625 0 0.59375 0 0.59375 0.25 0.625 0.5 0.625 0.75 0.59375 0.75 0.40625 0.75 0.375 0.75 0.375 0.5 0.625 0.25 0.625 0.5 0.59375 0.5 0.59375 0.5 0.59375 0.75 0.5625 0.75 0.875 0.75 0.625 0.75 0.625 0.5 0.375 0.25 0.375 0 0.40625 0 0.375 0.5 0.375 1 0.3125 1 0.375 0.5 0.375 0.75 0.125 0.75 0.625 0.25 0.59375 0.25 0.59375 0 0.4375 0.75 0.40625 0.75 0.40625 0.5 0.46875 0.75 0.4375 0.75 0.4375 0.5 0.5 0.5 0.5 0.75 0.46875 0.75 0.53125 0.5 0.53125 0.75 0.5 0.75 0.5625 0.5 0.5625 0.75 0.53125 0.75 0.40625 0.25 0.40625 0.5 0.375 0.5 0.4375 0.25 0.4375 0.5 0.40625 0.5 0.46875 0.25 0.46875 0.5 0.4375 0.5 0.5 0.25 0.5 0.5 0.46875 0.5 0.53125 0.25 0.53125 0.5 0.5 0.5 0.53125 0.25 0.5625 0.25 0.5625 0.5 0.5625 0.25 0.59375 0.25 0.59375 0.5 0.40625 0 0.4375 0 0.4375 0.25 0.4375 0 0.46875 0 0.46875 0.25 0.46875 0 0.5 0 0.5 0.25 0.5 0.25 0.5 0 0.53125 0 0.53125 0.25 0.53125 0 0.5625 0 0.5625 0 0.59375 0 0.59375 0.25 0.625 0.5 0.625 0.75 0.59375 0.75 0.625 0.25 0.625 0.5 0.59375 0.5 0.59375 0.5 0.59375 0.75 0.5625 0.75 0.59375 0 0.625 0 0.625 0.25 0.4375 0.5 0.4375 0.75 0.40625 0.75 0.46875 0.5 0.46875 0.75 0.4375 0.75 0.5 0.75 0.46875 0.75 0.46875 0.5 0.53125 0.5 0.53125 0.75 0.5 0.75 0.5625 0.5 0.5625 0.75 0.53125 0.75 0.40625 0.25 0.40625 0.5 0.375 0.5 0.40625 0.25 0.4375 0.25 0.4375 0.5 0.4375 0.25 0.46875 0.25 0.46875 0.5 0.5 0.25 0.5 0.5 0.46875 0.5 0.53125 0.25 0.53125 0.5 0.5 0.5 0.53125 0.25 0.5625 0.25 0.5625 0.5 0.5625 0.25 0.59375 0.25 0.59375 0.5 0.40625 0.75 0.375 0.75 0.375 0.5 0.59375 0.25 0.625 0.25 0.625 0.5 0.875 0.5 0.875 0.75 0.625 0.75 0.375 0.25 0.375 0 0.40625 0 0.4375 0.5 0.4375 1 0.375 1 0.375 0.75 0.125 0.75 0.125 0.5 0.40625 0.25 0.40625 0.5 0.375 0.5 0.4375 0.25 0.4375 0.5 0.40625 0.5 0.4375 0.25 0.46875 0.25 0.46875 0.5 0.46875 0.25 0.5 0.25 0.5 0.5 0.53125 0.25 0.53125 0.5 0.5 0.5 0.5625 0.25 0.5625 0.5 0.53125 0.5 0.59375 0.25 0.59375 0.5 0.5625 0.5 0.40625 0.25 0.40625 0 0.4375 0 0.4375 0.25 0.4375 0 0.46875 0 0.46875 0.25 0.46875 0 0.5 0 0.5 0 0.53125 0 0.53125 0.25 0.53125 0 0.5625 0 0.5625 0.25 0.5625 0 0.59375 0 0.59375 0.25 0.625 0.5 0.625 0.75 0.59375 0.75 0.40625 0.75 0.375 0.75 0.375 0.5 0.59375 0.25 0.625 0.25 0.625 0.5 0.59375 0.5 0.59375 0.75 0.5625 0.75 0.875 0.75 0.625 0.75 0.625 0.5 0.375 0.25 0.375 0 0.40625 0 0.5 1 0.4375 1 0.4375 0.5 0.375 0.75 0.125 0.75 0.125 0.5 0.625 0.25 0.59375 0.25 0.59375 0 0.4375 0.75 0.40625 0.75 0.40625 0.5 0.46875 0.75 0.4375 0.75 0.4375 0.5 0.5 0.5 0.5 0.75 0.46875 0.75 0.53125 0.75 0.5 0.75 0.5 0.5 0.5625 0.75 0.53125 0.75 0.53125 0.5 0.375 0.25 0.40625 0.25 0.40625 0.5 0.40625 0.25 0.4375 0.25 0.4375 0.5 0.4375 0.25 0.46875 0.25 0.46875 0.5 0.46875 0.25 0.5 0.25 0.5 0.5 0.5 0.25 0.53125 0.25 0.53125 0.5 0.5625 0.25 0.5625 0.5 0.53125 0.5 0.5625 0.25 0.59375 0.25 0.59375 0.5 0.40625 0.25 0.40625 0 0.4375 0 0.4375 0.25 0.4375 0 0.46875 0 0.46875 0.25 0.46875 0 0.5 0 0.5 0 0.53125 0 0.53125 0.25 0.53125 0 0.5625 0 0.5625 0.25 0.5625 0 0.59375 0 0.59375 0.25 0.625 0.5 0.625 0.75 0.59375 0.75 0.625 0.25 0.625 0.5 0.59375 0.5 0.59375 0.5 0.59375 0.75 0.5625 0.75 0.4375 0.5 0.4375 0.75 0.40625 0.75 0.46875 0.5 0.46875 0.75 0.4375 0.75 0.5 0.5 0.5 0.75 0.46875 0.75 0.53125 0.5 0.53125 0.75 0.5 0.75 0.5625 0.5 0.5625 0.75 0.53125 0.75 0.375 0.25 0.40625 0.25 0.40625 0.5 0.40625 0.25 0.4375 0.25 0.4375 0.5 0.4375 0.25 0.46875 0.25 0.46875 0.5 0.46875 0.25 0.5 0.25 0.5 0.5 0.5 0.25 0.53125 0.25 0.53125 0.5 0.53125 0.25 0.5625 0.25 0.5625 0.5 0.59375 0.25 0.59375 0.5 0.5625 0.5 0.875 1 0.875 0.5 0.9375 0.5 0.8125 1 0.8125 0.5 0.875 0.5 0.75 0.5 0.8125 0.5 0.8125 1 0.6875 0.5 0.75 0.5 0.75 1 0.625 0.5 0.6875 0.5 0.6875 1 0.5625 0.5 0.625 0.5 0.625 1 0.5625 1 0.5 1 0.5 0.5 0.4197056 0.4197056 0.341844 0.4717311 0.25 0.49 0.25 0.49 0.158156 0.4717311 0.08029443 0.4197057 0.08029443 0.4197057 0.02826893 0.341844 0.00999999 0.25 0.00999999 0.25 0.02826887 0.1581559 0.08029437 0.08029431 0.08029437 0.08029431 0.158156 0.02826887 0.25 0.00999999 0.25 0.00999999 0.341844 0.02826887 0.4197056 0.08029437 0.4197056 0.08029437 0.4717311 0.1581559 0.49 0.25 0.49 0.25 0.4717311 0.341844 0.4197056 0.4197056 0.4197056 0.4197056 0.25 0.49 0.08029443 0.4197057 0.08029443 0.4197057 0.00999999 0.25 0.08029437 0.08029431 0.08029437 0.08029431 0.25 0.00999999 0.4197056 0.08029437 0.4197056 0.08029437 0.49 0.25 0.08029437 0.08029431 0.49 0.25 0.4197056 0.4197056 0.08029437 0.08029431 1 0.5 1 1 0.9375 1 0.9375 1 0.875 1 0.875 0.5 0.875 0.5 0.875 1 0.8125 1 0.8125 0.5 0.8125 1 0.75 1 0.75 0.5 0.75 1 0.6875 1 0.6875 1 0.625 1 0.625 0.5 0.625 0.5 0.625 1 0.5625 1 0.5625 0.5 0.5625 1 0.5 1 0.5 0.5 0.5 1 0.4375 1 0.4375 1 0.375 1 0.375 0.5 0.375 0.5 0.375 1 0.3125 1 0.3125 1 0.25 1 0.25 0.5 0.25 0.5 0.25 1 0.1875 1 0.1875 1 0.125 1 0.125 0.5 0.4197056 0.4197056 0.341844 0.4717311 0.25 0.49 0.25 0.49 0.158156 0.4717311 0.08029443 0.4197057 0.08029443 0.4197057 0.02826893 0.341844 0.00999999 0.25 0.00999999 0.25 0.02826887 0.1581559 0.08029437 0.08029431 0.08029437 0.08029431 0.158156 0.02826887 0.25 0.00999999 0.25 0.00999999 0.341844 0.02826887 0.4197056 0.08029437 0.4197056 0.08029437 0.4717311 0.1581559 0.49 0.25 0.49 0.25 0.4717311 0.341844 0.4197056 0.4197056 0.4197056 0.4197056 0.25 0.49 0.08029443 0.4197057 0.08029443 0.4197057 0.00999999 0.25 0.08029437 0.08029431 0.08029437 0.08029431 0.25 0.00999999 0.4197056 0.08029437 0.4197056 0.08029437 0.49 0.25 0.4197056 0.4197056 0.4197056 0.4197056 0.08029443 0.4197057 0.4197056 0.08029437 0.125 1 0.0625 1 0.0625 0.5 0.0625 1 0 1 0 0.5 0.6581561 0.4717311 0.75 0.49 0.9717311 0.341844 0.75 0.49 0.841844 0.4717311 0.9717311 0.341844 0.841844 0.4717311 0.9197056 0.4197056 0.9717311 0.341844 0.9717311 0.341844 0.99 0.25 0.841844 0.02826887 0.99 0.25 0.9717311 0.1581559 0.841844 0.02826887 0.9717311 0.1581559 0.9197056 0.08029437 0.841844 0.02826887 0.841844 0.02826887 0.7500001 0.00999999 0.658156 0.02826887 0.658156 0.02826887 0.5802944 0.08029431 0.5282689 0.1581559 0.5282689 0.1581559 0.51 0.25 0.6581561 0.4717311 0.51 0.25 0.5282689 0.341844 0.6581561 0.4717311 0.5282689 0.341844 0.5802944 0.4197057 0.6581561 0.4717311 0.841844 0.02826887 0.658156 0.02826887 0.6581561 0.4717311 0.658156 0.02826887 0.5282689 0.1581559 0.6581561 0.4717311 0.325 0.5 0.325 0.5 0.375 0.5 0.625 0.45 0.625 0.5 0.375 0.5 0.625 0 0.625 0.25 0.375 0.25 0.375 0.45 0.625 0.45 0.625 0.5 0.625 0.5 0.625 0.75 0.375 0.75 0.625 0.95 0.625 1 0.375 1 0.375 0.5 0.375 0.75 0.325 0.75 0.875 0.5 0.875 0.75 0.825 0.75 0.825 0.5 0.825 0.5 0.875 0.5 0.375 0.25 0.625 0.25 0.625 0.25 0.375 0.25 0.375 0.3 0.625 0.3 0.625 0 0.625 0.25 0.375 0.25 0.625 0.45 0.625 0.5 0.375 0.5 0.625 0.5 0.625 0.75 0.375 0.75 0.625 0.95 0.625 1 0.375 1 0.375 0.5 0.375 0.75 0.325 0.75 0.875 0.5 0.875 0.75 0.825 0.75 0.625 0 0.625 0.25 0.375 0.25 0.625 0.4375 0.625 0.5 0.375 0.5 0.625 0.5 0.625 0.75 0.375 0.75 0.625 0.9375 0.625 1 0.375 1 0.375 0.5 0.375 0.75 0.3125 0.75 0.875 0.5 0.875 0.75 0.8125 0.75 0.375 0.4 0.625 0.4 0.625 0.35 0.375 0.5 0.625 0.5 0.625 0.45 0.375 0.25 0.625 0.25 0.625 0 0.375 0.5 0.625 0.5 0.625 0.45 0.375 0.75 0.625 0.75 0.625 0.5 0.375 0.9500001 0.375 1 0.625 1 0.325 0.75 0.375 0.75 0.375 0.5 0.825 0.75 0.875 0.75 0.875 0.5 0.625 0.5 0.675 0.5 0.675 0.5 0.375 0.45 0.625 0.45 0.625 0.4 0.375 0.3 0.375 0.35 0.625 0.35 0.375 0.25 0.625 0.25 0.625 0 0.375 0.5 0.625 0.5 0.625 0.45 0.375 0.75 0.625 0.75 0.625 0.5 0.375 1 0.625 1 0.625 0.95 0.325 0.75 0.375 0.75 0.375 0.5 0.825 0.75 0.875 0.75 0.875 0.5 0.375 0.25 0.625 0.25 0.625 0 0.375 0.5 0.625 0.5 0.625 0.4375 0.375 0.75 0.625 0.75 0.625 0.5 0.375 1 0.625 1 0.625 0.9375 0.3125 0.75 0.375 0.75 0.375 0.5 0.8125 0.75 0.875 0.75 0.875 0.5 0.375 0.5 0.625 0.5 0.625 0.5 0.675 0.5 0.675 0.5 0.7249999 0.5 0.7249999 0.5 0.775 0.5 0.775 0.5 0.775 0.5 0.825 0.5 0.825 0.5 0.625 0.25 0.625 0.3 0.375 0.3 0.625 0.3 0.625 0.35 0.375 0.35 0.375 0.35 0.625 0.35 0.625 0.4 0.375 0.4 0.625 0.4 0.625 0.45 0.125 0.5 0.125 0.5 0.175 0.5 0.175 0.5 0.175 0.5 0.225 0.5 0.225 0.5 0.275 0.5 0.275 0.5 0.275 0.5 0.325 0.5 0.325 0.5 0.625 0.5 0.625 0.75 0.675 0.75 0.675 0.5 0.675 0.75 0.725 0.75 0.725 0.75 0.775 0.75 0.775 0.5 0.775 0.75 0.825 0.75 0.825 0.5 0.125 0.5 0.125 0.75 0.175 0.75 0.175 0.5 0.175 0.75 0.225 0.75 0.225 0.5 0.225 0.75 0.275 0.75 0.275 0.75 0.325 0.75 0.325 0.5 0.375 0.8 0.625 0.8 0.625 0.75 0.375 0.8 0.375 0.85 0.625 0.85 0.375 0.9 0.625 0.9 0.625 0.85 0.375 0.9 0.375 0.9500001 0.625 0.95 0.375 0.25 0.375 0.3 0.625 0.3 0.375 0.35 0.625 0.35 0.625 0.3 0.375 0.35 0.375 0.4 0.625 0.4 0.375 0.4 0.375 0.45 0.625 0.45 0.625 0.5 0.625 0.75 0.675 0.75 0.675 0.5 0.675 0.75 0.725 0.75 0.725 0.75 0.775 0.75 0.775 0.5 0.775 0.75 0.825 0.75 0.825 0.5 0.125 0.5 0.125 0.75 0.175 0.75 0.175 0.5 0.175 0.75 0.225 0.75 0.225 0.75 0.275 0.75 0.275 0.5 0.275 0.75 0.325 0.75 0.325 0.5 0.375 0.8 0.625 0.8 0.625 0.75 0.375 0.8 0.375 0.85 0.625 0.85 0.375 0.9 0.625 0.9 0.625 0.85 0.375 0.9 0.375 0.9500001 0.625 0.95 0.375 0.3 0.625 0.3 0.625 0.25 0.375 0.3 0.375 0.35 0.625 0.35 0.375 0.4 0.625 0.4 0.625 0.35 0.375 0.4 0.375 0.45 0.625 0.45 0.625 0.5 0.625 0.75 0.6875 0.75 0.6875 0.5 0.6875 0.75 0.75 0.75 0.75 0.75 0.8125 0.75 0.8125 0.5 0.125 0.5 0.125 0.75 0.1875 0.75 0.1875 0.5 0.1875 0.75 0.25 0.75 0.25 0.75 0.3125 0.75 0.3125 0.5 0.375 0.8125 0.625 0.8125 0.625 0.75 0.375 0.8125 0.375 0.875 0.625 0.875 0.375 0.875 0.375 0.9375 0.625 0.9375 0.375 0.3125 0.625 0.3125 0.625 0.25 0.375 0.3125 0.375 0.375 0.625 0.375 0.375 0.375 0.375 0.4375 0.625 0.4375 0.625 0.5 0.675 0.5 0.675 0.75 0.675 0.5 0.7249999 0.5 0.725 0.75 0.7249999 0.5 0.775 0.5 0.775 0.75 0.825 0.5 0.825 0.75 0.775 0.75 0.125 0.5 0.175 0.5 0.175 0.75 0.175 0.5 0.225 0.5 0.225 0.75 0.275 0.5 0.275 0.75 0.225 0.75 0.325 0.5 0.325 0.75 0.275 0.75 0.375 0.75 0.625 0.75 0.625 0.8 0.625 0.8 0.625 0.85 0.375 0.85 0.625 0.85 0.625 0.9 0.375 0.9 0.375 0.9 0.625 0.9 0.625 0.95 0.375 0.25 0.625 0.25 0.625 0.3 0.625 0.3 0.625 0.35 0.375 0.35 0.625 0.35 0.625 0.4 0.375 0.4 0.625 0.4 0.625 0.45 0.375 0.45 0.625 0.5 0.675 0.5 0.675 0.75 0.675 0.5 0.7249999 0.5 0.725 0.75 0.775 0.5 0.775 0.75 0.725 0.75 0.825 0.5 0.825 0.75 0.775 0.75 0.125 0.5 0.175 0.5 0.175 0.75 0.175 0.5 0.225 0.5 0.225 0.75 0.225 0.5 0.275 0.5 0.275 0.75 0.325 0.5 0.325 0.75 0.275 0.75 0.375 0.75 0.625 0.75 0.625 0.8 0.625 0.8 0.625 0.85 0.375 0.85 0.375 0.85 0.625 0.85 0.625 0.9 0.625 0.9 0.625 0.95 0.375 0.9500001 0.375 0.25 0.625 0.25 0.625 0.3 0.625 0.3 0.625 0.35 0.375 0.35 0.625 0.35 0.625 0.4 0.375 0.4 0.375 0.4 0.625 0.4 0.625 0.45 0.625 0.5 0.6875 0.5 0.6875 0.75 0.6875 0.5 0.75 0.5 0.75 0.75 0.8125 0.5 0.8125 0.75 0.75 0.75 0.125 0.5 0.1875 0.5 0.1875 0.75 0.1875 0.5 0.25 0.5 0.25 0.75 0.3125 0.5 0.3125 0.75 0.25 0.75 0.625 0.75 0.625 0.8125 0.375 0.8125 0.375 0.8125 0.625 0.8125 0.625 0.875 0.625 0.875 0.625 0.9375 0.375 0.9375 0.375 0.25 0.625 0.25 0.625 0.3125 0.375 0.3125 0.625 0.3125 0.625 0.375 0.625 0.375 0.625 0.4375 0.375 0.4375 0.325 0.5 0.325 0.5 0.375 0.5 0.625 0.45 0.625 0.5 0.375 0.5 0.625 0 0.625 0.25 0.375 0.25 0.375 0.45 0.625 0.45 0.625 0.5 0.625 0.5 0.625 0.75 0.375 0.75 0.625 0.95 0.625 1 0.375 1 0.375 0.5 0.375 0.75 0.325 0.75 0.875 0.5 0.875 0.75 0.825 0.75 0.825 0.5 0.825 0.5 0.875 0.5 0.375 0.25 0.625 0.25 0.625 0.25 0.375 0.25 0.375 0.3 0.625 0.3 0.625 0 0.625 0.25 0.375 0.25 0.625 0.45 0.625 0.5 0.375 0.5 0.625 0.5 0.625 0.75 0.375 0.75 0.625 0.95 0.625 1 0.375 1 0.375 0.5 0.375 0.75 0.325 0.75 0.875 0.5 0.875 0.75 0.825 0.75 0.625 0 0.625 0.25 0.375 0.25 0.625 0.4375 0.625 0.5 0.375 0.5 0.625 0.5 0.625 0.75 0.375 0.75 0.625 0.9375 0.625 1 0.375 1 0.375 0.5 0.375 0.75 0.3125 0.75 0.875 0.5 0.875 0.75 0.8125 0.75 0.375 0.4 0.625 0.4 0.625 0.35 0.375 0.5 0.625 0.5 0.625 0.45 0.375 0.25 0.625 0.25 0.625 0 0.375 0.5 0.625 0.5 0.625 0.45 0.375 0.75 0.625 0.75 0.625 0.5 0.375 0.9500001 0.375 1 0.625 1 0.325 0.75 0.375 0.75 0.375 0.5 0.825 0.75 0.875 0.75 0.875 0.5 0.625 0.5 0.675 0.5 0.675 0.5 0.375 0.45 0.625 0.45 0.625 0.4 0.375 0.3 0.375 0.35 0.625 0.35 0.375 0.25 0.625 0.25 0.625 0 0.375 0.5 0.625 0.5 0.625 0.45 0.375 0.75 0.625 0.75 0.625 0.5 0.375 1 0.625 1 0.625 0.95 0.325 0.75 0.375 0.75 0.375 0.5 0.825 0.75 0.875 0.75 0.875 0.5 0.375 0.25 0.625 0.25 0.625 0 0.375 0.5 0.625 0.5 0.625 0.4375 0.375 0.75 0.625 0.75 0.625 0.5 0.375 1 0.625 1 0.625 0.9375 0.3125 0.75 0.375 0.75 0.375 0.5 0.8125 0.75 0.875 0.75 0.875 0.5 0.375 0.5 0.625 0.5 0.625 0.5 0.675 0.5 0.675 0.5 0.7249999 0.5 0.7249999 0.5 0.775 0.5 0.775 0.5 0.775 0.5 0.825 0.5 0.825 0.5 0.625 0.25 0.625 0.3 0.375 0.3 0.625 0.3 0.625 0.35 0.375 0.35 0.375 0.35 0.625 0.35 0.625 0.4 0.375 0.4 0.625 0.4 0.625 0.45 0.125 0.5 0.125 0.5 0.175 0.5 0.175 0.5 0.175 0.5 0.225 0.5 0.225 0.5 0.275 0.5 0.275 0.5 0.275 0.5 0.325 0.5 0.325 0.5 0.625 0.5 0.625 0.75 0.675 0.75 0.675 0.5 0.675 0.75 0.725 0.75 0.725 0.75 0.775 0.75 0.775 0.5 0.775 0.75 0.825 0.75 0.825 0.5 0.125 0.5 0.125 0.75 0.175 0.75 0.175 0.5 0.175 0.75 0.225 0.75 0.225 0.5 0.225 0.75 0.275 0.75 0.275 0.75 0.325 0.75 0.325 0.5 0.375 0.8 0.625 0.8 0.625 0.75 0.375 0.8 0.375 0.85 0.625 0.85 0.375 0.9 0.625 0.9 0.625 0.85 0.375 0.9 0.375 0.9500001 0.625 0.95 0.375 0.25 0.375 0.3 0.625 0.3 0.375 0.35 0.625 0.35 0.625 0.3 0.375 0.35 0.375 0.4 0.625 0.4 0.375 0.4 0.375 0.45 0.625 0.45 0.625 0.5 0.625 0.75 0.675 0.75 0.675 0.5 0.675 0.75 0.725 0.75 0.725 0.75 0.775 0.75 0.775 0.5 0.775 0.75 0.825 0.75 0.825 0.5 0.125 0.5 0.125 0.75 0.175 0.75 0.175 0.5 0.175 0.75 0.225 0.75 0.225 0.75 0.275 0.75 0.275 0.5 0.275 0.75 0.325 0.75 0.325 0.5 0.375 0.8 0.625 0.8 0.625 0.75 0.375 0.8 0.375 0.85 0.625 0.85 0.375 0.9 0.625 0.9 0.625 0.85 0.375 0.9 0.375 0.9500001 0.625 0.95 0.375 0.3 0.625 0.3 0.625 0.25 0.375 0.3 0.375 0.35 0.625 0.35 0.375 0.4 0.625 0.4 0.625 0.35 0.375 0.4 0.375 0.45 0.625 0.45 0.625 0.5 0.625 0.75 0.6875 0.75 0.6875 0.5 0.6875 0.75 0.75 0.75 0.75 0.75 0.8125 0.75 0.8125 0.5 0.125 0.5 0.125 0.75 0.1875 0.75 0.1875 0.5 0.1875 0.75 0.25 0.75 0.25 0.75 0.3125 0.75 0.3125 0.5 0.375 0.8125 0.625 0.8125 0.625 0.75 0.375 0.8125 0.375 0.875 0.625 0.875 0.375 0.875 0.375 0.9375 0.625 0.9375 0.375 0.3125 0.625 0.3125 0.625 0.25 0.375 0.3125 0.375 0.375 0.625 0.375 0.375 0.375 0.375 0.4375 0.625 0.4375 0.625 0.5 0.675 0.5 0.675 0.75 0.675 0.5 0.7249999 0.5 0.725 0.75 0.7249999 0.5 0.775 0.5 0.775 0.75 0.825 0.5 0.825 0.75 0.775 0.75 0.125 0.5 0.175 0.5 0.175 0.75 0.175 0.5 0.225 0.5 0.225 0.75 0.275 0.5 0.275 0.75 0.225 0.75 0.325 0.5 0.325 0.75 0.275 0.75 0.375 0.75 0.625 0.75 0.625 0.8 0.625 0.8 0.625 0.85 0.375 0.85 0.625 0.85 0.625 0.9 0.375 0.9 0.375 0.9 0.625 0.9 0.625 0.95 0.375 0.25 0.625 0.25 0.625 0.3 0.625 0.3 0.625 0.35 0.375 0.35 0.625 0.35 0.625 0.4 0.375 0.4 0.625 0.4 0.625 0.45 0.375 0.45 0.625 0.5 0.675 0.5 0.675 0.75 0.675 0.5 0.7249999 0.5 0.725 0.75 0.775 0.5 0.775 0.75 0.725 0.75 0.825 0.5 0.825 0.75 0.775 0.75 0.125 0.5 0.175 0.5 0.175 0.75 0.175 0.5 0.225 0.5 0.225 0.75 0.225 0.5 0.275 0.5 0.275 0.75 0.325 0.5 0.325 0.75 0.275 0.75 0.375 0.75 0.625 0.75 0.625 0.8 0.625 0.8 0.625 0.85 0.375 0.85 0.375 0.85 0.625 0.85 0.625 0.9 0.625 0.9 0.625 0.95 0.375 0.9500001 0.375 0.25 0.625 0.25 0.625 0.3 0.625 0.3 0.625 0.35 0.375 0.35 0.625 0.35 0.625 0.4 0.375 0.4 0.375 0.4 0.625 0.4 0.625 0.45 0.625 0.5 0.6875 0.5 0.6875 0.75 0.6875 0.5 0.75 0.5 0.75 0.75 0.8125 0.5 0.8125 0.75 0.75 0.75 0.125 0.5 0.1875 0.5 0.1875 0.75 0.1875 0.5 0.25 0.5 0.25 0.75 0.3125 0.5 0.3125 0.75 0.25 0.75 0.625 0.75 0.625 0.8125 0.375 0.8125 0.375 0.8125 0.625 0.8125 0.625 0.875 0.625 0.875 0.625 0.9375 0.375 0.9375 0.375 0.25 0.625 0.25 0.625 0.3125 0.375 0.3125 0.625 0.3125 0.625 0.375 0.625 0.375 0.625 0.4375 0.375 0.4375 0.625 0.75 0.625 1 0.59375 1 0.375 0.75 0.40625 0.75 0.40625 1 0.40625 0.75 0.4375 0.75 0.4375 1 0.4375 0.75 0.46875 0.75 0.46875 1 0.46875 0.75 0.5 0.75 0.5 1 0.5 0.75 0.53125 0.75 0.53125 1 0.5625 0.75 0.5625 1 0.53125 1 0.59375 0.75 0.59375 1 0.5625 1 0.59375 0.75 0.625 0.75 0.625 1 0.375 0.75 0.40625 0.75 0.40625 1 0.40625 0.75 0.4375 0.75 0.4375 1 0.46875 0.75 0.46875 1 0.4375 1 0.5 0.75 0.5 1 0.46875 1 0.5 0.75 0.53125 0.75 0.53125 1 0.53125 0.75 0.5625 0.75 0.5625 1 0.5625 0.75 0.59375 0.75 0.59375 1 0.59375 0.75 0.625 0.75 0.625 1 0.375 0.75 0.40625 0.75 0.40625 1 0.40625 0.75 0.4375 0.75 0.4375 1 0.4375 0.75 0.46875 0.75 0.46875 1 0.46875 0.75 0.5 0.75 0.5 1 0.5 0.75 0.53125 0.75 0.53125 1 0.5625 0.75 0.5625 1 0.53125 1 0.5625 0.75 0.59375 0.75 0.59375 1 0.625 0.75 0.625 1 0.59375 1 0.375 0.75 0.40625 0.75 0.40625 1 0.40625 0.75 0.4375 0.75 0.4375 1 0.46875 0.75 0.46875 1 0.4375 1 0.5 0.75 0.5 1 0.46875 1 0.53125 0.75 0.53125 1 0.5 1 0.53125 0.75 0.5625 0.75 0.5625 1 0.5625 0.75 0.59375 0.75 0.59375 1 0.625 0.75 0.625 1 0.59375 1 0.40625 0.75 0.40625 1 0.375 1 0.40625 0.75 0.4375 0.75 0.4375 1 0.4375 0.75 0.46875 0.75 0.46875 1 0.5 0.75 0.5 1 0.46875 1 0.5 0.75 0.53125 0.75 0.53125 1 0.53125 0.75 0.5625 0.75 0.5625 1 0.59375 0.75 0.59375 1 0.5625 1 0.59375 0.75 0.625 0.75 0.625 1 0.375 0.75 0.40625 0.75 0.40625 1 0.40625 0.75 0.4375 0.75 0.4375 1 0.4375 0.75 0.46875 0.75 0.46875 1 0.5 0.75 0.5 1 0.46875 1 0.53125 0.75 0.53125 1 0.5 1 0.5625 0.75 0.5625 1 0.53125 1 0.59375 0.75 0.59375 1 0.5625 1 0.59375 0.75 0.625 0.75 0.625 1 0.40625 0.75 0.40625 1 0.375 1 0.4375 0.75 0.4375 1 0.40625 1 0.46875 0.75 0.46875 1 0.4375 1 0.5 0.75 0.5 1 0.46875 1 0.53125 0.75 0.53125 1 0.5 1 0.5625 0.75 0.5625 1 0.53125 1 0.59375 0.75 0.59375 1 0.5625 1 0.59375 0.75 0.625 0.75 0.625 1 0.40625 0.75 0.40625 1 0.375 1 0.4375 0.75 0.4375 1 0.40625 1 0.46875 0.75 0.46875 1 0.4375 1 0.46875 0.75 0.5 0.75 0.5 1 0.53125 0.75 0.53125 1 0.5 1 0.53125 0.75 0.5625 0.75 0.5625 1 0.5625 0.75 0.59375 0.75 0.59375 1 0.625 0.75 0.625 1 0.59375 1 0.40625 0.75 0.40625 1 0.375 1 0.4375 0.75 0.4375 1 0.40625 1 0.46875 0.75 0.46875 1 0.4375 1 0.5 0.75 0.5 1 0.46875 1 0.53125 0.75 0.53125 1 0.5 1 0.5625 0.75 0.5625 1 0.53125 1 0.5625 0.75 0.59375 0.75 0.59375 1 0.625 0.75 0.625 1 0.59375 1 0.40625 0.75 0.40625 1 0.375 1 0.4375 0.75 0.4375 1 0.40625 1 0.46875 0.75 0.46875 1 0.4375 1 0.46875 0.75 0.5 0.75 0.5 1 0.5 0.75 0.53125 0.75 0.53125 1 0.53125 0.75 0.5625 0.75 0.5625 1 0.5625 0.75 0.59375 0.75 0.59375 1 0.59375 0.75 0.625 0.75 0.625 1 0.375 0.75 0.40625 0.75 0.40625 1 0.40625 0.75 0.4375 0.75 0.4375 1 0.4375 0.75 0.46875 0.75 0.46875 1 0.5 0.75 0.5 1 0.46875 1 0.53125 0.75 0.53125 1 0.5 1 0.5625 0.75 0.5625 1 0.53125 1 0.59375 0.75 0.59375 1 0.5625 1 0.625 0.75 0.625 1 0.59375 1 0.40625 0.75 0.40625 1 0.375 1 0.4375 0.75 0.4375 1 0.40625 1 0.46875 0.75 0.46875 1 0.4375 1 0.46875 0.75 0.5 0.75 0.5 1 0.5 0.75 0.53125 0.75 0.53125 1 0.53125 0.75 0.5625 0.75 0.5625 1 0.59375 0.75 0.59375 1 0.5625 1 0.59375 0.75 0.625 0.75 0.625 1 0.375 0.75 0.40625 0.75 0.40625 1 0.40625 0.75 0.4375 0.75 0.4375 1 0.4375 0.75 0.46875 0.75 0.46875 1 0.46875 0.75 0.5 0.75 0.5 1 0.53125 0.75 0.53125 1 0.5 1 0.5625 0.75 0.5625 1 0.53125 1 0.5625 0.75 0.59375 0.75 0.59375 1 0.625 0.75 0.625 1 0.59375 1 0.40625 0.75 0.40625 1 0.375 1 0.4375 0.75 0.4375 1 0.40625 1 0.46875 0.75 0.46875 1 0.4375 1 0.5 0.75 0.5 1 0.46875 1 0.53125 0.75 0.53125 1 0.5 1 0.53125 0.75 0.5625 0.75 0.5625 1 0.59375 0.75 0.59375 1 0.5625 1 0.59375 0.75 0.625 0.75 0.625 1 0.375 0.75 0.40625 0.75 0.40625 1 0.4375 0.75 0.4375 1 0.40625 1 0.46875 0.75 0.46875 1 0.4375 1 0.5 0.75 0.5 1 0.46875 1 0.53125 0.75 0.53125 1 0.5 1 0.53125 0.75 0.5625 0.75 0.5625 1 0.5625 0.75 0.59375 0.75 0.59375 1 0.625 0.75 0.625 1 0.59375 1 0.375 0.75 0.40625 0.75 0.40625 1 0.4375 0.75 0.4375 1 0.40625 1 0.46875 0.75 0.46875 1 0.4375 1 0.5 0.75 0.5 1 0.46875 1 0.5 0.75 0.53125 0.75 0.53125 1 0.53125 0.75 0.5625 0.75 0.5625 1 0.59375 0.75 0.59375 1 0.5625 1 0.59375 0.75 0.625 0.75 0.625 1 0.40625 0.75 0.40625 1 0.375 1 0.40625 0.75 0.4375 0.75 0.4375 1 0.46875 0.75 0.46875 1 0.4375 1 0.5 0.75 0.5 1 0.46875 1 0.5 0.75 0.53125 0.75 0.53125 1 0.5625 0.75 0.5625 1 0.53125 1 0.59375 0.75 0.59375 1 0.5625 1 0.625 0.75 0.625 1 0.59375 1 0.375 0.75 0.40625 0.75 0.40625 1 0.40625 0.75 0.4375 0.75 0.4375 1 0.4375 0.75 0.46875 0.75 0.46875 1 0.46875 0.75 0.5 0.75 0.5 1 0.53125 0.75 0.53125 1 0.5 1 0.5625 0.75 0.5625 1 0.53125 1 0.59375 0.75 0.59375 1 0.5625 1 0.625 0.75 0.625 1 0.59375 1 0.375 0.75 0.40625 0.75 0.40625 1 0.4375 0.75 0.4375 1 0.40625 1 0.46875 0.75 0.46875 1 0.4375 1 0.5 0.75 0.5 1 0.46875 1 0.53125 0.75 0.53125 1 0.5 1 0.5625 0.75 0.5625 1 0.53125 1 0.5625 0.75 0.59375 0.75 0.59375 1 0.59375 0.75 0.625 0.75 0.625 1 0.40625 0.75 0.40625 1 0.375 1 0.4375 0.75 0.4375 1 0.40625 1 0.4375 0.75 0.46875 0.75 0.46875 1 0.46875 0.75 0.5 0.75 0.5 1 0.5 0.75 0.53125 0.75 0.53125 1 0.53125 0.75 0.5625 0.75 0.5625 1 0.5625 0.75 0.59375 0.75 0.59375 1 0.6581561 0.4717311 0.75 0.49 0.9717311 0.341844 0.75 0.49 0.841844 0.4717311 0.9717311 0.341844 0.841844 0.4717311 0.9197056 0.4197056 0.9717311 0.341844 0.9717311 0.341844 0.99 0.25 0.9717311 0.1581559 0.9717311 0.1581559 0.9197056 0.08029437 0.9717311 0.341844 0.9197056 0.08029437 0.841844 0.02826887 0.9717311 0.341844 0.841844 0.02826887 0.7500001 0.00999999 0.658156 0.02826887 0.658156 0.02826887 0.5802944 0.08029431 0.841844 0.02826887 0.5802944 0.08029431 0.5282689 0.1581559 0.841844 0.02826887 0.5282689 0.1581559 0.51 0.25 0.5282689 0.341844 0.5282689 0.341844 0.5802944 0.4197057 0.5282689 0.1581559 0.5802944 0.4197057 0.6581561 0.4717311 0.5282689 0.1581559 0.6581561 0.4717311 0.9717311 0.341844 0.841844 0.02826887 0.59375 0.25 0.59375 0 0.625 0 0.9375 0.5 1 0.5 1 1</float_array>
          <technique_common>
            <accessor source="#Cube_229-mesh-map-0-array" count="6768" stride="2">
              <param name="S" type="float"/>
              <param name="T" type="float"/>
            </accessor>
          </technique_common>
        </source>
        <vertices id="Cube_229-mesh-vertices">
          <input semantic="POSITION" source="#Cube_229-mesh-positions"/>
        </vertices>
        <triangles material="WoodDark_004-material" count="192">
          <input semantic="VERTEX" source="#Cube_229-mesh-vertices" offset="0"/>
          <input semantic="NORMAL" source="#Cube_229-mesh-normals" offset="1"/>
          <input semantic="TEXCOORD" source="#Cube_229-mesh-map-0" offset="2" set="0"/>
          <p>54 0 0 21 0 1 65 0 2 66 1 3 24 1 4 77 1 5 43 2 6 27 2 7 53 2 8 83 3 9 20 3 10 93 3 11 79 4 12 4 4 13 67 4 14 95 5 15 1 5 16 83 5 17 54 6 18 87 6 19 97 6 20 55 7 21 71 7 22 81 7 23 62 8 24 11 8 25 30 8 26 50 9 27 9 9 28 33 9 29 96 10 30 17 10 31 84 10 32 80 11 33 16 11 34 68 11 35 46 12 36 70 12 37 78 12 38 47 13 39 86 13 40 94 13 41 74 14 42 15 14 43 36 14 44 90 15 45 13 15 46 39 15 47 88 16 48 12 16 49 82 16 50 88 17 51 40 17 52 41 17 53 90 18 54 40 18 55 89 18 56 72 19 57 14 19 58 67 19 59 72 20 60 37 20 61 38 20 62 74 21 63 37 21 64 73 21 65 48 22 66 8 22 67 42 22 68 48 23 69 34 23 70 35 23 71 50 24 72 34 24 73 49 24 74 60 25 75 10 25 76 55 25 77 60 26 78 31 26 79 32 26 80 62 27 81 31 27 82 61 27 83 86 28 84 18 28 85 0 28 86 92 29 87 18 29 88 91 29 89 92 30 90 20 30 91 19 30 92 45 31 93 29 31 94 4 31 95 52 32 96 29 32 97 51 32 98 52 33 99 27 33 100 28 33 101 69 34 102 26 34 103 6 34 104 76 35 105 26 35 106 75 35 107 76 36 108 24 36 109 25 36 110 56 37 111 23 37 112 2 37 113 64 38 114 23 38 115 63 38 116 64 39 117 21 39 118 22 39 119 31 40 120 53 40 121 52 40 122 31 41 123 51 41 124 32 41 125 10 42 126 51 42 127 45 42 128 20 43 129 49 43 130 19 43 131 18 44 132 49 44 133 48 44 134 18 45 135 42 45 136 0 45 137 17 46 138 94 46 139 84 46 140 16 47 141 78 47 142 68 47 143 20 48 144 44 48 145 50 48 146 87 49 147 44 49 148 95 49 149 71 50 150 45 50 151 79 50 152 11 51 153 53 51 154 30 51 155 34 52 156 65 52 157 64 52 158 34 53 159 63 53 160 35 53 161 8 54 162 63 54 163 56 54 164 24 55 165 61 55 166 25 55 167 26 56 168 61 56 169 60 56 170 26 57 171 55 57 172 6 57 173 66 58 174 59 58 175 80 58 176 82 59 177 58 59 178 96 59 179 24 60 180 57 60 181 62 60 182 6 61 183 81 61 184 69 61 185 3 5 186 97 5 187 85 5 188 9 62 189 65 62 190 33 62 191 69 63 192 58 63 193 12 63 194 7 64 195 80 64 196 57 64 197 17 65 198 79 65 199 47 65 200 68 66 201 43 66 202 11 66 203 40 67 204 77 67 205 76 67 206 40 68 207 75 68 208 41 68 209 12 69 210 75 69 211 69 69 212 27 70 213 73 70 214 28 70 215 29 71 216 73 71 217 72 71 218 29 72 219 67 72 220 4 72 221 27 73 222 70 73 223 74 73 224 78 5 225 5 5 226 43 5 227 57 74 228 68 74 229 11 74 230 81 46 231 17 46 232 58 46 233 47 75 234 67 75 235 14 75 236 13 76 237 77 76 238 39 76 239 85 77 240 59 77 241 13 77 242 2 78 243 96 78 244 56 78 245 16 79 246 95 79 247 46 79 248 84 80 249 42 80 250 8 80 251 37 81 252 93 81 253 92 81 254 37 82 255 91 82 256 38 82 257 14 83 258 91 83 259 86 83 260 21 84 261 89 84 262 22 84 263 23 85 264 89 85 265 88 85 266 23 86 267 82 86 268 2 86 269 21 87 270 85 87 271 90 87 272 94 88 273 0 88 274 42 88 275 56 89 276 84 89 277 8 89 278 97 90 279 16 90 280 59 90 281 46 77 282 83 77 283 15 77 284 15 91 285 93 91 286 36 91 287 54 1120 3312 3 1120 3313 21 1120 3314 66 1121 3315 7 1121 3316 24 1121 3317 43 1122 3318 5 1122 3319 27 1122 3320 83 1123 3321 1 1123 3322 20 1123 3323 79 1124 3324 45 1124 3325 4 1124 3326 95 5 3327 44 5 3328 1 5 3329 54 1125 3330 9 1125 3331 87 1125 3332 55 1126 3333 10 1126 3334 71 1126 3335 62 1127 3336 57 1127 3337 11 1127 3338 50 1128 3339 44 1128 3340 9 1128 3341 96 46 3342 58 46 3343 17 46 3344 80 1129 3345 59 1129 3346 16 1129 3347 46 1130 3348 15 1130 3349 70 1130 3350 47 1131 3351 14 1131 3352 86 1131 3353 74 1132 3354 70 1132 3355 15 1132 3356 90 1133 3357 85 1133 3358 13 1133 3359 88 1134 3360 41 1134 3361 12 1134 3362 88 1135 3363 89 1135 3364 40 1135 3365 90 1136 3366 39 1136 3367 40 1136 3368 72 1137 3369 38 1137 3370 14 1137 3371 72 1138 3372 73 1138 3373 37 1138 3374 74 1139 3375 36 1139 3376 37 1139 3377 48 1140 3378 35 1140 3379 8 1140 3380 48 1141 3381 49 1141 3382 34 1141 3383 50 1142 3384 33 1142 3385 34 1142 3386 60 1143 3387 32 1143 3388 10 1143 3389 60 1144 3390 61 1144 3391 31 1144 3392 62 1145 3393 30 1145 3394 31 1145 3395 86 1146 3396 91 1146 3397 18 1146 3398 92 1147 3399 19 1147 3400 18 1147 3401 92 1148 3402 93 1148 3403 20 1148 3404 45 1149 3405 51 1149 3406 29 1149 3407 52 1150 3408 28 1150 3409 29 1150 3410 52 1151 3411 53 1151 3412 27 1151 3413 69 1152 3414 75 1152 3415 26 1152 3416 76 1153 3417 25 1153 3418 26 1153 3419 76 1154 3420 77 1154 3421 24 1154 3422 56 1155 3423 63 1155 3424 23 1155 3425 64 1156 3426 22 1156 3427 23 1156 3428 64 1157 3429 65 1157 3430 21 1157 3431 31 1158 3432 30 1158 3433 53 1158 3434 31 1159 3435 52 1159 3436 51 1159 3437 10 1160 3438 32 1160 3439 51 1160 3440 20 1161 3441 50 1161 3442 49 1161 3443 18 1162 3444 19 1162 3445 49 1162 3446 18 1163 3447 48 1163 3448 42 1163 3449 17 1164 3450 47 1164 3451 94 1164 3452 16 1165 3453 46 1165 3454 78 1165 3455 20 1166 3456 1 1166 3457 44 1166 3458 87 66 3459 9 66 3460 44 66 3461 71 80 3462 10 80 3463 45 80 3464 11 1167 3465 43 1167 3466 53 1167 3467 34 1168 3468 33 1168 3469 65 1168 3470 34 1169 3471 64 1169 3472 63 1169 3473 8 1170 3474 35 1170 3475 63 1170 3476 24 1171 3477 62 1171 3478 61 1171 3479 26 1172 3480 25 1172 3481 61 1172 3482 26 1173 3483 60 1173 3484 55 1173 3485 66 1130 3486 13 1130 3487 59 1130 3488 82 1174 3489 12 1174 3490 58 1174 3491 24 1175 3492 7 1175 3493 57 1175 3494 6 1176 3495 55 1176 3496 81 1176 3497 3 1177 3498 54 1177 3499 97 1177 3500 9 1178 3501 54 1178 3502 65 1178 3503 69 1179 3504 81 1179 3505 58 1179 3506 7 5 3507 66 5 3508 80 5 3509 17 46 3510 71 46 3511 79 46 3512 68 1180 3513 78 1180 3514 43 1180 3515 40 1181 3516 39 1181 3517 77 1181 3518 40 1182 3519 76 1182 3520 75 1182 3521 12 1183 3522 41 1183 3523 75 1183 3524 27 1184 3525 74 1184 3526 73 1184 3527 29 1185 3528 28 1185 3529 73 1185 3530 29 1186 3531 72 1186 3532 67 1186 3533 27 1187 3534 5 1187 3535 70 1187 3536 78 5 3537 70 5 3538 5 5 3539 57 6 3540 80 6 3541 68 6 3542 81 1188 3543 71 1188 3544 17 1188 3545 47 1189 3546 79 1189 3547 67 1189 3548 13 1190 3549 66 1190 3550 77 1190 3551 85 1191 3552 97 1191 3553 59 1191 3554 2 1192 3555 82 1192 3556 96 1192 3557 16 47 3558 87 47 3559 95 47 3560 84 1193 3561 94 1193 3562 42 1193 3563 37 1194 3564 36 1194 3565 93 1194 3566 37 1195 3567 92 1195 3568 91 1195 3569 14 1196 3570 38 1196 3571 91 1196 3572 21 1197 3573 90 1197 3574 89 1197 3575 23 1198 3576 22 1198 3577 89 1198 3578 23 1199 3579 88 1199 3580 82 1199 3581 21 1200 3582 3 1200 3583 85 1200 3584 94 1201 3585 86 1201 3586 0 1201 3587 56 1202 3588 96 1202 3589 84 1202 3590 97 1203 3591 87 1203 3592 16 1203 3593 46 1204 3594 95 1204 3595 83 1204 3596 15 1205 3597 83 1205 3598 93 1205 3599</p>
        </triangles>
        <triangles material="WoodBright_004-material" count="652">
          <input semantic="VERTEX" source="#Cube_229-mesh-vertices" offset="0"/>
          <input semantic="NORMAL" source="#Cube_229-mesh-normals" offset="1"/>
          <input semantic="TEXCOORD" source="#Cube_229-mesh-map-0" offset="2" set="0"/>
          <p>337 98 306 1060 98 307 336 98 308 338 102 318 1071 102 319 337 102 320 204 129 399 918 129 400 205 129 401 339 132 408 1070 132 409 338 132 410 203 136 420 933 136 421 204 136 422 340 137 423 1069 137 424 339 137 425 203 165 507 931 165 508 932 165 509 340 166 510 1067 166 511 1068 166 512 202 168 516 930 168 517 931 168 518 341 169 519 1066 169 520 1067 169 521 880 173 531 153 173 532 156 173 533 882 191 585 154 191 586 169 191 587 153 192 588 163 192 589 156 192 590 163 193 591 893 193 592 164 193 593 201 194 594 929 194 595 930 194 596 153 195 597 885 195 598 155 195 599 152 196 600 886 196 601 162 196 602 342 197 603 1064 197 604 1066 197 605 258 198 606 972 198 607 259 198 608 200 200 612 928 200 613 929 200 614 333 201 615 1065 201 616 335 201 617 257 203 621 987 203 622 258 203 623 883 204 624 152 204 625 154 204 626 168 206 630 882 206 631 169 206 632 896 207 633 168 207 634 167 207 635 895 208 636 167 208 637 166 208 638 894 209 639 166 209 640 165 209 641 164 210 642 894 210 643 165 210 644 152 211 645 169 211 646 154 211 647 162 212 648 168 212 649 169 212 650 161 213 651 167 213 652 168 213 653 159 214 654 167 214 655 160 214 656 158 215 657 166 215 658 159 215 659 158 216 660 164 216 661 165 216 662 157 217 663 163 217 664 164 217 665 162 218 666 887 218 667 161 218 668 161 219 669 888 219 670 160 219 671 160 220 672 889 220 673 159 220 674 889 221 675 158 221 676 159 221 677 890 222 678 157 222 679 158 222 680 891 223 681 156 223 682 157 223 683 885 224 684 163 224 685 155 224 686 334 231 705 1064 231 706 332 231 707 256 232 708 986 232 709 257 232 710 255 235 717 985 235 718 256 235 719 192 238 726 917 238 727 189 238 728 918 258 786 190 258 787 205 258 788 192 259 789 191 259 790 199 259 791 318 260 792 1043 260 793 315 260 794 917 261 795 191 261 796 189 261 797 188 262 798 922 262 799 198 262 800 254 264 804 984 264 805 255 264 806 253 268 816 983 268 817 254 268 818 919 270 822 188 270 823 190 270 824 198 271 825 190 271 826 188 271 827 198 272 828 204 272 829 205 272 830 197 273 831 203 273 832 204 273 833 196 274 834 202 274 835 203 274 836 194 275 837 202 275 838 195 275 839 193 276 840 201 276 841 194 276 842 192 277 843 200 277 844 193 277 845 198 278 846 923 278 847 197 278 848 197 279 849 924 279 850 196 279 851 196 280 852 925 280 853 195 280 854 925 281 855 194 281 856 195 281 857 926 282 858 193 282 859 194 282 860 193 283 861 916 283 862 192 283 863 191 284 864 928 284 865 199 284 866 1096 321 975 369 321 976 372 321 977 334 329 999 1062 329 1000 1063 329 1001 970 331 1005 243 331 1006 246 331 1007 972 351 1065 244 351 1066 259 351 1067 246 352 1068 245 352 1069 253 352 1070 243 354 1074 975 354 1075 245 354 1076 974 355 1077 252 355 1078 242 355 1079 1150 359 1089 423 359 1090 426 359 1091 244 363 1095 974 363 1096 242 363 1097 242 364 1098 259 364 1099 244 364 1100 252 365 1101 258 365 1102 259 365 1103 251 366 1104 257 366 1105 258 366 1106 250 367 1107 256 367 1108 257 367 1109 248 368 1110 256 368 1111 249 368 1112 247 369 1113 255 369 1114 248 369 1115 247 370 1116 253 370 1117 254 370 1118 976 371 1119 251 371 1120 252 371 1121 251 372 1122 978 372 1123 250 372 1124 250 373 1125 979 373 1126 249 373 1127 979 374 1128 248 374 1129 249 374 1130 980 375 1131 247 375 1132 248 375 1133 981 376 1134 246 376 1135 247 376 1136 245 377 1137 982 377 1138 253 377 1139 1044 457 1371 316 457 1372 331 457 1373 315 458 1374 325 458 1375 318 458 1376 325 459 1377 1055 459 1378 326 459 1379 1043 460 1380 317 460 1381 315 460 1382 314 461 1383 1048 461 1384 324 461 1385 1045 464 1389 314 464 1390 316 464 1391 333 465 1392 1060 465 1393 1061 465 1394 1059 466 1395 331 466 1396 330 466 1397 1058 467 1398 330 467 1399 329 467 1400 328 468 1401 1058 468 1402 329 468 1403 1056 469 1404 328 469 1405 327 469 1406 1055 470 1407 327 470 1408 326 470 1409 314 471 1410 331 471 1411 316 471 1412 324 472 1413 330 472 1414 331 472 1415 322 473 1416 330 473 1417 323 473 1418 321 474 1419 329 474 1420 322 474 1421 321 475 1422 327 475 1423 328 475 1424 320 476 1425 326 476 1426 327 476 1427 318 477 1428 326 477 1429 319 477 1430 324 478 1431 1049 478 1432 323 478 1433 1049 479 1434 322 479 1435 323 479 1436 1050 480 1437 321 480 1438 322 480 1439 321 481 1440 1052 481 1441 320 481 1442 320 482 1443 1053 482 1444 319 482 1445 319 483 1446 1042 483 1447 318 483 1448 317 484 1449 1054 484 1450 325 484 1451 333 485 1452 343 485 1453 336 485 1454 1072 486 1455 344 486 1456 343 486 1457 348 488 1461 1062 488 1462 349 488 1463 1076 489 1464 348 489 1465 347 489 1466 1075 490 1467 347 490 1468 346 490 1469 1074 491 1470 346 491 1471 345 491 1472 344 492 1473 1074 492 1474 345 492 1475 342 493 1476 334 493 1477 332 493 1478 341 494 1479 349 494 1480 342 494 1481 340 495 1482 348 495 1483 341 495 1484 340 496 1485 346 496 1486 347 496 1487 339 497 1488 345 497 1489 346 497 1490 338 498 1491 344 498 1492 345 498 1493 337 499 1494 343 499 1495 344 499 1496 1065 500 1497 343 500 1498 335 500 1499 1098 522 1560 370 522 1561 385 522 1562 369 523 1563 379 523 1564 372 523 1565 379 524 1566 1109 524 1567 380 524 1568 1097 525 1569 371 525 1570 369 525 1571 368 526 1572 1102 526 1573 378 526 1574 370 528 1578 1100 528 1579 368 528 1580 1113 530 1584 385 530 1585 384 530 1586 1112 531 1587 384 531 1588 383 531 1589 382 532 1590 1112 532 1591 383 532 1592 381 533 1593 1111 533 1594 382 533 1595 380 534 1596 1110 534 1597 381 534 1598 378 535 1599 370 535 1600 368 535 1601 377 536 1602 385 536 1603 378 536 1604 376 537 1605 384 537 1606 377 537 1607 375 538 1608 383 538 1609 376 538 1610 374 539 1611 382 539 1612 375 539 1613 374 540 1614 380 540 1615 381 540 1616 373 541 1617 379 541 1618 380 541 1619 1102 542 1620 377 542 1621 378 542 1622 1103 543 1623 376 543 1624 377 543 1625 1104 544 1626 375 544 1627 376 544 1628 375 545 1629 1106 545 1630 374 545 1631 374 546 1632 1107 546 1633 373 546 1634 1107 547 1635 372 547 1636 373 547 1637 371 548 1638 1108 548 1639 379 548 1640 1152 585 1746 424 585 1747 439 585 1748 426 586 1749 425 586 1750 433 586 1751 433 587 1752 1163 587 1753 434 587 1754 1151 588 1755 425 588 1756 423 588 1757 422 589 1758 1156 589 1759 432 589 1760 1153 592 1764 422 592 1765 424 592 1766 1167 594 1770 439 594 1771 438 594 1772 1166 595 1773 438 595 1774 437 595 1775 436 596 1776 1166 596 1777 437 596 1778 1164 597 1779 436 597 1780 435 597 1781 1163 598 1782 435 598 1783 434 598 1784 422 599 1785 439 599 1786 424 599 1787 432 600 1788 438 600 1789 439 600 1790 431 601 1791 437 601 1792 438 601 1793 430 602 1794 436 602 1795 437 602 1796 429 603 1797 435 603 1798 436 603 1799 427 604 1800 435 604 1801 428 604 1802 427 605 1803 433 605 1804 434 605 1805 432 606 1806 1157 606 1807 431 606 1808 431 607 1809 1158 607 1810 430 607 1811 430 608 1812 1159 608 1813 429 608 1814 1159 609 1815 428 609 1816 429 609 1817 1160 610 1818 427 610 1819 428 610 1820 1161 611 1821 426 611 1822 427 611 1823 425 612 1824 1162 612 1825 433 612 1826 519 680 1980 520 680 1981 518 680 1982 645 681 1983 524 681 1984 638 681 1985 525 682 1986 522 682 1987 524 682 1988 653 683 1989 518 683 1990 646 683 1991 524 684 1992 649 684 1993 638 684 1994 521 685 1995 653 685 1996 642 685 1997 540 694 2022 539 694 2023 538 694 2024 544 695 2025 585 695 2026 578 695 2027 542 696 2028 545 696 2029 544 696 2030 586 697 2031 539 697 2032 593 697 2033 589 698 2034 544 698 2035 578 698 2036 593 699 2037 541 699 2038 582 699 2039 545 727 2121 590 727 2122 585 727 2123 585 728 2124 591 728 2125 584 728 2126 591 729 2127 583 729 2128 584 729 2129 592 730 2130 582 730 2131 583 730 2132 540 731 2133 586 731 2134 581 731 2135 581 732 2136 587 732 2137 580 732 2138 580 733 2139 588 733 2140 579 733 2141 588 734 2142 578 734 2143 579 734 2144 589 735 2145 543 735 2146 542 735 2147 589 736 2148 591 736 2149 590 736 2150 587 737 2151 591 737 2152 588 737 2153 587 738 2154 593 738 2155 592 738 2156 540 739 2157 582 739 2158 541 739 2159 580 740 2160 582 740 2161 581 740 2162 580 741 2163 584 741 2164 583 741 2165 579 742 2166 585 742 2167 584 742 2168 525 787 2301 650 787 2302 523 787 2303 645 788 2304 651 788 2305 650 788 2306 643 789 2307 651 789 2308 644 789 2309 642 790 2310 652 790 2311 643 790 2312 520 791 2313 646 791 2314 518 791 2315 641 792 2316 647 792 2317 646 792 2318 640 793 2319 648 793 2320 647 793 2321 638 794 2322 648 794 2323 639 794 2324 522 795 2325 650 795 2326 649 795 2327 650 796 2328 648 796 2329 649 796 2330 648 797 2331 652 797 2332 647 797 2333 652 798 2334 646 798 2335 647 798 2336 520 799 2337 642 799 2338 641 799 2339 642 800 2340 640 800 2341 641 800 2342 643 801 2343 639 801 2344 640 801 2345 639 802 2346 645 802 2347 638 802 2348 679 825 2418 680 825 2419 678 825 2420 805 826 2421 684 826 2422 798 826 2423 685 827 2424 682 827 2425 684 827 2426 813 828 2427 678 828 2428 806 828 2429 684 829 2430 809 829 2431 798 829 2432 681 830 2433 813 830 2434 802 830 2435 700 839 2460 699 839 2461 698 839 2462 704 840 2463 745 840 2464 738 840 2465 702 841 2466 705 841 2467 704 841 2468 746 842 2469 699 842 2470 753 842 2471 749 843 2472 704 843 2473 738 843 2474 753 844 2475 701 844 2476 742 844 2477 705 871 2559 750 871 2560 745 871 2561 745 872 2562 751 872 2563 744 872 2564 751 873 2565 743 873 2566 744 873 2567 752 874 2568 742 874 2569 743 874 2570 700 875 2571 746 875 2572 741 875 2573 741 876 2574 747 876 2575 740 876 2576 740 877 2577 748 877 2578 739 877 2579 748 878 2580 738 878 2581 739 878 2582 749 879 2583 703 879 2584 702 879 2585 749 880 2586 751 880 2587 750 880 2588 747 881 2589 751 881 2590 748 881 2591 747 882 2592 753 882 2593 752 882 2594 700 883 2595 742 883 2596 701 883 2597 740 884 2598 742 884 2599 741 884 2600 740 885 2601 744 885 2602 743 885 2603 739 886 2604 745 886 2605 744 886 2606 685 931 2739 810 931 2740 683 931 2741 805 932 2742 811 932 2743 810 932 2744 803 933 2745 811 933 2746 804 933 2747 802 934 2748 812 934 2749 803 934 2750 680 935 2751 806 935 2752 678 935 2753 801 936 2754 807 936 2755 806 936 2756 800 937 2757 808 937 2758 807 937 2759 798 938 2760 808 938 2761 799 938 2762 682 939 2763 810 939 2764 809 939 2765 810 940 2766 808 940 2767 809 940 2768 808 941 2769 812 941 2770 807 941 2771 812 942 2772 806 942 2773 807 942 2774 680 943 2775 802 943 2776 801 943 2777 802 944 2778 800 944 2779 801 944 2780 803 945 2781 799 945 2782 800 945 2783 799 946 2784 805 946 2785 798 946 2786 885 983 2895 880 983 2896 892 983 2897 883 984 2898 886 984 2899 884 984 2900 882 985 2901 887 985 2902 886 985 2903 896 986 2904 887 986 2905 897 986 2906 895 987 2907 888 987 2908 896 987 2909 894 988 2910 889 988 2911 895 988 2912 894 989 2913 891 989 2914 890 989 2915 893 990 2916 880 990 2917 891 990 2918 928 999 2943 917 999 2944 916 999 2945 919 1000 2946 922 1000 2947 920 1000 2948 918 1001 2949 923 1001 2950 922 1001 2951 933 1002 2952 924 1002 2953 923 1002 2954 931 1003 2955 924 1003 2956 932 1003 2957 930 1004 2958 925 1004 2959 931 1004 2960 929 1005 2961 926 1005 2962 930 1005 2963 928 1006 2964 927 1006 2965 929 1006 2966 975 1023 3015 970 1023 3016 982 1023 3017 972 1024 3018 974 1024 3019 973 1024 3020 987 1025 3021 976 1025 3022 972 1025 3023 986 1026 3024 977 1026 3025 987 1026 3026 985 1027 3027 978 1027 3028 986 1027 3029 984 1028 3030 979 1028 3031 985 1028 3032 983 1029 3033 980 1029 3034 984 1029 3035 983 1030 3036 970 1030 3037 981 1030 3038 1054 1055 3111 1043 1055 3112 1042 1055 3113 1045 1056 3114 1048 1056 3115 1046 1056 3116 1044 1057 3117 1049 1057 3118 1048 1057 3119 1059 1058 3120 1050 1058 3121 1049 1058 3122 1058 1059 3123 1051 1059 3124 1050 1059 3125 1056 1060 3126 1051 1060 3127 1057 1060 3128 1055 1061 3129 1052 1061 3130 1056 1061 3131 1055 1062 3132 1042 1062 3133 1053 1062 3134 1065 1063 3135 1060 1063 3136 1072 1063 3137 1062 1064 3138 1064 1064 3139 1063 1064 3140 1077 1065 3141 1066 1065 3142 1062 1065 3143 1076 1066 3144 1067 1066 3145 1077 1066 3146 1075 1067 3147 1068 1067 3148 1076 1067 3149 1074 1068 3150 1069 1068 3151 1075 1068 3152 1074 1069 3153 1071 1069 3154 1070 1069 3155 1072 1070 3156 1071 1070 3157 1073 1070 3158 1101 1079 3183 1096 1079 3184 1108 1079 3185 1099 1080 3186 1102 1080 3187 1100 1080 3188 1113 1081 3189 1102 1081 3190 1098 1081 3191 1112 1082 3192 1103 1082 3193 1113 1082 3194 1111 1083 3195 1104 1083 3196 1112 1083 3197 1111 1084 3198 1106 1084 3199 1105 1084 3200 1110 1085 3201 1107 1085 3202 1106 1085 3203 1108 1086 3204 1107 1086 3205 1109 1086 3206 1155 1103 3255 1150 1103 3256 1162 1103 3257 1153 1104 3258 1156 1104 3259 1154 1104 3260 1167 1105 3261 1156 1105 3262 1152 1105 3263 1166 1106 3264 1157 1106 3265 1167 1106 3266 1165 1107 3267 1158 1107 3268 1166 1107 3269 1164 1108 3270 1159 1108 3271 1165 1108 3272 1163 1109 3273 1160 1109 3274 1164 1109 3275 1163 1110 3276 1150 1110 3277 1161 1110 3278 337 1212 3618 1071 1212 3619 1060 1212 3620 338 1216 3630 1070 1216 3631 1071 1216 3632 204 1243 3711 933 1243 3712 918 1243 3713 339 1246 3720 1069 1246 3721 1070 1246 3722 203 1250 3732 932 1250 3733 933 1250 3734 340 1251 3735 1068 1251 3736 1069 1251 3737 203 1279 3819 202 1279 3820 931 1279 3821 340 1280 3822 341 1280 3823 1067 1280 3824 202 1282 3828 201 1282 3829 930 1282 3830 341 1283 3831 342 1283 3832 1066 1283 3833 880 1287 3843 881 1287 3844 153 1287 3845 882 1305 3897 883 1305 3898 154 1305 3899 153 1306 3900 155 1306 3901 163 1306 3902 163 1307 3903 892 1307 3904 893 1307 3905 201 1308 3906 200 1308 3907 929 1308 3908 153 1309 3909 881 1309 3910 885 1309 3911 152 1310 3912 884 1310 3913 886 1310 3914 342 1311 3915 332 1311 3916 1064 1311 3917 258 1312 3918 987 1312 3919 972 1312 3920 200 1314 3924 199 1314 3925 928 1314 3926 333 1315 3927 1061 1315 3928 1065 1315 3929 257 1317 3933 986 1317 3934 987 1317 3935 883 1318 3936 884 1318 3937 152 1318 3938 168 1320 3942 897 1320 3943 882 1320 3944 896 1321 3945 897 1321 3946 168 1321 3947 895 1322 3948 896 1322 3949 167 1322 3950 894 1323 3951 895 1323 3952 166 1323 3953 164 1324 3954 893 1324 3955 894 1324 3956 152 1325 3957 162 1325 3958 169 1325 3959 162 1326 3960 161 1326 3961 168 1326 3962 161 1327 3963 160 1327 3964 167 1327 3965 159 1328 3966 166 1328 3967 167 1328 3968 158 1329 3969 165 1329 3970 166 1329 3971 158 1330 3972 157 1330 3973 164 1330 3974 157 1331 3975 156 1331 3976 163 1331 3977 162 1332 3978 886 1332 3979 887 1332 3980 161 1333 3981 887 1333 3982 888 1333 3983 160 1334 3984 888 1334 3985 889 1334 3986 889 1335 3987 890 1335 3988 158 1335 3989 890 1336 3990 891 1336 3991 157 1336 3992 891 1337 3993 880 1337 3994 156 1337 3995 885 1338 3996 892 1338 3997 163 1338 3998 334 1345 4017 1063 1345 4018 1064 1345 4019 256 1346 4020 985 1346 4021 986 1346 4022 255 1349 4029 984 1349 4030 985 1349 4031 192 1352 4038 916 1352 4039 917 1352 4040 918 1372 4098 919 1372 4099 190 1372 4100 192 1373 4101 189 1373 4102 191 1373 4103 318 1374 4104 1042 1374 4105 1043 1374 4106 917 1375 4107 921 1375 4108 191 1375 4109 188 1376 4110 920 1376 4111 922 1376 4112 254 1378 4116 983 1378 4117 984 1378 4118 253 1382 4128 982 1382 4129 983 1382 4130 919 1384 4134 920 1384 4135 188 1384 4136 198 1385 4137 205 1385 4138 190 1385 4139 198 1386 4140 197 1386 4141 204 1386 4142 197 1387 4143 196 1387 4144 203 1387 4145 196 1388 4146 195 1388 4147 202 1388 4148 194 1389 4149 201 1389 4150 202 1389 4151 193 1390 4152 200 1390 4153 201 1390 4154 192 1391 4155 199 1391 4156 200 1391 4157 198 1392 4158 922 1392 4159 923 1392 4160 197 1393 4161 923 1393 4162 924 1393 4163 196 1394 4164 924 1394 4165 925 1394 4166 925 1395 4167 926 1395 4168 194 1395 4169 926 1396 4170 927 1396 4171 193 1396 4172 193 1397 4173 927 1397 4174 916 1397 4175 191 1398 4176 921 1398 4177 928 1398 4178 1096 1435 4287 1097 1435 4288 369 1435 4289 334 1443 4311 349 1443 4312 1062 1443 4313 970 1445 4317 971 1445 4318 243 1445 4319 972 1465 4377 973 1465 4378 244 1465 4379 246 1466 4380 243 1466 4381 245 1466 4382 243 1468 4386 971 1468 4387 975 1468 4388 974 1469 4389 976 1469 4390 252 1469 4391 1150 1473 4401 1151 1473 4402 423 1473 4403 244 1475 4407 973 1475 4408 974 1475 4409 242 1476 4410 252 1476 4411 259 1476 4412 252 1477 4413 251 1477 4414 258 1477 4415 251 1478 4416 250 1478 4417 257 1478 4418 250 1479 4419 249 1479 4420 256 1479 4421 248 1480 4422 255 1480 4423 256 1480 4424 247 1481 4425 254 1481 4426 255 1481 4427 247 1482 4428 246 1482 4429 253 1482 4430 976 1483 4431 977 1483 4432 251 1483 4433 251 1484 4434 977 1484 4435 978 1484 4436 250 1485 4437 978 1485 4438 979 1485 4439 979 1486 4440 980 1486 4441 248 1486 4442 980 1487 4443 981 1487 4444 247 1487 4445 981 1488 4446 970 1488 4447 246 1488 4448 245 1489 4449 975 1489 4450 982 1489 4451 1044 1565 4683 1045 1565 4684 316 1565 4685 315 1566 4686 317 1566 4687 325 1566 4688 325 1567 4689 1054 1567 4690 1055 1567 4691 1043 1568 4692 1047 1568 4693 317 1568 4694 314 1569 4695 1046 1569 4696 1048 1569 4697 1045 1570 4701 1046 1570 4702 314 1570 4703 333 1571 4704 336 1571 4705 1060 1571 4706 1059 1572 4707 1044 1572 4708 331 1572 4709 1058 1573 4710 1059 1573 4711 330 1573 4712 328 1574 4713 1057 1574 4714 1058 1574 4715 1056 1575 4716 1057 1575 4717 328 1575 4718 1055 1576 4719 1056 1576 4720 327 1576 4721 314 1577 4722 324 1577 4723 331 1577 4724 324 1578 4725 323 1578 4726 330 1578 4727 322 1579 4728 329 1579 4729 330 1579 4730 321 1580 4731 328 1580 4732 329 1580 4733 321 1581 4734 320 1581 4735 327 1581 4736 320 1582 4737 319 1582 4738 326 1582 4739 318 1583 4740 325 1583 4741 326 1583 4742 324 1584 4743 1048 1584 4744 1049 1584 4745 1049 1585 4746 1050 1585 4747 322 1585 4748 1050 1586 4749 1051 1586 4750 321 1586 4751 321 1587 4752 1051 1587 4753 1052 1587 4754 320 1588 4755 1052 1588 4756 1053 1588 4757 319 1589 4758 1053 1589 4759 1042 1589 4760 317 1590 4761 1047 1590 4762 1054 1590 4763 333 1591 4764 335 1591 4765 343 1591 4766 1072 1592 4767 1073 1592 4768 344 1592 4769 348 1594 4773 1077 1594 4774 1062 1594 4775 1076 1595 4776 1077 1595 4777 348 1595 4778 1075 1596 4779 1076 1596 4780 347 1596 4781 1074 1597 4782 1075 1597 4783 346 1597 4784 344 1598 4785 1073 1598 4786 1074 1598 4787 342 1599 4788 349 1599 4789 334 1599 4790 341 1600 4791 348 1600 4792 349 1600 4793 340 1601 4794 347 1601 4795 348 1601 4796 340 1602 4797 339 1602 4798 346 1602 4799 339 1603 4800 338 1603 4801 345 1603 4802 338 1604 4803 337 1604 4804 344 1604 4805 337 1605 4806 336 1605 4807 343 1605 4808 1065 1606 4809 1072 1606 4810 343 1606 4811 1098 1626 4872 1099 1626 4873 370 1626 4874 369 1627 4875 371 1627 4876 379 1627 4877 379 1628 4878 1108 1628 4879 1109 1628 4880 1097 1629 4881 1101 1629 4882 371 1629 4883 368 1630 4884 1100 1630 4885 1102 1630 4886 370 1631 4890 1099 1631 4891 1100 1631 4892 1113 1633 4896 1098 1633 4897 385 1633 4898 1112 1634 4899 1113 1634 4900 384 1634 4901 382 1635 4902 1111 1635 4903 1112 1635 4904 381 1636 4905 1110 1636 4906 1111 1636 4907 380 1637 4908 1109 1637 4909 1110 1637 4910 378 1638 4911 385 1638 4912 370 1638 4913 377 1639 4914 384 1639 4915 385 1639 4916 376 1640 4917 383 1640 4918 384 1640 4919 375 1641 4920 382 1641 4921 383 1641 4922 374 1642 4923 381 1642 4924 382 1642 4925 374 1643 4926 373 1643 4927 380 1643 4928 373 1644 4929 372 1644 4930 379 1644 4931 1102 1645 4932 1103 1645 4933 377 1645 4934 1103 1646 4935 1104 1646 4936 376 1646 4937 1104 1647 4938 1105 1647 4939 375 1647 4940 375 1648 4941 1105 1648 4942 1106 1648 4943 374 1649 4944 1106 1649 4945 1107 1649 4946 1107 1650 4947 1096 1650 4948 372 1650 4949 371 1651 4950 1101 1651 4951 1108 1651 4952 1152 1687 5058 1153 1687 5059 424 1687 5060 426 1688 5061 423 1688 5062 425 1688 5063 433 1689 5064 1162 1689 5065 1163 1689 5066 1151 1690 5067 1155 1690 5068 425 1690 5069 422 1691 5070 1154 1691 5071 1156 1691 5072 1153 1692 5076 1154 1692 5077 422 1692 5078 1167 1694 5082 1152 1694 5083 439 1694 5084 1166 1695 5085 1167 1695 5086 438 1695 5087 436 1696 5088 1165 1696 5089 1166 1696 5090 1164 1697 5091 1165 1697 5092 436 1697 5093 1163 1698 5094 1164 1698 5095 435 1698 5096 422 1699 5097 432 1699 5098 439 1699 5099 432 1700 5100 431 1700 5101 438 1700 5102 431 1701 5103 430 1701 5104 437 1701 5105 430 1702 5106 429 1702 5107 436 1702 5108 429 1703 5109 428 1703 5110 435 1703 5111 427 1704 5112 434 1704 5113 435 1704 5114 427 1705 5115 426 1705 5116 433 1705 5117 432 1706 5118 1156 1706 5119 1157 1706 5120 431 1707 5121 1157 1707 5122 1158 1707 5123 430 1708 5124 1158 1708 5125 1159 1708 5126 1159 1709 5127 1160 1709 5128 428 1709 5129 1160 1710 5130 1161 1710 5131 427 1710 5132 1161 1711 5133 1150 1711 5134 426 1711 5135 425 1712 5136 1155 1712 5137 1162 1712 5138 519 1741 5400 521 1741 5401 520 1741 5402 645 1742 5403 525 1742 5404 524 1742 5405 525 1743 5406 523 1743 5407 522 1743 5408 653 1744 5409 519 1744 5410 518 1744 5411 524 1745 5412 522 1745 5413 649 1745 5414 521 1746 5415 519 1746 5416 653 1746 5417 540 1755 5442 541 1755 5443 539 1755 5444 544 1756 5445 545 1756 5446 585 1756 5447 542 1757 5448 543 1757 5449 545 1757 5450 586 1758 5451 538 1758 5452 539 1758 5453 589 1759 5454 542 1759 5455 544 1759 5456 593 1760 5457 539 1760 5458 541 1760 5459 545 1787 5541 543 1787 5542 590 1787 5543 585 1788 5544 590 1788 5545 591 1788 5546 591 1789 5547 592 1789 5548 583 1789 5549 592 1790 5550 593 1790 5551 582 1790 5552 540 1791 5553 538 1791 5554 586 1791 5555 581 1792 5556 586 1792 5557 587 1792 5558 580 1793 5559 587 1793 5560 588 1793 5561 588 1794 5562 589 1794 5563 578 1794 5564 589 1795 5565 590 1795 5566 543 1795 5567 589 1796 5568 588 1796 5569 591 1796 5570 587 1797 5571 592 1797 5572 591 1797 5573 587 1798 5574 586 1798 5575 593 1798 5576 540 1799 5577 581 1799 5578 582 1799 5579 580 1800 5580 583 1800 5581 582 1800 5582 580 1801 5583 579 1801 5584 584 1801 5585 579 1802 5586 578 1802 5587 585 1802 5588 525 1847 5721 645 1847 5722 650 1847 5723 645 1848 5724 644 1848 5725 651 1848 5726 643 1849 5727 652 1849 5728 651 1849 5729 642 1850 5730 653 1850 5731 652 1850 5732 520 1851 5733 641 1851 5734 646 1851 5735 641 1852 5736 640 1852 5737 647 1852 5738 640 1853 5739 639 1853 5740 648 1853 5741 638 1854 5742 649 1854 5743 648 1854 5744 522 1855 5745 523 1855 5746 650 1855 5747 650 1856 5748 651 1856 5749 648 1856 5750 648 1857 5751 651 1857 5752 652 1857 5753 652 1858 5754 653 1858 5755 646 1858 5756 520 1859 5757 521 1859 5758 642 1859 5759 642 1860 5760 643 1860 5761 640 1860 5762 643 1861 5763 644 1861 5764 639 1861 5765 639 1862 5766 644 1862 5767 645 1862 5768 679 1885 5838 681 1885 5839 680 1885 5840 805 1886 5841 685 1886 5842 684 1886 5843 685 1887 5844 683 1887 5845 682 1887 5846 813 1888 5847 679 1888 5848 678 1888 5849 684 1889 5850 682 1889 5851 809 1889 5852 681 1890 5853 679 1890 5854 813 1890 5855 700 1899 5880 701 1899 5881 699 1899 5882 704 1900 5883 705 1900 5884 745 1900 5885 702 1901 5886 703 1901 5887 705 1901 5888 746 1902 5889 698 1902 5890 699 1902 5891 749 1903 5892 702 1903 5893 704 1903 5894 753 1904 5895 699 1904 5896 701 1904 5897 705 1931 5979 703 1931 5980 750 1931 5981 745 1932 5982 750 1932 5983 751 1932 5984 751 1933 5985 752 1933 5986 743 1933 5987 752 1934 5988 753 1934 5989 742 1934 5990 700 1935 5991 698 1935 5992 746 1935 5993 741 1936 5994 746 1936 5995 747 1936 5996 740 1937 5997 747 1937 5998 748 1937 5999 748 1938 6000 749 1938 6001 738 1938 6002 749 1939 6003 750 1939 6004 703 1939 6005 749 1940 6006 748 1940 6007 751 1940 6008 747 1941 6009 752 1941 6010 751 1941 6011 747 1942 6012 746 1942 6013 753 1942 6014 700 1943 6015 741 1943 6016 742 1943 6017 740 1944 6018 743 1944 6019 742 1944 6020 740 1945 6021 739 1945 6022 744 1945 6023 739 1946 6024 738 1946 6025 745 1946 6026 685 1991 6159 805 1991 6160 810 1991 6161 805 1992 6162 804 1992 6163 811 1992 6164 803 1993 6165 812 1993 6166 811 1993 6167 802 1994 6168 813 1994 6169 812 1994 6170 680 1995 6171 801 1995 6172 806 1995 6173 801 1996 6174 800 1996 6175 807 1996 6176 800 1997 6177 799 1997 6178 808 1997 6179 798 1998 6180 809 1998 6181 808 1998 6182 682 1999 6183 683 1999 6184 810 1999 6185 810 2000 6186 811 2000 6187 808 2000 6188 808 2001 6189 811 2001 6190 812 2001 6191 812 2002 6192 813 2002 6193 806 2002 6194 680 2003 6195 681 2003 6196 802 2003 6197 802 2004 6198 803 2004 6199 800 2004 6200 803 2005 6201 804 2005 6202 799 2005 6203 799 2006 6204 804 2006 6205 805 2006 6206 885 2043 6315 881 2043 6316 880 2043 6317 883 2044 6318 882 2044 6319 886 2044 6320 882 2045 6321 897 2045 6322 887 2045 6323 896 2046 6324 888 2046 6325 887 2046 6326 895 2047 6327 889 2047 6328 888 2047 6329 894 2048 6330 890 2048 6331 889 2048 6332 894 2049 6333 893 2049 6334 891 2049 6335 893 2050 6336 892 2050 6337 880 2050 6338 928 2059 6363 921 2059 6364 917 2059 6365 919 2060 6366 918 2060 6367 922 2060 6368 918 2061 6369 933 2061 6370 923 2061 6371 933 2062 6372 932 2062 6373 924 2062 6374 931 2063 6375 925 2063 6376 924 2063 6377 930 2064 6378 926 2064 6379 925 2064 6380 929 2065 6381 927 2065 6382 926 2065 6383 928 2066 6384 916 2066 6385 927 2066 6386 975 2083 6435 971 2083 6436 970 2083 6437 972 2084 6438 976 2084 6439 974 2084 6440 987 2085 6441 977 2085 6442 976 2085 6443 986 2086 6444 978 2086 6445 977 2086 6446 985 2087 6447 979 2087 6448 978 2087 6449 984 2088 6450 980 2088 6451 979 2088 6452 983 2089 6453 981 2089 6454 980 2089 6455 983 2090 6456 982 2090 6457 970 2090 6458 1054 2115 6531 1047 2115 6532 1043 2115 6533 1045 2116 6534 1044 2116 6535 1048 2116 6536 1044 2117 6537 1059 2117 6538 1049 2117 6539 1059 2118 6540 1058 2118 6541 1050 2118 6542 1058 2119 6543 1057 2119 6544 1051 2119 6545 1056 2120 6546 1052 2120 6547 1051 2120 6548 1055 2121 6549 1053 2121 6550 1052 2121 6551 1055 2122 6552 1054 2122 6553 1042 2122 6554 1065 2123 6555 1061 2123 6556 1060 2123 6557 1062 2124 6558 1066 2124 6559 1064 2124 6560 1077 2125 6561 1067 2125 6562 1066 2125 6563 1076 2126 6564 1068 2126 6565 1067 2126 6566 1075 2127 6567 1069 2127 6568 1068 2127 6569 1074 2128 6570 1070 2128 6571 1069 2128 6572 1074 2129 6573 1073 2129 6574 1071 2129 6575 1072 2130 6576 1060 2130 6577 1071 2130 6578 1101 2139 6603 1097 2139 6604 1096 2139 6605 1099 2140 6606 1098 2140 6607 1102 2140 6608 1113 2141 6609 1103 2141 6610 1102 2141 6611 1112 2142 6612 1104 2142 6613 1103 2142 6614 1111 2143 6615 1105 2143 6616 1104 2143 6617 1111 2144 6618 1110 2144 6619 1106 2144 6620 1110 2145 6621 1109 2145 6622 1107 2145 6623 1108 2146 6624 1096 2146 6625 1107 2146 6626 1155 2163 6675 1151 2163 6676 1150 2163 6677 1153 2164 6678 1152 2164 6679 1156 2164 6680 1167 2165 6681 1157 2165 6682 1156 2165 6683 1166 2166 6684 1158 2166 6685 1157 2166 6686 1165 2167 6687 1159 2167 6688 1158 2167 6689 1164 2168 6690 1160 2168 6691 1159 2168 6692 1163 2169 6693 1161 2169 6694 1160 2169 6695 1163 2170 6696 1162 2170 6697 1150 2170 6698</p>
        </triangles>
        <triangles material="WoodBright2_004-material" count="1292">
          <input semantic="VERTEX" source="#Cube_229-mesh-vertices" offset="0"/>
          <input semantic="NORMAL" source="#Cube_229-mesh-normals" offset="1"/>
          <input semantic="TEXCOORD" source="#Cube_229-mesh-map-0" offset="2" set="0"/>
          <p>115 92 288 829 92 289 100 92 290 102 93 291 101 93 292 109 93 293 109 94 294 839 94 295 110 94 296 287 95 297 1014 95 298 286 95 299 99 96 300 831 96 301 101 96 302 98 97 303 832 97 304 108 97 305 876 99 309 148 99 310 147 99 311 288 100 312 1013 100 313 287 100 314 210 101 315 935 101 316 207 101 317 146 103 321 876 103 322 147 103 323 278 104 324 1012 104 325 288 104 326 829 105 327 98 105 328 100 105 329 120 106 330 845 106 331 117 106 332 114 107 333 828 107 334 115 107 335 842 108 336 114 108 337 113 108 338 841 109 339 113 109 340 112 109 341 111 110 342 841 110 343 112 110 344 110 111 345 840 111 346 111 111 347 108 112 348 100 112 349 98 112 350 107 113 351 115 113 352 108 113 353 106 114 354 114 114 355 107 114 356 105 115 357 113 115 358 106 115 359 105 116 360 111 116 361 112 116 362 104 117 363 110 117 364 111 117 365 103 118 366 109 118 367 110 118 368 832 119 369 107 119 370 108 119 371 107 120 372 834 120 373 106 120 374 106 121 375 835 121 376 105 121 377 105 122 378 836 122 379 104 122 380 104 123 381 837 123 382 103 123 383 103 124 384 826 124 385 102 124 386 831 125 387 109 125 388 101 125 389 133 126 390 847 126 391 118 126 392 120 127 393 119 127 394 127 127 395 127 128 396 857 128 397 128 128 398 845 130 402 119 130 403 117 130 404 116 131 405 850 131 406 126 131 407 281 133 411 1007 133 412 1011 133 413 145 134 414 875 134 415 146 134 416 187 135 417 901 135 418 172 135 419 1126 138 426 389 138 427 1119 138 428 118 139 429 848 139 430 116 139 431 862 140 432 135 140 433 138 140 434 861 141 435 133 141 436 132 141 437 860 142 438 132 142 439 131 142 440 859 143 441 131 143 442 130 143 443 858 144 444 130 144 445 129 144 446 128 145 447 858 145 448 129 145 449 126 146 450 118 146 451 116 146 452 125 147 453 133 147 454 126 147 455 125 148 456 131 148 457 132 148 458 123 149 459 131 149 460 124 149 461 122 150 462 130 150 463 123 150 464 121 151 465 129 151 466 122 151 467 121 152 468 127 152 469 128 152 470 126 153 471 851 153 472 125 153 473 125 154 474 852 154 475 124 154 476 852 155 477 123 155 478 124 155 479 123 156 480 854 156 481 122 156 482 854 157 483 121 157 484 122 157 485 855 158 486 120 158 487 121 158 488 119 159 489 856 159 490 127 159 491 864 160 492 136 160 493 151 160 494 135 161 495 145 161 496 138 161 497 278 162 498 1009 162 499 1010 162 500 863 163 501 137 163 502 135 163 503 134 164 504 868 164 505 144 164 506 390 167 513 1125 167 514 1114 167 515 988 170 522 261 170 523 264 170 524 391 171 525 1124 171 526 1125 171 527 865 172 528 134 172 529 136 172 530 150 174 534 864 174 535 151 174 536 878 175 537 150 175 538 149 175 539 877 176 540 149 176 541 148 176 542 144 177 543 136 177 544 134 177 545 144 178 546 150 178 547 151 178 548 142 179 549 150 179 550 143 179 551 141 180 552 149 180 553 142 180 554 140 181 555 148 181 556 141 181 557 140 182 558 146 182 559 147 182 560 139 183 561 145 183 562 146 183 563 144 184 564 869 184 565 143 184 566 143 185 567 870 185 568 142 185 569 142 186 570 871 186 571 141 186 572 141 187 573 872 187 574 140 187 575 872 188 576 139 188 577 140 188 578 873 189 579 138 189 580 139 189 581 137 190 582 874 190 583 145 190 584 393 199 609 1124 199 610 392 199 611 954 202 618 226 202 619 241 202 620 171 205 627 898 205 628 899 205 629 171 225 687 181 225 688 174 225 689 910 226 690 182 226 691 181 226 692 393 227 693 1122 227 694 1123 227 695 171 228 696 903 228 697 173 228 698 170 229 699 904 229 700 180 229 701 1173 230 702 451 230 703 443 230 704 394 233 711 1121 233 712 1122 233 713 444 234 714 1179 234 715 1168 234 716 396 236 720 1121 236 721 395 236 722 172 237 723 902 237 724 170 237 725 186 239 729 900 239 730 187 239 731 914 240 732 186 240 733 185 240 734 913 241 735 185 241 736 184 241 737 183 242 738 913 242 739 184 242 740 911 243 741 183 243 742 182 243 743 170 244 744 187 244 745 172 244 746 180 245 747 186 245 748 187 245 749 179 246 750 185 246 751 186 246 752 178 247 753 184 247 754 185 247 755 176 248 756 184 248 757 177 248 758 175 249 759 183 249 760 176 249 761 174 250 762 182 250 763 175 250 764 180 251 765 905 251 766 179 251 767 179 252 768 906 252 769 178 252 770 178 253 771 907 253 772 177 253 773 177 254 774 908 254 775 176 254 776 908 255 777 175 255 778 176 255 779 909 256 780 174 256 781 175 256 782 903 257 783 181 257 784 173 257 785 445 263 801 1178 263 802 1179 263 803 386 265 807 1120 265 808 396 265 809 313 266 810 1041 266 811 1026 266 812 447 267 813 1178 267 814 446 267 815 389 269 819 1115 269 820 1119 269 821 936 285 867 208 285 868 223 285 869 210 286 870 209 286 871 217 286 872 946 287 873 218 287 874 217 287 875 280 288 876 1008 288 877 1009 288 878 935 289 879 209 289 880 207 289 881 938 290 882 216 290 883 206 290 884 312 291 885 1040 291 886 1041 291 887 1177 292 888 448 292 889 1176 292 890 388 293 891 1118 293 892 386 293 893 310 294 894 1040 294 895 311 294 896 1176 295 897 449 295 898 1175 295 899 310 296 900 1038 296 901 1039 296 902 449 297 903 1174 297 904 1175 297 905 208 298 906 938 298 907 206 298 908 228 299 909 953 299 910 225 299 911 222 300 912 936 300 913 223 300 914 221 301 915 951 301 916 222 301 917 949 302 918 221 302 919 220 302 920 948 303 921 220 303 922 219 303 923 947 304 924 219 304 925 218 304 926 206 305 927 223 305 928 208 305 929 215 306 930 223 306 931 216 306 932 215 307 933 221 307 934 222 307 935 214 308 936 220 308 937 221 308 938 212 309 939 220 309 940 213 309 941 212 310 942 218 310 943 219 310 944 211 311 945 217 311 946 218 311 947 940 312 948 215 312 949 216 312 950 941 313 951 214 313 952 215 313 953 942 314 954 213 314 955 214 314 956 943 315 957 212 315 958 213 315 959 944 316 960 211 316 961 212 316 962 211 317 963 934 317 964 210 317 965 209 318 966 946 318 967 217 318 968 228 319 969 227 319 970 235 319 971 235 320 972 965 320 973 236 320 974 953 322 978 227 322 979 225 322 980 956 323 981 234 323 982 224 323 983 309 324 984 1037 324 985 1038 324 986 1174 325 987 440 325 988 1172 325 989 366 326 990 1080 326 991 367 326 992 308 327 993 1036 327 994 1037 327 995 441 328 996 1173 328 997 443 328 998 226 330 1002 956 330 1003 224 330 1004 969 332 1008 241 332 1009 240 332 1010 968 333 1011 240 333 1012 239 333 1013 967 334 1014 239 334 1015 238 334 1016 237 335 1017 967 335 1018 238 335 1019 236 336 1020 966 336 1021 237 336 1022 224 337 1023 241 337 1024 226 337 1025 233 338 1026 241 338 1027 234 338 1028 232 339 1029 240 339 1030 233 339 1031 231 340 1032 239 340 1033 232 340 1034 231 341 1035 237 341 1036 238 341 1037 230 342 1038 236 342 1039 237 342 1040 228 343 1041 236 343 1042 229 343 1043 958 344 1044 233 344 1045 234 344 1046 959 345 1047 232 345 1048 233 345 1049 232 346 1050 961 346 1051 231 346 1052 231 347 1053 962 347 1054 230 347 1055 230 348 1056 963 348 1057 229 348 1058 229 349 1059 952 349 1060 228 349 1061 227 350 1062 964 350 1063 235 350 1064 366 353 1071 1094 353 1072 1095 353 1073 440 356 1080 1171 356 1081 1172 356 1082 364 357 1083 1094 357 1084 365 357 1085 363 358 1086 1093 358 1087 364 358 1088 990 378 1140 262 378 1141 277 378 1142 261 379 1143 271 379 1144 264 379 1145 271 380 1146 1001 380 1147 272 380 1148 362 381 1149 1092 381 1150 363 381 1151 261 382 1152 993 382 1153 263 382 1154 992 383 1155 270 383 1156 260 383 1157 420 384 1158 1134 384 1159 421 384 1160 361 385 1161 1091 385 1162 362 385 1163 388 386 1164 1116 386 1165 1117 386 1166 419 387 1167 1149 387 1168 420 387 1169 262 388 1170 992 388 1171 260 388 1172 279 389 1173 1006 389 1174 1007 389 1175 1005 390 1176 277 390 1177 276 390 1178 1004 391 1179 276 391 1180 275 391 1181 1003 392 1182 275 392 1183 274 392 1184 1002 393 1185 274 393 1186 273 393 1187 272 394 1188 1002 394 1189 273 394 1190 270 395 1191 262 395 1192 260 395 1193 269 396 1194 277 396 1195 270 396 1196 268 397 1197 276 397 1198 269 397 1199 267 398 1200 275 398 1201 268 398 1202 266 399 1203 274 399 1204 267 399 1205 266 400 1206 272 400 1207 273 400 1208 265 401 1209 271 401 1210 272 401 1211 994 402 1212 269 402 1213 270 402 1214 995 403 1215 268 403 1216 269 403 1217 996 404 1218 267 404 1219 268 404 1220 267 405 1221 998 405 1222 266 405 1223 266 406 1224 999 406 1225 265 406 1226 999 407 1227 264 407 1228 265 407 1229 263 408 1230 1000 408 1231 271 408 1232 279 409 1233 289 409 1234 282 409 1235 289 410 1236 1019 410 1237 290 410 1238 419 411 1239 1147 411 1240 1148 411 1241 418 414 1245 1146 414 1246 1147 414 1247 417 415 1248 1145 415 1249 1146 415 1250 1024 416 1251 297 416 1252 300 416 1253 294 417 1254 1008 417 1255 295 417 1256 1022 418 1257 294 418 1258 293 418 1259 1021 419 1260 293 419 1261 292 419 1262 1020 420 1263 292 420 1264 291 420 1265 1019 421 1266 291 421 1267 290 421 1268 278 422 1269 295 422 1270 280 422 1271 288 423 1272 294 423 1273 295 423 1274 287 424 1275 293 424 1276 294 424 1277 286 425 1278 292 425 1279 293 425 1280 285 426 1281 291 426 1282 292 426 1283 284 427 1284 290 427 1285 291 427 1286 283 428 1287 289 428 1288 290 428 1289 286 429 1290 1015 429 1291 285 429 1292 1015 430 1293 284 430 1294 285 430 1295 1016 431 1296 283 431 1297 284 431 1298 1017 432 1299 282 432 1300 283 432 1301 281 433 1302 1018 433 1303 289 433 1304 1026 434 1305 298 434 1306 313 434 1307 300 435 1308 299 435 1309 307 435 1310 297 436 1311 1029 436 1312 299 436 1313 1028 437 1314 306 437 1315 296 437 1316 415 438 1317 1145 438 1318 416 438 1319 442 439 1320 1170 439 1321 1171 439 1322 298 442 1326 1028 442 1327 296 442 1328 306 443 1329 298 443 1330 296 443 1331 305 444 1332 313 444 1333 306 444 1334 304 445 1335 312 445 1336 305 445 1337 303 446 1338 311 446 1339 304 446 1340 302 447 1341 310 447 1342 303 447 1343 301 448 1344 309 448 1345 302 448 1346 300 449 1347 308 449 1348 301 449 1349 1030 450 1350 305 450 1351 306 450 1352 1031 451 1353 304 451 1354 305 451 1355 1032 452 1356 303 452 1357 304 452 1358 1033 453 1359 302 453 1360 303 453 1361 1034 454 1362 301 454 1363 302 454 1364 1035 455 1365 300 455 1366 301 455 1367 299 456 1368 1036 456 1369 307 456 1370 1078 487 1458 351 487 1459 354 487 1460 1081 501 1500 367 501 1501 1080 501 1502 351 502 1503 361 502 1504 354 502 1505 351 505 1509 1083 505 1510 353 505 1511 1082 506 1512 360 506 1513 350 506 1514 1081 507 1515 350 507 1516 352 507 1517 350 508 1518 367 508 1519 352 508 1520 360 509 1521 366 509 1522 367 509 1523 359 510 1524 365 510 1525 366 510 1526 357 511 1527 365 511 1528 358 511 1529 357 512 1530 363 512 1531 364 512 1532 356 513 1533 362 513 1534 363 513 1535 355 514 1536 361 514 1537 362 514 1538 1084 515 1539 359 515 1540 360 515 1541 359 516 1542 1086 516 1543 358 516 1544 1086 517 1545 357 517 1546 358 517 1547 1087 518 1548 356 518 1549 357 518 1550 1088 519 1551 355 519 1552 356 519 1553 1089 520 1554 354 520 1555 355 520 1556 353 521 1557 1090 521 1558 361 521 1559 387 529 1581 1114 529 1582 1115 529 1583 387 549 1641 397 549 1642 390 549 1643 397 550 1644 1127 550 1645 398 550 1646 1132 551 1647 405 551 1648 408 551 1649 402 552 1650 1116 552 1651 403 552 1652 401 553 1653 1131 553 1654 402 553 1655 1129 554 1656 401 554 1657 400 554 1658 399 555 1659 1129 555 1660 400 555 1661 398 556 1662 1128 556 1663 399 556 1664 396 557 1665 388 557 1666 386 557 1667 396 558 1668 402 558 1669 403 558 1670 395 559 1671 401 559 1672 402 559 1673 393 560 1674 401 560 1675 394 560 1676 392 561 1677 400 561 1678 393 561 1679 392 562 1680 398 562 1681 399 562 1682 391 563 1683 397 563 1684 398 563 1685 1134 564 1686 406 564 1687 421 564 1688 408 565 1689 407 565 1690 415 565 1691 405 566 1692 1137 566 1693 407 566 1694 404 567 1695 1138 567 1696 414 567 1697 1135 570 1701 404 570 1702 406 570 1703 414 571 1704 406 571 1705 404 571 1706 413 572 1707 421 572 1708 414 572 1709 413 573 1710 419 573 1711 420 573 1712 412 574 1713 418 574 1714 419 574 1715 410 575 1716 418 575 1717 411 575 1718 409 576 1719 417 576 1720 410 576 1721 408 577 1722 416 577 1723 409 577 1724 414 578 1725 1139 578 1726 413 578 1727 413 579 1728 1140 579 1729 412 579 1730 412 580 1731 1141 580 1732 411 580 1733 1141 581 1734 410 581 1735 411 581 1736 1142 582 1737 409 582 1738 410 582 1739 1143 583 1740 408 583 1741 409 583 1742 407 584 1743 1144 584 1744 415 584 1745 441 593 1767 1168 593 1768 1169 593 1769 441 613 1827 451 613 1828 444 613 1829 451 614 1830 1181 614 1831 452 614 1832 456 615 1833 1170 615 1834 457 615 1835 455 616 1836 1185 616 1837 456 616 1838 454 617 1839 1184 617 1840 455 617 1841 453 618 1842 1183 618 1843 454 618 1844 452 619 1845 1182 619 1846 453 619 1847 440 620 1848 457 620 1849 442 620 1850 450 621 1851 456 621 1852 457 621 1853 449 622 1854 455 622 1855 456 622 1856 448 623 1857 454 623 1858 455 623 1859 447 624 1860 453 624 1861 454 624 1862 446 625 1863 452 625 1864 453 625 1865 444 626 1866 452 626 1867 445 626 1868 570 669 1947 508 669 1948 536 669 1949 569 670 1950 508 670 1951 549 670 1952 511 671 1953 512 671 1954 510 671 1955 622 672 1956 517 672 1957 516 672 1958 517 673 1959 514 673 1960 516 673 1961 637 674 1962 510 674 1963 630 674 1964 516 675 1965 633 675 1966 622 675 1967 513 676 1968 637 676 1969 626 676 1970 574 677 1971 507 677 1972 535 677 1973 534 678 1974 507 678 1975 506 678 1976 534 679 1977 574 679 1978 535 679 1979 527 686 1998 528 686 1999 526 686 2000 659 687 2001 532 687 2002 654 687 2003 533 688 2004 530 688 2005 532 688 2006 665 689 2007 526 689 2008 660 689 2009 532 690 2010 662 690 2011 654 690 2012 529 691 2013 665 691 2014 657 691 2015 571 692 2016 575 692 2017 572 692 2018 536 693 2019 577 693 2020 570 693 2021 509 700 2040 577 700 2041 537 700 2042 570 701 2043 576 701 2044 571 701 2045 573 702 2046 575 702 2047 574 702 2048 552 703 2049 551 703 2050 550 703 2051 556 704 2052 601 704 2053 594 704 2054 554 705 2055 557 705 2056 556 705 2057 550 706 2058 609 706 2059 602 706 2060 605 707 2061 556 707 2062 594 707 2063 609 708 2064 553 708 2065 598 708 2066 560 709 2067 559 709 2068 558 709 2069 564 710 2070 615 710 2071 610 710 2072 562 711 2073 565 711 2074 564 711 2075 558 712 2076 621 712 2077 616 712 2078 618 713 2079 564 713 2080 610 713 2081 621 714 2082 561 714 2083 613 714 2084 508 715 2085 537 715 2086 536 715 2087 577 716 2088 568 716 2089 576 716 2090 568 717 2091 575 717 2092 576 717 2093 567 718 2094 574 718 2095 575 718 2096 507 719 2097 546 719 2098 506 719 2099 566 720 2100 547 720 2101 546 720 2102 547 721 2103 568 721 2104 548 721 2105 548 722 2106 569 722 2107 549 722 2108 534 723 2109 546 723 2110 573 723 2111 573 724 2112 547 724 2113 572 724 2114 547 725 2115 571 725 2116 572 725 2117 548 726 2118 570 726 2119 571 726 2120 557 743 2169 606 743 2170 601 743 2171 601 744 2172 607 744 2173 600 744 2174 607 745 2175 599 745 2176 600 745 2177 608 746 2178 598 746 2179 599 746 2180 552 747 2181 602 747 2182 597 747 2183 597 748 2184 603 748 2185 596 748 2186 603 749 2187 595 749 2188 596 749 2189 604 750 2190 594 750 2191 595 750 2192 605 751 2193 555 751 2194 554 751 2195 605 752 2196 607 752 2197 606 752 2198 603 753 2199 607 753 2200 604 753 2201 603 754 2202 609 754 2203 608 754 2204 597 755 2205 553 755 2206 552 755 2207 597 756 2208 599 756 2209 598 756 2210 595 757 2211 599 757 2212 596 757 2213 595 758 2214 601 758 2215 600 758 2216 565 759 2217 619 759 2218 615 759 2219 615 760 2220 620 760 2221 614 760 2222 620 761 2223 613 761 2224 614 761 2225 560 762 2226 616 762 2227 612 762 2228 612 763 2229 617 763 2230 611 763 2231 617 764 2232 610 764 2233 611 764 2234 618 765 2235 563 765 2236 562 765 2237 618 766 2238 620 766 2239 619 766 2240 617 767 2241 621 767 2242 620 767 2243 612 768 2244 561 768 2245 560 768 2246 612 769 2247 614 769 2248 613 769 2249 611 770 2250 615 770 2251 614 770 2252 517 771 2253 634 771 2254 515 771 2255 629 772 2256 635 772 2257 634 772 2258 628 773 2259 636 773 2260 635 773 2261 626 774 2262 636 774 2263 627 774 2264 512 775 2265 630 775 2266 510 775 2267 625 776 2268 631 776 2269 630 776 2270 623 777 2271 631 777 2272 624 777 2273 622 778 2274 632 778 2275 623 778 2276 514 779 2277 634 779 2278 633 779 2279 634 780 2280 632 780 2281 633 780 2282 635 781 2283 631 781 2284 632 781 2285 631 782 2286 637 782 2287 630 782 2288 512 783 2289 626 783 2290 625 783 2291 626 784 2292 624 784 2293 625 784 2294 627 785 2295 623 785 2296 624 785 2297 628 786 2298 622 786 2299 623 786 2300 533 803 2349 663 803 2350 531 803 2351 659 804 2352 664 804 2353 663 804 2354 657 805 2355 664 805 2356 658 805 2357 528 806 2358 660 806 2359 526 806 2360 656 807 2361 661 807 2362 660 807 2363 654 808 2364 661 808 2365 655 808 2366 531 809 2367 662 809 2368 530 809 2369 662 810 2370 664 810 2371 661 810 2372 664 811 2373 660 811 2374 661 811 2375 528 812 2376 657 812 2377 656 812 2378 656 813 2379 658 813 2380 655 813 2381 658 814 2382 654 814 2383 655 814 2384 730 815 2385 668 815 2386 696 815 2387 729 816 2388 668 816 2389 709 816 2390 671 817 2391 672 817 2392 670 817 2393 782 818 2394 677 818 2395 676 818 2396 677 819 2397 674 819 2398 676 819 2399 797 820 2400 670 820 2401 790 820 2402 676 821 2403 793 821 2404 782 821 2405 673 822 2406 797 822 2407 786 822 2408 734 823 2409 667 823 2410 695 823 2411 694 678 2412 667 678 2413 666 678 2414 694 824 2415 734 824 2416 695 824 2417 687 831 2436 688 831 2437 686 831 2438 819 832 2439 692 832 2440 814 832 2441 693 833 2442 690 833 2443 692 833 2444 825 834 2445 686 834 2446 820 834 2447 692 835 2448 822 835 2449 814 835 2450 689 836 2451 825 836 2452 817 836 2453 731 837 2454 735 837 2455 732 837 2456 696 838 2457 737 838 2458 730 838 2459 669 845 2478 737 845 2479 697 845 2480 730 846 2481 736 846 2482 731 846 2483 733 847 2484 735 847 2485 734 847 2486 712 848 2487 711 848 2488 710 848 2489 716 849 2490 761 849 2491 754 849 2492 714 850 2493 717 850 2494 716 850 2495 710 851 2496 769 851 2497 762 851 2498 765 852 2499 716 852 2500 754 852 2501 769 853 2502 713 853 2503 758 853 2504 720 854 2505 719 854 2506 718 854 2507 724 855 2508 775 855 2509 770 855 2510 722 856 2511 725 856 2512 724 856 2513 718 857 2514 781 857 2515 776 857 2516 778 858 2517 724 858 2518 770 858 2519 781 859 2520 721 859 2521 773 859 2522 668 715 2523 697 715 2524 696 715 2525 737 860 2526 728 860 2527 736 860 2528 728 861 2529 735 861 2530 736 861 2531 727 862 2532 734 862 2533 735 862 2534 667 863 2535 706 863 2536 666 863 2537 726 864 2538 707 864 2539 706 864 2540 707 865 2541 728 865 2542 708 865 2543 708 866 2544 729 866 2545 709 866 2546 694 867 2547 706 867 2548 733 867 2549 733 868 2550 707 868 2551 732 868 2552 707 869 2553 731 869 2554 732 869 2555 708 870 2556 730 870 2557 731 870 2558 717 887 2607 766 887 2608 761 887 2609 761 888 2610 767 888 2611 760 888 2612 767 889 2613 759 889 2614 760 889 2615 768 890 2616 758 890 2617 759 890 2618 712 891 2619 762 891 2620 757 891 2621 757 892 2622 763 892 2623 756 892 2624 763 893 2625 755 893 2626 756 893 2627 764 894 2628 754 894 2629 755 894 2630 765 895 2631 715 895 2632 714 895 2633 765 896 2634 767 896 2635 766 896 2636 763 897 2637 767 897 2638 764 897 2639 763 898 2640 769 898 2641 768 898 2642 757 899 2643 713 899 2644 712 899 2645 757 900 2646 759 900 2647 758 900 2648 755 901 2649 759 901 2650 756 901 2651 755 902 2652 761 902 2653 760 902 2654 725 903 2655 779 903 2656 775 903 2657 775 904 2658 780 904 2659 774 904 2660 780 905 2661 773 905 2662 774 905 2663 720 906 2664 776 906 2665 772 906 2666 772 907 2667 777 907 2668 771 907 2669 777 908 2670 770 908 2671 771 908 2672 778 909 2673 723 909 2674 722 909 2675 778 910 2676 780 910 2677 779 910 2678 777 911 2679 781 911 2680 780 911 2681 772 912 2682 721 912 2683 720 912 2684 772 913 2685 774 913 2686 773 913 2687 771 914 2688 775 914 2689 774 914 2690 677 915 2691 794 915 2692 675 915 2693 789 916 2694 795 916 2695 794 916 2696 788 917 2697 796 917 2698 795 917 2699 786 918 2700 796 918 2701 787 918 2702 672 919 2703 790 919 2704 670 919 2705 785 920 2706 791 920 2707 790 920 2708 783 921 2709 791 921 2710 784 921 2711 782 922 2712 792 922 2713 783 922 2714 674 923 2715 794 923 2716 793 923 2717 794 924 2718 792 924 2719 793 924 2720 795 925 2721 791 925 2722 792 925 2723 791 926 2724 797 926 2725 790 926 2726 672 927 2727 786 927 2728 785 927 2729 786 928 2730 784 928 2731 785 928 2732 787 929 2733 783 929 2734 784 929 2735 788 930 2736 782 930 2737 783 930 2738 693 947 2787 823 947 2788 691 947 2789 819 948 2790 824 948 2791 823 948 2792 817 949 2793 824 949 2794 818 949 2795 688 950 2796 820 950 2797 686 950 2798 816 951 2799 821 951 2800 820 951 2801 814 952 2802 821 952 2803 815 952 2804 691 953 2805 822 953 2806 690 953 2807 822 954 2808 824 954 2809 821 954 2810 824 955 2811 820 955 2812 821 955 2813 688 956 2814 817 956 2815 816 956 2816 816 957 2817 818 957 2818 815 957 2819 818 958 2820 814 958 2821 815 958 2822 831 959 2823 826 959 2824 838 959 2825 829 960 2826 832 960 2827 830 960 2828 828 961 2829 833 961 2830 832 961 2831 843 962 2832 834 962 2833 833 962 2834 842 963 2835 835 963 2836 834 963 2837 841 964 2838 836 964 2839 835 964 2840 839 965 2841 836 965 2842 840 965 2843 838 966 2844 837 966 2845 839 966 2846 856 967 2847 845 967 2848 844 967 2849 847 968 2850 850 968 2851 848 968 2852 846 969 2853 851 969 2854 850 969 2855 860 970 2856 851 970 2857 861 970 2858 859 971 2859 852 971 2860 860 971 2861 859 972 2862 854 972 2863 853 972 2864 858 973 2865 855 973 2866 854 973 2867 857 974 2868 844 974 2869 855 974 2870 874 975 2871 863 975 2872 862 975 2873 865 976 2874 868 976 2875 866 976 2876 864 977 2877 869 977 2878 868 977 2879 879 978 2880 870 978 2881 869 978 2882 878 979 2883 871 979 2884 870 979 2885 877 980 2886 872 980 2887 871 980 2888 875 981 2889 872 981 2890 876 981 2891 875 982 2892 862 982 2893 873 982 2894 903 991 2919 898 991 2920 910 991 2921 900 992 2922 902 992 2923 901 992 2924 900 993 2925 905 993 2926 904 993 2927 915 994 2928 906 994 2929 905 994 2930 913 995 2931 906 995 2932 914 995 2933 913 996 2934 908 996 2935 907 996 2936 912 997 2937 909 997 2938 908 997 2939 910 998 2940 909 998 2941 911 998 2942 946 1007 2967 935 1007 2968 934 1007 2969 936 1008 2970 938 1008 2971 937 1008 2972 951 1009 2973 940 1009 2974 936 1009 2975 950 1010 2976 941 1010 2977 951 1010 2978 949 1011 2979 942 1011 2980 950 1011 2981 948 1012 2982 943 1012 2983 949 1012 2984 947 1013 2985 944 1013 2986 948 1013 2987 946 1014 2988 945 1014 2989 947 1014 2990 964 1015 2991 953 1015 2992 952 1015 2993 954 1016 2994 956 1016 2995 955 1016 2996 969 1017 2997 958 1017 2998 954 1017 2999 968 1018 3000 959 1018 3001 969 1018 3002 968 1019 3003 961 1019 3004 960 1019 3005 966 1020 3006 961 1020 3007 967 1020 3008 966 1021 3009 963 1021 3010 962 1021 3011 965 1022 3012 952 1022 3013 963 1022 3014 993 1031 3039 988 1031 3040 1000 1031 3041 990 1032 3042 992 1032 3043 991 1032 3044 1005 1033 3045 994 1033 3046 990 1033 3047 1004 1034 3048 995 1034 3049 1005 1034 3050 1004 1035 3051 997 1035 3052 996 1035 3053 1003 1036 3054 998 1036 3055 997 1036 3056 1002 1037 3057 999 1037 3058 998 1037 3059 1001 1038 3060 988 1038 3061 999 1038 3062 1018 1039 3063 1007 1039 3064 1006 1039 3065 1009 1040 3066 1012 1040 3067 1010 1040 3068 1008 1041 3069 1013 1041 3070 1012 1041 3071 1023 1042 3072 1014 1042 3073 1013 1042 3074 1021 1043 3075 1014 1043 3076 1022 1043 3077 1020 1044 3078 1015 1044 3079 1021 1044 3080 1019 1045 3081 1016 1045 3082 1020 1045 3083 1018 1046 3084 1017 1046 3085 1019 1046 3086 1029 1047 3087 1024 1047 3088 1036 1047 3089 1026 1048 3090 1028 1048 3091 1027 1048 3092 1041 1049 3093 1030 1049 3094 1026 1049 3095 1040 1050 3096 1031 1050 3097 1041 1050 3098 1040 1051 3099 1033 1051 3100 1032 1051 3101 1039 1052 3102 1034 1052 3103 1033 1052 3104 1038 1053 3105 1035 1053 3106 1034 1053 3107 1036 1054 3108 1035 1054 3109 1037 1054 3110 1090 1071 3159 1079 1071 3160 1078 1071 3161 1081 1072 3162 1084 1072 3163 1082 1072 3164 1095 1073 3165 1084 1073 3166 1080 1073 3167 1094 1074 3168 1085 1074 3169 1095 1074 3170 1093 1075 3171 1086 1075 3172 1094 1075 3173 1092 1076 3174 1087 1076 3175 1093 1076 3176 1092 1077 3177 1089 1077 3178 1088 1077 3179 1091 1078 3180 1078 1078 3181 1089 1078 3182 1126 1087 3207 1115 1087 3208 1114 1087 3209 1116 1088 3210 1118 1088 3211 1117 1088 3212 1116 1089 3213 1121 1089 3214 1120 1089 3215 1130 1090 3216 1121 1090 3217 1131 1090 3218 1129 1091 3219 1122 1091 3220 1130 1091 3221 1129 1092 3222 1124 1092 3223 1123 1092 3224 1127 1093 3225 1124 1093 3226 1128 1093 3227 1126 1094 3228 1125 1094 3229 1127 1094 3230 1137 1095 3231 1132 1095 3232 1144 1095 3233 1135 1096 3234 1138 1096 3235 1136 1096 3236 1134 1097 3237 1139 1097 3238 1138 1097 3239 1149 1098 3240 1140 1098 3241 1139 1098 3242 1148 1099 3243 1141 1099 3244 1140 1099 3245 1146 1100 3246 1141 1100 3247 1147 1100 3248 1145 1101 3249 1142 1101 3250 1146 1101 3251 1144 1102 3252 1143 1102 3253 1145 1102 3254 1180 1111 3279 1169 1111 3280 1168 1111 3281 1170 1112 3282 1172 1112 3283 1171 1112 3284 1185 1113 3285 1174 1113 3286 1170 1113 3287 1185 1114 3288 1176 1114 3289 1175 1114 3290 1184 1115 3291 1177 1115 3292 1176 1115 3293 1183 1116 3294 1178 1116 3295 1177 1116 3296 1182 1117 3297 1179 1117 3298 1178 1117 3299 1181 1118 3300 1168 1118 3301 1179 1118 3302 102 1119 3306 827 1119 3307 99 1119 3308 115 1206 3600 828 1206 3601 829 1206 3602 102 1207 3603 99 1207 3604 101 1207 3605 109 1208 3606 838 1208 3607 839 1208 3608 287 1209 3609 1013 1209 3610 1014 1209 3611 99 1210 3612 827 1210 3613 831 1210 3614 98 1211 3615 830 1211 3616 832 1211 3617 876 1213 3621 877 1213 3622 148 1213 3623 288 1214 3624 1012 1214 3625 1013 1214 3626 210 1215 3627 934 1215 3628 935 1215 3629 146 1217 3633 875 1217 3634 876 1217 3635 278 1218 3636 1010 1218 3637 1012 1218 3638 829 1219 3639 830 1219 3640 98 1219 3641 120 1220 3642 844 1220 3643 845 1220 3644 114 1221 3645 843 1221 3646 828 1221 3647 842 1222 3648 843 1222 3649 114 1222 3650 841 1223 3651 842 1223 3652 113 1223 3653 111 1224 3654 840 1224 3655 841 1224 3656 110 1225 3657 839 1225 3658 840 1225 3659 108 1226 3660 115 1226 3661 100 1226 3662 107 1227 3663 114 1227 3664 115 1227 3665 106 1228 3666 113 1228 3667 114 1228 3668 105 1229 3669 112 1229 3670 113 1229 3671 105 1230 3672 104 1230 3673 111 1230 3674 104 1231 3675 103 1231 3676 110 1231 3677 103 1232 3678 102 1232 3679 109 1232 3680 832 1233 3681 833 1233 3682 107 1233 3683 107 1234 3684 833 1234 3685 834 1234 3686 106 1235 3687 834 1235 3688 835 1235 3689 105 1236 3690 835 1236 3691 836 1236 3692 104 1237 3693 836 1237 3694 837 1237 3695 103 1238 3696 837 1238 3697 826 1238 3698 831 1239 3699 838 1239 3700 109 1239 3701 133 1240 3702 846 1240 3703 847 1240 3704 120 1241 3705 117 1241 3706 119 1241 3707 127 1242 3708 856 1242 3709 857 1242 3710 845 1244 3714 849 1244 3715 119 1244 3716 116 1245 3717 848 1245 3718 850 1245 3719 281 1247 3723 279 1247 3724 1007 1247 3725 145 1248 3726 874 1248 3727 875 1248 3728 187 1249 3729 900 1249 3730 901 1249 3731 1126 1252 3738 397 1252 3739 389 1252 3740 118 1253 3741 847 1253 3742 848 1253 3743 862 1254 3744 863 1254 3745 135 1254 3746 861 1255 3747 846 1255 3748 133 1255 3749 860 1256 3750 861 1256 3751 132 1256 3752 859 1257 3753 860 1257 3754 131 1257 3755 858 1258 3756 859 1258 3757 130 1258 3758 128 1259 3759 857 1259 3760 858 1259 3761 126 1260 3762 133 1260 3763 118 1260 3764 125 1261 3765 132 1261 3766 133 1261 3767 125 1262 3768 124 1262 3769 131 1262 3770 123 1263 3771 130 1263 3772 131 1263 3773 122 1264 3774 129 1264 3775 130 1264 3776 121 1265 3777 128 1265 3778 129 1265 3779 121 1266 3780 120 1266 3781 127 1266 3782 126 1267 3783 850 1267 3784 851 1267 3785 125 1268 3786 851 1268 3787 852 1268 3788 852 1269 3789 853 1269 3790 123 1269 3791 123 1270 3792 853 1270 3793 854 1270 3794 854 1271 3795 855 1271 3796 121 1271 3797 855 1272 3798 844 1272 3799 120 1272 3800 119 1273 3801 849 1273 3802 856 1273 3803 864 1274 3804 865 1274 3805 136 1274 3806 135 1275 3807 137 1275 3808 145 1275 3809 278 1276 3810 280 1276 3811 1009 1276 3812 863 1277 3813 867 1277 3814 137 1277 3815 134 1278 3816 866 1278 3817 868 1278 3818 390 1281 3825 391 1281 3826 1125 1281 3827 988 1284 3834 989 1284 3835 261 1284 3836 391 1285 3837 392 1285 3838 1124 1285 3839 865 1286 3840 866 1286 3841 134 1286 3842 150 1288 3846 879 1288 3847 864 1288 3848 878 1289 3849 879 1289 3850 150 1289 3851 877 1290 3852 878 1290 3853 149 1290 3854 144 1291 3855 151 1291 3856 136 1291 3857 144 1292 3858 143 1292 3859 150 1292 3860 142 1293 3861 149 1293 3862 150 1293 3863 141 1294 3864 148 1294 3865 149 1294 3866 140 1295 3867 147 1295 3868 148 1295 3869 140 1296 3870 139 1296 3871 146 1296 3872 139 1297 3873 138 1297 3874 145 1297 3875 144 1298 3876 868 1298 3877 869 1298 3878 143 1299 3879 869 1299 3880 870 1299 3881 142 1300 3882 870 1300 3883 871 1300 3884 141 1301 3885 871 1301 3886 872 1301 3887 872 1302 3888 873 1302 3889 139 1302 3890 873 1303 3891 862 1303 3892 138 1303 3893 137 1304 3894 867 1304 3895 874 1304 3896 393 1313 3921 1123 1313 3922 1124 1313 3923 954 1316 3930 955 1316 3931 226 1316 3932 171 1319 3939 174 1319 3940 898 1319 3941 171 1339 3999 173 1339 4000 181 1339 4001 910 1340 4002 911 1340 4003 182 1340 4004 393 1341 4005 394 1341 4006 1122 1341 4007 171 1342 4008 899 1342 4009 903 1342 4010 170 1343 4011 902 1343 4012 904 1343 4013 1173 1344 4014 1180 1344 4015 451 1344 4016 394 1347 4023 395 1347 4024 1121 1347 4025 444 1348 4026 445 1348 4027 1179 1348 4028 396 1350 4032 1120 1350 4033 1121 1350 4034 172 1351 4035 901 1351 4036 902 1351 4037 186 1353 4041 915 1353 4042 900 1353 4043 914 1354 4044 915 1354 4045 186 1354 4046 913 1355 4047 914 1355 4048 185 1355 4049 183 1356 4050 912 1356 4051 913 1356 4052 911 1357 4053 912 1357 4054 183 1357 4055 170 1358 4056 180 1358 4057 187 1358 4058 180 1359 4059 179 1359 4060 186 1359 4061 179 1360 4062 178 1360 4063 185 1360 4064 178 1361 4065 177 1361 4066 184 1361 4067 176 1362 4068 183 1362 4069 184 1362 4070 175 1363 4071 182 1363 4072 183 1363 4073 174 1364 4074 181 1364 4075 182 1364 4076 180 1365 4077 904 1365 4078 905 1365 4079 179 1366 4080 905 1366 4081 906 1366 4082 178 1367 4083 906 1367 4084 907 1367 4085 177 1368 4086 907 1368 4087 908 1368 4088 908 1369 4089 909 1369 4090 175 1369 4091 909 1370 4092 898 1370 4093 174 1370 4094 903 1371 4095 910 1371 4096 181 1371 4097 445 1377 4113 446 1377 4114 1178 1377 4115 386 1379 4119 1118 1379 4120 1120 1379 4121 313 1380 4122 312 1380 4123 1041 1380 4124 447 1381 4125 1177 1381 4126 1178 1381 4127 389 1383 4131 387 1383 4132 1115 1383 4133 936 1399 4179 937 1399 4180 208 1399 4181 210 1400 4182 207 1400 4183 209 1400 4184 946 1401 4185 947 1401 4186 218 1401 4187 280 1402 4188 295 1402 4189 1008 1402 4190 935 1403 4191 939 1403 4192 209 1403 4193 938 1404 4194 940 1404 4195 216 1404 4196 312 1405 4197 311 1405 4198 1040 1405 4199 1177 1406 4200 447 1406 4201 448 1406 4202 388 1407 4203 1117 1407 4204 1118 1407 4205 310 1408 4206 1039 1408 4207 1040 1408 4208 1176 1409 4209 448 1409 4210 449 1409 4211 310 1410 4212 309 1410 4213 1038 1410 4214 449 1411 4215 450 1411 4216 1174 1411 4217 208 1412 4218 937 1412 4219 938 1412 4220 228 1413 4221 952 1413 4222 953 1413 4223 222 1414 4224 951 1414 4225 936 1414 4226 221 1415 4227 950 1415 4228 951 1415 4229 949 1416 4230 950 1416 4231 221 1416 4232 948 1417 4233 949 1417 4234 220 1417 4235 947 1418 4236 948 1418 4237 219 1418 4238 206 1419 4239 216 1419 4240 223 1419 4241 215 1420 4242 222 1420 4243 223 1420 4244 215 1421 4245 214 1421 4246 221 1421 4247 214 1422 4248 213 1422 4249 220 1422 4250 212 1423 4251 219 1423 4252 220 1423 4253 212 1424 4254 211 1424 4255 218 1424 4256 211 1425 4257 210 1425 4258 217 1425 4259 940 1426 4260 941 1426 4261 215 1426 4262 941 1427 4263 942 1427 4264 214 1427 4265 942 1428 4266 943 1428 4267 213 1428 4268 943 1429 4269 944 1429 4270 212 1429 4271 944 1430 4272 945 1430 4273 211 1430 4274 211 1431 4275 945 1431 4276 934 1431 4277 209 1432 4278 939 1432 4279 946 1432 4280 228 1433 4281 225 1433 4282 227 1433 4283 235 1434 4284 964 1434 4285 965 1434 4286 953 1436 4290 957 1436 4291 227 1436 4292 956 1437 4293 958 1437 4294 234 1437 4295 309 1438 4296 308 1438 4297 1037 1438 4298 1174 1439 4299 450 1439 4300 440 1439 4301 366 1440 4302 1095 1440 4303 1080 1440 4304 308 1441 4305 307 1441 4306 1036 1441 4307 441 1442 4308 1169 1442 4309 1173 1442 4310 226 1444 4314 955 1444 4315 956 1444 4316 969 1446 4320 954 1446 4321 241 1446 4322 968 1447 4323 969 1447 4324 240 1447 4325 967 1448 4326 968 1448 4327 239 1448 4328 237 1449 4329 966 1449 4330 967 1449 4331 236 1450 4332 965 1450 4333 966 1450 4334 224 1451 4335 234 1451 4336 241 1451 4337 233 1452 4338 240 1452 4339 241 1452 4340 232 1453 4341 239 1453 4342 240 1453 4343 231 1454 4344 238 1454 4345 239 1454 4346 231 1455 4347 230 1455 4348 237 1455 4349 230 1456 4350 229 1456 4351 236 1456 4352 228 1457 4353 235 1457 4354 236 1457 4355 958 1458 4356 959 1458 4357 233 1458 4358 959 1459 4359 960 1459 4360 232 1459 4361 232 1460 4362 960 1460 4363 961 1460 4364 231 1461 4365 961 1461 4366 962 1461 4367 230 1462 4368 962 1462 4369 963 1462 4370 229 1463 4371 963 1463 4372 952 1463 4373 227 1464 4374 957 1464 4375 964 1464 4376 366 1467 4383 365 1467 4384 1094 1467 4385 440 1470 4392 442 1470 4393 1171 1470 4394 364 1471 4395 1093 1471 4396 1094 1471 4397 363 1472 4398 1092 1472 4399 1093 1472 4400 990 1490 4452 991 1490 4453 262 1490 4454 261 1491 4455 263 1491 4456 271 1491 4457 271 1492 4458 1000 1492 4459 1001 1492 4460 362 1493 4461 1091 1493 4462 1092 1493 4463 261 1494 4464 989 1494 4465 993 1494 4466 992 1495 4467 994 1495 4468 270 1495 4469 420 1496 4470 1149 1496 4471 1134 1496 4472 361 1497 4473 1090 1497 4474 1091 1497 4475 388 1498 4476 403 1498 4477 1116 1498 4478 419 1499 4479 1148 1499 4480 1149 1499 4481 262 1500 4482 991 1500 4483 992 1500 4484 279 1501 4485 282 1501 4486 1006 1501 4487 1005 1502 4488 990 1502 4489 277 1502 4490 1004 1503 4491 1005 1503 4492 276 1503 4493 1003 1504 4494 1004 1504 4495 275 1504 4496 1002 1505 4497 1003 1505 4498 274 1505 4499 272 1506 4500 1001 1506 4501 1002 1506 4502 270 1507 4503 277 1507 4504 262 1507 4505 269 1508 4506 276 1508 4507 277 1508 4508 268 1509 4509 275 1509 4510 276 1509 4511 267 1510 4512 274 1510 4513 275 1510 4514 266 1511 4515 273 1511 4516 274 1511 4517 266 1512 4518 265 1512 4519 272 1512 4520 265 1513 4521 264 1513 4522 271 1513 4523 994 1514 4524 995 1514 4525 269 1514 4526 995 1515 4527 996 1515 4528 268 1515 4529 996 1516 4530 997 1516 4531 267 1516 4532 267 1517 4533 997 1517 4534 998 1517 4535 266 1518 4536 998 1518 4537 999 1518 4538 999 1519 4539 988 1519 4540 264 1519 4541 263 1520 4542 993 1520 4543 1000 1520 4544 279 1521 4545 281 1521 4546 289 1521 4547 289 1522 4548 1018 1522 4549 1019 1522 4550 419 1523 4551 418 1523 4552 1147 1523 4553 418 1524 4557 417 1524 4558 1146 1524 4559 417 1525 4560 416 1525 4561 1145 1525 4562 1024 1526 4563 1025 1526 4564 297 1526 4565 294 1527 4566 1023 1527 4567 1008 1527 4568 1022 1528 4569 1023 1528 4570 294 1528 4571 1021 1529 4572 1022 1529 4573 293 1529 4574 1020 1530 4575 1021 1530 4576 292 1530 4577 1019 1531 4578 1020 1531 4579 291 1531 4580 278 1532 4581 288 1532 4582 295 1532 4583 288 1533 4584 287 1533 4585 294 1533 4586 287 1534 4587 286 1534 4588 293 1534 4589 286 1535 4590 285 1535 4591 292 1535 4592 285 1536 4593 284 1536 4594 291 1536 4595 284 1537 4596 283 1537 4597 290 1537 4598 283 1538 4599 282 1538 4600 289 1538 4601 286 1539 4602 1014 1539 4603 1015 1539 4604 1015 1540 4605 1016 1540 4606 284 1540 4607 1016 1541 4608 1017 1541 4609 283 1541 4610 1017 1542 4611 1006 1542 4612 282 1542 4613 281 1543 4614 1011 1543 4615 1018 1543 4616 1026 1544 4617 1027 1544 4618 298 1544 4619 300 1545 4620 297 1545 4621 299 1545 4622 297 1546 4623 1025 1546 4624 1029 1546 4625 1028 1547 4626 1030 1547 4627 306 1547 4628 415 1548 4629 1144 1548 4630 1145 1548 4631 442 1549 4632 457 1549 4633 1170 1549 4634 298 1550 4638 1027 1550 4639 1028 1550 4640 306 1551 4641 313 1551 4642 298 1551 4643 305 1552 4644 312 1552 4645 313 1552 4646 304 1553 4647 311 1553 4648 312 1553 4649 303 1554 4650 310 1554 4651 311 1554 4652 302 1555 4653 309 1555 4654 310 1555 4655 301 1556 4656 308 1556 4657 309 1556 4658 300 1557 4659 307 1557 4660 308 1557 4661 1030 1558 4662 1031 1558 4663 305 1558 4664 1031 1559 4665 1032 1559 4666 304 1559 4667 1032 1560 4668 1033 1560 4669 303 1560 4670 1033 1561 4671 1034 1561 4672 302 1561 4673 1034 1562 4674 1035 1562 4675 301 1562 4676 1035 1563 4677 1024 1563 4678 300 1563 4679 299 1564 4680 1029 1564 4681 1036 1564 4682 1078 1593 4770 1079 1593 4771 351 1593 4772 1081 1607 4812 352 1607 4813 367 1607 4814 351 1608 4815 353 1608 4816 361 1608 4817 351 1609 4821 1079 1609 4822 1083 1609 4823 1082 1610 4824 1084 1610 4825 360 1610 4826 1081 1611 4827 1082 1611 4828 350 1611 4829 350 1612 4830 360 1612 4831 367 1612 4832 360 1613 4833 359 1613 4834 366 1613 4835 359 1614 4836 358 1614 4837 365 1614 4838 357 1615 4839 364 1615 4840 365 1615 4841 357 1616 4842 356 1616 4843 363 1616 4844 356 1617 4845 355 1617 4846 362 1617 4847 355 1618 4848 354 1618 4849 361 1618 4850 1084 1619 4851 1085 1619 4852 359 1619 4853 359 1620 4854 1085 1620 4855 1086 1620 4856 1086 1621 4857 1087 1621 4858 357 1621 4859 1087 1622 4860 1088 1622 4861 356 1622 4862 1088 1623 4863 1089 1623 4864 355 1623 4865 1089 1624 4866 1078 1624 4867 354 1624 4868 353 1625 4869 1083 1625 4870 1090 1625 4871 387 1632 4893 390 1632 4894 1114 1632 4895 387 1652 4953 389 1652 4954 397 1652 4955 397 1653 4956 1126 1653 4957 1127 1653 4958 1132 1654 4959 1133 1654 4960 405 1654 4961 402 1655 4962 1131 1655 4963 1116 1655 4964 401 1656 4965 1130 1656 4966 1131 1656 4967 1129 1657 4968 1130 1657 4969 401 1657 4970 399 1658 4971 1128 1658 4972 1129 1658 4973 398 1659 4974 1127 1659 4975 1128 1659 4976 396 1660 4977 403 1660 4978 388 1660 4979 396 1661 4980 395 1661 4981 402 1661 4982 395 1662 4983 394 1662 4984 401 1662 4985 393 1663 4986 400 1663 4987 401 1663 4988 392 1664 4989 399 1664 4990 400 1664 4991 392 1665 4992 391 1665 4993 398 1665 4994 391 1666 4995 390 1666 4996 397 1666 4997 1134 1667 4998 1135 1667 4999 406 1667 5000 408 1668 5001 405 1668 5002 407 1668 5003 405 1669 5004 1133 1669 5005 1137 1669 5006 404 1670 5007 1136 1670 5008 1138 1670 5009 1135 1672 5013 1136 1672 5014 404 1672 5015 414 1673 5016 421 1673 5017 406 1673 5018 413 1674 5019 420 1674 5020 421 1674 5021 413 1675 5022 412 1675 5023 419 1675 5024 412 1676 5025 411 1676 5026 418 1676 5027 410 1677 5028 417 1677 5029 418 1677 5030 409 1678 5031 416 1678 5032 417 1678 5033 408 1679 5034 415 1679 5035 416 1679 5036 414 1680 5037 1138 1680 5038 1139 1680 5039 413 1681 5040 1139 1681 5041 1140 1681 5042 412 1682 5043 1140 1682 5044 1141 1682 5045 1141 1683 5046 1142 1683 5047 410 1683 5048 1142 1684 5049 1143 1684 5050 409 1684 5051 1143 1685 5052 1132 1685 5053 408 1685 5054 407 1686 5055 1137 1686 5056 1144 1686 5057 441 1693 5079 444 1693 5080 1168 1693 5081 441 1713 5139 443 1713 5140 451 1713 5141 451 1714 5142 1180 1714 5143 1181 1714 5144 456 1715 5145 1185 1715 5146 1170 1715 5147 455 1716 5148 1184 1716 5149 1185 1716 5150 454 1717 5151 1183 1717 5152 1184 1717 5153 453 1718 5154 1182 1718 5155 1183 1718 5156 452 1719 5157 1181 1719 5158 1182 1719 5159 440 1720 5160 450 1720 5161 457 1720 5162 450 1721 5163 449 1721 5164 456 1721 5165 449 1722 5166 448 1722 5167 455 1722 5168 448 1723 5169 447 1723 5170 454 1723 5171 447 1724 5172 446 1724 5173 453 1724 5174 446 1725 5175 445 1725 5176 452 1725 5177 444 1726 5178 451 1726 5179 452 1726 5180 570 1731 5367 549 1731 5368 508 1731 5369 569 1732 5370 509 1732 5371 508 1732 5372 511 1733 5373 513 1733 5374 512 1733 5375 622 1734 5376 629 1734 5377 517 1734 5378 517 1735 5379 515 1735 5380 514 1735 5381 637 1736 5382 511 1736 5383 510 1736 5384 516 1737 5385 514 1737 5386 633 1737 5387 513 1738 5388 511 1738 5389 637 1738 5390 574 1739 5391 566 1739 5392 507 1739 5393 534 678 5394 535 678 5395 507 678 5396 534 1740 5397 573 1740 5398 574 1740 5399 527 1747 5418 529 1747 5419 528 1747 5420 659 1748 5421 533 1748 5422 532 1748 5423 533 1749 5424 531 1749 5425 530 1749 5426 665 1750 5427 527 1750 5428 526 1750 5429 532 1751 5430 530 1751 5431 662 1751 5432 529 1752 5433 527 1752 5434 665 1752 5435 571 1753 5436 576 1753 5437 575 1753 5438 536 1754 5439 537 1754 5440 577 1754 5441 509 1761 5460 569 1761 5461 577 1761 5462 570 1762 5463 577 1762 5464 576 1762 5465 573 1763 5466 572 1763 5467 575 1763 5468 552 1764 5469 553 1764 5470 551 1764 5471 556 1765 5472 557 1765 5473 601 1765 5474 554 1766 5475 555 1766 5476 557 1766 5477 550 1767 5478 551 1767 5479 609 1767 5480 605 1768 5481 554 1768 5482 556 1768 5483 609 1769 5484 551 1769 5485 553 1769 5486 560 1770 5487 561 1770 5488 559 1770 5489 564 1771 5490 565 1771 5491 615 1771 5492 562 1772 5493 563 1772 5494 565 1772 5495 558 1773 5496 559 1773 5497 621 1773 5498 618 1774 5499 562 1774 5500 564 1774 5501 621 1775 5502 559 1775 5503 561 1775 5504 508 715 5505 509 715 5506 537 715 5507 577 1776 5508 569 1776 5509 568 1776 5510 568 1777 5511 567 1777 5512 575 1777 5513 567 1778 5514 566 1778 5515 574 1778 5516 507 1779 5517 566 1779 5518 546 1779 5519 566 1780 5520 567 1780 5521 547 1780 5522 547 1781 5523 567 1781 5524 568 1781 5525 548 1782 5526 568 1782 5527 569 1782 5528 534 1783 5529 506 1783 5530 546 1783 5531 573 1784 5532 546 1784 5533 547 1784 5534 547 1785 5535 548 1785 5536 571 1785 5537 548 1786 5538 549 1786 5539 570 1786 5540 557 1803 5589 555 1803 5590 606 1803 5591 601 1804 5592 606 1804 5593 607 1804 5594 607 1805 5595 608 1805 5596 599 1805 5597 608 1806 5598 609 1806 5599 598 1806 5600 552 1807 5601 550 1807 5602 602 1807 5603 597 1808 5604 602 1808 5605 603 1808 5606 603 1809 5607 604 1809 5608 595 1809 5609 604 1810 5610 605 1810 5611 594 1810 5612 605 1811 5613 606 1811 5614 555 1811 5615 605 1812 5616 604 1812 5617 607 1812 5618 603 1813 5619 608 1813 5620 607 1813 5621 603 1814 5622 602 1814 5623 609 1814 5624 597 1815 5625 598 1815 5626 553 1815 5627 597 1816 5628 596 1816 5629 599 1816 5630 595 1817 5631 600 1817 5632 599 1817 5633 595 1818 5634 594 1818 5635 601 1818 5636 565 1819 5637 563 1819 5638 619 1819 5639 615 1820 5640 619 1820 5641 620 1820 5642 620 1821 5643 621 1821 5644 613 1821 5645 560 1822 5646 558 1822 5647 616 1822 5648 612 1823 5649 616 1823 5650 617 1823 5651 617 1824 5652 618 1824 5653 610 1824 5654 618 1825 5655 619 1825 5656 563 1825 5657 618 1826 5658 617 1826 5659 620 1826 5660 617 1827 5661 616 1827 5662 621 1827 5663 612 1828 5664 613 1828 5665 561 1828 5666 612 1829 5667 611 1829 5668 614 1829 5669 611 1830 5670 610 1830 5671 615 1830 5672 517 1831 5673 629 1831 5674 634 1831 5675 629 1832 5676 628 1832 5677 635 1832 5678 628 1833 5679 627 1833 5680 636 1833 5681 626 1834 5682 637 1834 5683 636 1834 5684 512 1835 5685 625 1835 5686 630 1835 5687 625 1836 5688 624 1836 5689 631 1836 5690 623 1837 5691 632 1837 5692 631 1837 5693 622 1838 5694 633 1838 5695 632 1838 5696 514 1839 5697 515 1839 5698 634 1839 5699 634 1840 5700 635 1840 5701 632 1840 5702 635 1841 5703 636 1841 5704 631 1841 5705 631 1842 5706 636 1842 5707 637 1842 5708 512 1843 5709 513 1843 5710 626 1843 5711 626 1844 5712 627 1844 5713 624 1844 5714 627 1845 5715 628 1845 5716 623 1845 5717 628 1846 5718 629 1846 5719 622 1846 5720 533 1863 5769 659 1863 5770 663 1863 5771 659 1864 5772 658 1864 5773 664 1864 5774 657 1865 5775 665 1865 5776 664 1865 5777 528 1866 5778 656 1866 5779 660 1866 5780 656 1867 5781 655 1867 5782 661 1867 5783 654 1868 5784 662 1868 5785 661 1868 5786 531 1869 5787 663 1869 5788 662 1869 5789 662 1870 5790 663 1870 5791 664 1870 5792 664 1871 5793 665 1871 5794 660 1871 5795 528 1872 5796 529 1872 5797 657 1872 5798 656 1873 5799 657 1873 5800 658 1873 5801 658 1874 5802 659 1874 5803 654 1874 5804 730 1875 5805 709 1875 5806 668 1875 5807 729 1876 5808 669 1876 5809 668 1876 5810 671 1877 5811 673 1877 5812 672 1877 5813 782 1878 5814 789 1878 5815 677 1878 5816 677 1879 5817 675 1879 5818 674 1879 5819 797 1880 5820 671 1880 5821 670 1880 5822 676 1881 5823 674 1881 5824 793 1881 5825 673 1882 5826 671 1882 5827 797 1882 5828 734 1883 5829 726 1883 5830 667 1883 5831 694 678 5832 695 678 5833 667 678 5834 694 1884 5835 733 1884 5836 734 1884 5837 687 1891 5856 689 1891 5857 688 1891 5858 819 1892 5859 693 1892 5860 692 1892 5861 693 1893 5862 691 1893 5863 690 1893 5864 825 1894 5865 687 1894 5866 686 1894 5867 692 1895 5868 690 1895 5869 822 1895 5870 689 1896 5871 687 1896 5872 825 1896 5873 731 1897 5874 736 1897 5875 735 1897 5876 696 1898 5877 697 1898 5878 737 1898 5879 669 1905 5898 729 1905 5899 737 1905 5900 730 1906 5901 737 1906 5902 736 1906 5903 733 1907 5904 732 1907 5905 735 1907 5906 712 1908 5907 713 1908 5908 711 1908 5909 716 1909 5910 717 1909 5911 761 1909 5912 714 1910 5913 715 1910 5914 717 1910 5915 710 1911 5916 711 1911 5917 769 1911 5918 765 1912 5919 714 1912 5920 716 1912 5921 769 1913 5922 711 1913 5923 713 1913 5924 720 1914 5925 721 1914 5926 719 1914 5927 724 1915 5928 725 1915 5929 775 1915 5930 722 1916 5931 723 1916 5932 725 1916 5933 718 1917 5934 719 1917 5935 781 1917 5936 778 1918 5937 722 1918 5938 724 1918 5939 781 1919 5940 719 1919 5941 721 1919 5942 668 715 5943 669 715 5944 697 715 5945 737 1920 5946 729 1920 5947 728 1920 5948 728 1921 5949 727 1921 5950 735 1921 5951 727 1922 5952 726 1922 5953 734 1922 5954 667 1923 5955 726 1923 5956 706 1923 5957 726 1924 5958 727 1924 5959 707 1924 5960 707 1925 5961 727 1925 5962 728 1925 5963 708 1926 5964 728 1926 5965 729 1926 5966 694 1927 5967 666 1927 5968 706 1927 5969 733 1928 5970 706 1928 5971 707 1928 5972 707 1929 5973 708 1929 5974 731 1929 5975 708 1930 5976 709 1930 5977 730 1930 5978 717 1947 6027 715 1947 6028 766 1947 6029 761 1948 6030 766 1948 6031 767 1948 6032 767 1949 6033 768 1949 6034 759 1949 6035 768 1950 6036 769 1950 6037 758 1950 6038 712 1951 6039 710 1951 6040 762 1951 6041 757 1952 6042 762 1952 6043 763 1952 6044 763 1953 6045 764 1953 6046 755 1953 6047 764 1954 6048 765 1954 6049 754 1954 6050 765 1955 6051 766 1955 6052 715 1955 6053 765 1956 6054 764 1956 6055 767 1956 6056 763 1957 6057 768 1957 6058 767 1957 6059 763 1958 6060 762 1958 6061 769 1958 6062 757 1959 6063 758 1959 6064 713 1959 6065 757 1960 6066 756 1960 6067 759 1960 6068 755 1961 6069 760 1961 6070 759 1961 6071 755 1962 6072 754 1962 6073 761 1962 6074 725 1963 6075 723 1963 6076 779 1963 6077 775 1964 6078 779 1964 6079 780 1964 6080 780 1965 6081 781 1965 6082 773 1965 6083 720 1966 6084 718 1966 6085 776 1966 6086 772 1967 6087 776 1967 6088 777 1967 6089 777 1968 6090 778 1968 6091 770 1968 6092 778 1969 6093 779 1969 6094 723 1969 6095 778 1970 6096 777 1970 6097 780 1970 6098 777 1971 6099 776 1971 6100 781 1971 6101 772 1972 6102 773 1972 6103 721 1972 6104 772 1973 6105 771 1973 6106 774 1973 6107 771 1974 6108 770 1974 6109 775 1974 6110 677 1975 6111 789 1975 6112 794 1975 6113 789 1976 6114 788 1976 6115 795 1976 6116 788 1977 6117 787 1977 6118 796 1977 6119 786 1978 6120 797 1978 6121 796 1978 6122 672 1979 6123 785 1979 6124 790 1979 6125 785 1980 6126 784 1980 6127 791 1980 6128 783 1981 6129 792 1981 6130 791 1981 6131 782 1982 6132 793 1982 6133 792 1982 6134 674 1983 6135 675 1983 6136 794 1983 6137 794 1984 6138 795 1984 6139 792 1984 6140 795 1985 6141 796 1985 6142 791 1985 6143 791 1986 6144 796 1986 6145 797 1986 6146 672 1987 6147 673 1987 6148 786 1987 6149 786 1988 6150 787 1988 6151 784 1988 6152 787 1989 6153 788 1989 6154 783 1989 6155 788 1990 6156 789 1990 6157 782 1990 6158 693 2007 6207 819 2007 6208 823 2007 6209 819 2008 6210 818 2008 6211 824 2008 6212 817 2009 6213 825 2009 6214 824 2009 6215 688 2010 6216 816 2010 6217 820 2010 6218 816 2011 6219 815 2011 6220 821 2011 6221 814 2012 6222 822 2012 6223 821 2012 6224 691 2013 6225 823 2013 6226 822 2013 6227 822 2014 6228 823 2014 6229 824 2014 6230 824 2015 6231 825 2015 6232 820 2015 6233 688 2016 6234 689 2016 6235 817 2016 6236 816 2017 6237 817 2017 6238 818 2017 6239 818 2018 6240 819 2018 6241 814 2018 6242 831 2019 6243 827 2019 6244 826 2019 6245 829 2020 6246 828 2020 6247 832 2020 6248 828 2021 6249 843 2021 6250 833 2021 6251 843 2022 6252 842 2022 6253 834 2022 6254 842 2023 6255 841 2023 6256 835 2023 6257 841 2024 6258 840 2024 6259 836 2024 6260 839 2025 6261 837 2025 6262 836 2025 6263 838 2026 6264 826 2026 6265 837 2026 6266 856 2027 6267 849 2027 6268 845 2027 6269 847 2028 6270 846 2028 6271 850 2028 6272 846 2029 6273 861 2029 6274 851 2029 6275 860 2030 6276 852 2030 6277 851 2030 6278 859 2031 6279 853 2031 6280 852 2031 6281 859 2032 6282 858 2032 6283 854 2032 6284 858 2033 6285 857 2033 6286 855 2033 6287 857 2034 6288 856 2034 6289 844 2034 6290 874 2035 6291 867 2035 6292 863 2035 6293 865 2036 6294 864 2036 6295 868 2036 6296 864 2037 6297 879 2037 6298 869 2037 6299 879 2038 6300 878 2038 6301 870 2038 6302 878 2039 6303 877 2039 6304 871 2039 6305 877 2040 6306 876 2040 6307 872 2040 6308 875 2041 6309 873 2041 6310 872 2041 6311 875 2042 6312 874 2042 6313 862 2042 6314 903 2051 6339 899 2051 6340 898 2051 6341 900 2052 6342 904 2052 6343 902 2052 6344 900 2053 6345 915 2053 6346 905 2053 6347 915 2054 6348 914 2054 6349 906 2054 6350 913 2055 6351 907 2055 6352 906 2055 6353 913 2056 6354 912 2056 6355 908 2056 6356 912 2057 6357 911 2057 6358 909 2057 6359 910 2058 6360 898 2058 6361 909 2058 6362 946 2067 6387 939 2067 6388 935 2067 6389 936 2068 6390 940 2068 6391 938 2068 6392 951 2069 6393 941 2069 6394 940 2069 6395 950 2070 6396 942 2070 6397 941 2070 6398 949 2071 6399 943 2071 6400 942 2071 6401 948 2072 6402 944 2072 6403 943 2072 6404 947 2073 6405 945 2073 6406 944 2073 6407 946 2074 6408 934 2074 6409 945 2074 6410 964 2075 6411 957 2075 6412 953 2075 6413 954 2076 6414 958 2076 6415 956 2076 6416 969 2077 6417 959 2077 6418 958 2077 6419 968 2078 6420 960 2078 6421 959 2078 6422 968 2079 6423 967 2079 6424 961 2079 6425 966 2080 6426 962 2080 6427 961 2080 6428 966 2081 6429 965 2081 6430 963 2081 6431 965 2082 6432 964 2082 6433 952 2082 6434 993 2091 6459 989 2091 6460 988 2091 6461 990 2092 6462 994 2092 6463 992 2092 6464 1005 2093 6465 995 2093 6466 994 2093 6467 1004 2094 6468 996 2094 6469 995 2094 6470 1004 2095 6471 1003 2095 6472 997 2095 6473 1003 2096 6474 1002 2096 6475 998 2096 6476 1002 2097 6477 1001 2097 6478 999 2097 6479 1001 2098 6480 1000 2098 6481 988 2098 6482 1018 2099 6483 1011 2099 6484 1007 2099 6485 1009 2100 6486 1008 2100 6487 1012 2100 6488 1008 2101 6489 1023 2101 6490 1013 2101 6491 1023 2102 6492 1022 2102 6493 1014 2102 6494 1021 2103 6495 1015 2103 6496 1014 2103 6497 1020 2104 6498 1016 2104 6499 1015 2104 6500 1019 2105 6501 1017 2105 6502 1016 2105 6503 1018 2106 6504 1006 2106 6505 1017 2106 6506 1029 2107 6507 1025 2107 6508 1024 2107 6509 1026 2108 6510 1030 2108 6511 1028 2108 6512 1041 2109 6513 1031 2109 6514 1030 2109 6515 1040 2110 6516 1032 2110 6517 1031 2110 6518 1040 2111 6519 1039 2111 6520 1033 2111 6521 1039 2112 6522 1038 2112 6523 1034 2112 6524 1038 2113 6525 1037 2113 6526 1035 2113 6527 1036 2114 6528 1024 2114 6529 1035 2114 6530 1090 2131 6579 1083 2131 6580 1079 2131 6581 1081 2132 6582 1080 2132 6583 1084 2132 6584 1095 2133 6585 1085 2133 6586 1084 2133 6587 1094 2134 6588 1086 2134 6589 1085 2134 6590 1093 2135 6591 1087 2135 6592 1086 2135 6593 1092 2136 6594 1088 2136 6595 1087 2136 6596 1092 2137 6597 1091 2137 6598 1089 2137 6599 1091 2138 6600 1090 2138 6601 1078 2138 6602 1126 2147 6627 1119 2147 6628 1115 2147 6629 1116 2148 6630 1120 2148 6631 1118 2148 6632 1116 2149 6633 1131 2149 6634 1121 2149 6635 1130 2150 6636 1122 2150 6637 1121 2150 6638 1129 2151 6639 1123 2151 6640 1122 2151 6641 1129 2152 6642 1128 2152 6643 1124 2152 6644 1127 2153 6645 1125 2153 6646 1124 2153 6647 1126 2154 6648 1114 2154 6649 1125 2154 6650 1137 2155 6651 1133 2155 6652 1132 2155 6653 1135 2156 6654 1134 2156 6655 1138 2156 6656 1134 2157 6657 1149 2157 6658 1139 2157 6659 1149 2158 6660 1148 2158 6661 1140 2158 6662 1148 2159 6663 1147 2159 6664 1141 2159 6665 1146 2160 6666 1142 2160 6667 1141 2160 6668 1145 2161 6669 1143 2161 6670 1142 2161 6671 1144 2162 6672 1132 2162 6673 1143 2162 6674 1180 2171 6699 1173 2171 6700 1169 2171 6701 1170 2172 6702 1174 2172 6703 1172 2172 6704 1185 2173 6705 1175 2173 6706 1174 2173 6707 1185 2174 6708 1184 2174 6709 1176 2174 6710 1184 2175 6711 1183 2175 6712 1177 2175 6713 1183 2176 6714 1182 2176 6715 1178 2176 6716 1182 2177 6717 1181 2177 6718 1179 2177 6719 1181 2178 6720 1180 2178 6721 1168 2178 6722 102 2179 6762 826 2179 6763 827 2179 6764</p>
        </triangles>
        <triangles material="Metal-material" count="120">
          <input semantic="VERTEX" source="#Cube_229-mesh-vertices" offset="0"/>
          <input semantic="NORMAL" source="#Cube_229-mesh-normals" offset="1"/>
          <input semantic="TEXCOORD" source="#Cube_229-mesh-map-0" offset="2" set="0"/>
          <p>1201 360 1092 458 361 1093 1186 362 1094 472 412 1242 1201 360 1243 1200 413 1244 471 440 1323 1200 413 1324 1199 441 1325 470 462 1386 1199 441 1387 1198 463 1388 469 503 1506 1198 463 1507 1197 504 1508 1196 527 1575 469 503 1576 1197 504 1577 1195 568 1698 468 569 1699 1196 527 1700 466 590 1761 1195 568 1762 1194 591 1763 460 627 1869 1187 628 1870 459 629 1871 461 630 1872 1188 631 1873 460 627 1874 1190 632 1875 461 630 1876 462 633 1877 1191 634 1878 462 633 1879 463 635 1880 1192 636 1881 463 635 1882 464 637 1883 1193 638 1884 464 637 1885 465 639 1886 465 639 1887 1194 591 1888 1193 638 1889 460 627 1890 472 412 1891 468 569 1892 474 640 1893 477 641 1894 476 642 1895 477 641 1896 478 643 1897 476 642 1898 478 643 1899 481 644 1900 480 645 1901 480 645 1902 483 646 1903 482 647 1904 482 647 1905 485 648 1906 484 649 1907 485 648 1908 486 650 1909 484 649 1910 486 650 1911 489 651 1912 488 652 1913 488 652 1914 491 653 1915 490 654 1916 490 654 1917 493 655 1918 492 656 1919 493 655 1920 494 657 1921 492 656 1922 494 657 1923 497 658 1924 496 659 1925 497 658 1926 498 660 1927 496 659 1928 498 660 1929 501 661 1930 500 662 1931 501 661 1932 502 663 1933 500 662 1934 503 664 1935 495 665 1936 487 666 1937 503 664 1938 504 667 1939 502 663 1940 505 668 1941 474 640 1942 504 667 1943 504 667 1944 480 645 1945 488 652 1946 1193 638 3303 1197 504 3304 1201 360 3305 1187 628 3309 458 361 3310 459 629 3311 1201 360 4404 473 1474 4405 458 361 4406 472 412 4554 473 1474 4555 1201 360 4556 471 440 4635 472 412 4636 1200 413 4637 470 462 4698 471 440 4699 1199 441 4700 469 503 4818 470 462 4819 1198 463 4820 1196 527 4887 468 569 4888 469 503 4889 1195 568 5010 467 1671 5011 468 569 5012 466 590 5073 467 1671 5074 1195 568 5075 460 627 5181 1188 631 5182 1187 628 5183 461 630 5184 1189 1727 5185 1188 631 5186 1190 632 5187 1189 1727 5188 461 630 5189 1191 634 5190 1190 632 5191 462 633 5192 1192 636 5193 1191 634 5194 463 635 5195 1193 638 5196 1192 636 5197 464 637 5198 465 639 5199 466 590 5200 1194 591 5201 460 627 5202 459 629 5203 458 361 5204 458 361 5205 473 1474 5206 472 412 5207 472 412 5208 471 440 5209 470 462 5210 470 462 5211 469 503 5212 468 569 5213 468 569 5214 467 1671 5215 466 590 5216 466 590 5217 465 639 5218 464 637 5219 464 637 5220 463 635 5221 462 633 5222 462 633 5223 461 630 5224 460 627 5225 460 627 5226 458 361 5227 472 412 5228 472 412 5229 470 462 5230 468 569 5231 468 569 5232 466 590 5233 464 637 5234 464 637 5235 462 633 5236 468 569 5237 462 633 5238 460 627 5239 468 569 5240 474 640 5241 475 1728 5242 477 641 5243 477 641 5244 479 1729 5245 478 643 5246 478 643 5247 479 1729 5248 481 644 5249 480 645 5250 481 644 5251 483 646 5252 482 647 5253 483 646 5254 485 648 5255 485 648 5256 487 666 5257 486 650 5258 486 650 5259 487 666 5260 489 651 5261 488 652 5262 489 651 5263 491 653 5264 490 654 5265 491 653 5266 493 655 5267 493 655 5268 495 665 5269 494 657 5270 494 657 5271 495 665 5272 497 658 5273 497 658 5274 499 1730 5275 498 660 5276 498 660 5277 499 1730 5278 501 661 5279 501 661 5280 503 664 5281 502 663 5282 479 1729 5283 477 641 5284 475 1728 5285 475 1728 5286 505 668 5287 503 664 5288 503 664 5289 501 661 5290 499 1730 5291 499 1730 5292 497 658 5293 495 665 5294 495 665 5295 493 655 5296 491 653 5297 491 653 5298 489 651 5299 487 666 5300 487 666 5301 485 648 5302 483 646 5303 483 646 5304 481 644 5305 479 1729 5306 479 1729 5307 475 1728 5308 503 664 5309 503 664 5310 499 1730 5311 495 665 5312 495 665 5313 491 653 5314 487 666 5315 487 666 5316 483 646 5317 479 1729 5318 479 1729 5319 503 664 5320 487 666 5321 503 664 5322 505 668 5323 504 667 5324 505 668 5325 475 1728 5326 474 640 5327 504 667 5328 474 640 5329 480 645 5330 474 640 5331 476 642 5332 480 645 5333 476 642 5334 478 643 5335 480 645 5336 480 645 5337 482 647 5338 488 652 5339 482 647 5340 484 649 5341 488 652 5342 484 649 5343 486 650 5344 488 652 5345 488 652 5346 490 654 5347 492 656 5348 492 656 5349 494 657 5350 496 659 5351 496 659 5352 498 660 5353 504 667 5354 498 660 5355 500 662 5356 504 667 5357 500 662 5358 502 663 5359 504 667 5360 488 652 5361 492 656 5362 504 667 5363 492 656 5364 496 659 5365 504 667 5366 1201 360 6723 1186 362 6724 1189 1727 6725 1186 362 6726 1187 628 6727 1189 1727 6728 1187 628 6729 1188 631 6730 1189 1727 6731 1189 1727 6732 1190 632 6733 1191 634 6734 1191 634 6735 1192 636 6736 1189 1727 6737 1192 636 6738 1193 638 6739 1189 1727 6740 1193 638 6741 1194 591 6742 1195 568 6743 1195 568 6744 1196 527 6745 1193 638 6746 1196 527 6747 1197 504 6748 1193 638 6749 1197 504 6750 1198 463 6751 1199 441 6752 1199 441 6753 1200 413 6754 1197 504 6755 1200 413 6756 1201 360 6757 1197 504 6758 1201 360 6759 1189 1727 6760 1193 638 6761 1187 628 6765 1186 362 6766 458 361 6767</p>
        </triangles>
      </mesh>
    </geometry>
  </library_geometries>
  <library_visual_scenes>
    <visual_scene id="Scene" name="Scene">
      <node id="Cube_168" name="Cube.168" type="NODE">
        <matrix sid="transform">0.5593991 -0.1830411 0 -0.01620952 0.1830411 0.5593991 0 -0.02353694 0 0 0.5885841 0.02562697 0 0 0 1</matrix>
        <instance_geometry url="#Cube_229-mesh" name="Cube.168">
          <bind_material>
            <technique_common>
              <instance_material symbol="WoodDark_004-material" target="#WoodDark_004-material">
                <bind_vertex_input semantic="UVMap" input_semantic="TEXCOORD" input_set="0"/>
              </instance_material>
              <instance_material symbol="WoodBright_004-material" target="#WoodBright_004-material">
                <bind_vertex_input semantic="UVMap" input_semantic="TEXCOORD" input_set="0"/>
              </instance_material>
              <instance_material symbol="WoodBright2_004-material" target="#WoodBright2_004-material">
                <bind_vertex_input semantic="UVMap" input_semantic="TEXCOORD" input_set="0"/>
              </instance_material>
              <instance_material symbol="Metal-material" target="#Metal-material">
                <bind_vertex_input semantic="UVMap" input_semantic="TEXCOORD" input_set="0"/>
              </instance_material>
            </technique_common>
          </bind_material>
        </instance_geometry>
      </node>
    </visual_scene>
  </library_visual_scenes>
  <scene>
    <instance_visual_scene url="#Scene"/>
  </scene>
</COLLADA>