<?xml version="1.0" encoding="utf-8"?>
<COLLADA xmlns="http://www.collada.org/2005/11/COLLADASchema" version="1.4.1" xmlns:xsi="http://www.w3.org/2001/XMLSchema-instance">
  <asset>
    <contributor>
      <author>Blender User</author>
      <authoring_tool>Blender 4.4.0 commit date:2025-03-17, commit time:17:00, hash:05377985c527</authoring_tool>
    </contributor>
    <created>2026-08-22T22:02:57</created>
    <modified>2026-08-22T22:02:57</modified>
    <unit name="meter" meter="1"/>
    <up_axis>Z_UP</up_axis>
  </asset>
  <library_effects>
    <effect id="WoodDark_015-effect">
      <profile_COMMON>
        <technique sid="common">
          <lambert>
            <emission>
              <color sid="emission">0 0 0 1</color>
            </emission>
            <diffuse>
              <color sid="diffuse">0.08353172 0.05347686 0.01402403 1</color>
            </diffuse>
            <index_of_refraction>
              <float sid="ior">1.45</float>
            </index_of_refraction>
          </lambert>
        </technique>
      </profile_COMMON>
    </effect>
    <effect id="WoodDark_014-effect">
      <profile_COMMON>
        <technique sid="common">
          <lambert>
            <emission>
              <color sid="emission">0 0 0 1</color>
            </emission>
            <diffuse>
              <color sid="diffuse">0.08353172 0.05347686 0.01402403 1</color>
            </diffuse>
            <index_of_refraction>
              <float sid="ior">1.45</float>
            </index_of_refraction>
          </lambert>
        </technique>
      </profile_COMMON>
    </effect>
    <effect id="WoodBright2_013-effect">
      <profile_COMMON>
        <technique sid="common">
          <lambert>
            <emission>
              <color sid="emission">0 0 0 1</color>
            </emission>
            <diffuse>
              <color sid="diffuse">0.1959883 0.1091996 0.03578021 1</color>
            </diffuse>
            <index_of_refraction>
              <float sid="ior">1.45</float>
            </index_of_refraction>
          </lambert>
        </technique>
      </profile_COMMON>
    </effect>
    <effect id="WoodBright_016-effect">
      <profile_COMMON>
        <technique sid="common">
          <lambert>
            <emission>
              <color sid="emission">0 0 0 1</color>
            </emission>
            <diffuse>
              <color sid="diffuse">0.2529429 0.1492706 0.04937002 1</color>
            </diffuse>
            <index_of_refraction>
              <float sid="ior">1.45</float>
            </index_of_refraction>
          </lambert>
        </technique>
      </profile_COMMON>
    </effect>
    <effect id="Material_008-effect">
      <profile_COMMON>
        <technique sid="common">
          <lambert>
            <emission>
              <color sid="emission">0 0 0 1</color>
            </emission>
            <diffuse>
              <color sid="diffuse">0 0 0 1</color>
            </diffuse>
            <index_of_refraction>
              <float sid="ior">1.45</float>
            </index_of_refraction>
          </lambert>
        </technique>
      </profile_COMMON>
    </effect>
    <effect id="Skull_005-effect">
      <profile_COMMON>
        <technique sid="common">
          <lambert>
            <emission>
              <color sid="emission">0 0 0 1</color>
            </emission>
            <diffuse>
              <color sid="diffuse">0.2956924 0.2722947 0.1559804 1</color>
            </diffuse>
            <index_of_refraction>
              <float sid="ior">1.45</float>
            </index_of_refraction>
          </lambert>
        </technique>
      </profile_COMMON>
    </effect>
    <effect id="Roof_006-effect">
      <profile_COMMON>
        <technique sid="common">
          <lambert>
            <emission>
              <color sid="emission">0 0 0 1</color>
            </emission>
            <diffuse>
              <color sid="diffuse">0.2395439 0.1768934 0.1096412 1</color>
            </diffuse>
            <index_of_refraction>
              <float sid="ior">1.45</float>
            </index_of_refraction>
          </lambert>
        </technique>
      </profile_COMMON>
    </effect>
    <effect id="Water_003-effect">
      <profile_COMMON>
        <technique sid="common">
          <lambert>
            <emission>
              <color sid="emission">0 0 0 1</color>
            </emission>
            <diffuse>
              <color sid="diffuse">0.104738 0.3719261 0.8005045 1</color>
            </diffuse>
            <reflectivity>
              <float sid="specular">0.5882353</float>
            </reflectivity>
            <transparent opaque="A_ONE">
              <color sid="alpha">0 0 0 0.2867647</color>
            </transparent>
            <index_of_refraction>
              <float sid="ior">1.45</float>
            </index_of_refraction>
          </lambert>
        </technique>
      </profile_COMMON>
    </effect>
  </library_effects>
  <library_images/>
  <library_materials>
    <material id="WoodDark_015-material" name="WoodDark.015">
      <instance_effect url="#WoodDark_015-effect"/>
    </material>
    <material id="WoodDark_014-material" name="WoodDark.014">
      <instance_effect url="#WoodDark_014-effect"/>
    </material>
    <material id="WoodBright2_013-material" name="WoodBright2.013">
      <instance_effect url="#WoodBright2_013-effect"/>
    </material>
    <material id="WoodBright_016-material" name="WoodBright.016">
      <instance_effect url="#WoodBright_016-effect"/>
    </material>
    <material id="Material_008-material" name="Material.008">
      <instance_effect url="#Material_008-effect"/>
    </material>
    <material id="Skull_005-material" name="Skull.005">
      <instance_effect url="#Skull_005-effect"/>
    </material>
    <material id="Roof_006-material" name="Roof.006">
      <instance_effect url="#Roof_006-effect"/>
    </material>
    <material id="Water_003-material" name="Water.003">
      <instance_effect url="#Water_003-effect"/>
    </material>
  </library_materials>
  <library_geometries>
    <geometry id="Cube_024-mesh" name="Cube.024">
      <mesh>
        <source id="Cube_024-mesh-positions">
          <float_array id="Cube_024-mesh-positions-array" count="1608">-0.7796782 -0.8964558 0 -1 -1 2 -0.7796782 0.8964558 0 -1 1 2 0.7796782 -0.8964558 0 1 -1 2 0.7796782 0.8964558 0 1 1 2 -0.8303337 -0.9190391 2 -0.8303337 0.9190391 2 0.8303337 0.9190391 2 0.8303337 -0.9190391 2 -0.6972433 -0.850255 0.7592131 -0.6972433 0.850255 0.7592131 0.6972433 0.850255 0.7592131 0.6972433 -0.850255 0.7592131 1.090769 -0.9965549 2.253714 0.8377133 -0.9990639 2.332926 1.088688 -0.8363305 2.250223 0.8176079 -0.8356969 2.086585 1.064377 -0.8119831 2.102264 0.8188725 -0.8086455 2.087496 1.092541 -0.6646421 2.265066 0.8180504 -0.6623271 2.064463 1.063713 -0.6406211 2.096843 0.8361321 -0.6496201 2.323266 1.068127 -0.4995419 2.0855 0.8379936 -0.4964769 2.257334 1.097094 -0.4829694 2.248599 0.8258267 -0.4720417 2.048904 1.102655 -0.3233409 2.227774 0.8532219 -0.3206461 2.331107 1.086695 -0.3049576 2.130057 0.8398419 -0.3046501 2.140863 1.093834 -0.1442921 2.185407 0.8353901 -0.1476211 2.1256 1.070663 -0.1230027 2.049141 0.8454342 -0.1283018 2.286164 1.067684 0.03416848 2.096763 0.8311195 0.03833818 2.24587 1.075592 0.05527305 2.154826 0.8166599 0.05815362 2.065646 1.072363 0.2167198 2.211994 0.8152485 0.2163565 2.251312 1.057631 0.2359046 2.132124 0.8033657 0.2373783 2.104123 1.031986 0.4285884 2.006278 0.7975178 0.4279239 2.104779 1.026806 0.4603257 1.967366 0.8024559 0.4498029 2.175447 1.060394 0.61794 2.0273 0.8253841 0.6086679 2.156395 1.092621 0.6398254 2.190693 0.8183422 0.6229653 1.996799 1.103628 0.7979651 2.076589 0.8532486 0.787554 2.103272 1.11557 0.8184002 2.137665 0.8568077 0.809212 2.13489 1.117775 0.9937222 2.0698 0.8668709 0.9969964 2.104774 1.032965 0.9682088 1.314308 0.9246292 0.8978121 0.5762026 0.834259 0.8785191 -0.09549188 0.5955772 0.8822243 -0.09549188 0.6820145 0.8972242 0.5998664 0.7655239 0.9656553 1.340332 0.8352413 0.6949265 -0.09549164 0.9176369 0.7139878 0.5862278 1.008322 0.7769654 1.325791 0.7717342 0.7703865 1.349026 0.6805363 0.7037101 0.6094629 0.5915032 0.6919222 -0.09549164 1.004656 0.7494209 1.327352 0.9234123 0.6913047 0.5869463 0.8209744 0.6681264 -0.09549164 0.578104 0.6650789 -0.09549164 0.6746407 0.6696096 0.6112009 0.7664242 0.7356806 1.350702 0.8098602 0.5239451 -0.09549176 0.8938503 0.5391948 0.6008512 0.9824219 0.5955627 1.340461 0.7385864 0.5779541 1.364516 0.6440983 0.5203676 0.6253007 0.5478153 0.5095704 -0.09549176 0.9906406 0.5834687 1.341279 0.8921166 0.5232413 0.6025874 0.7998486 0.5093861 -0.09549176 0.5575581 0.4945829 -0.09549176 0.6406899 0.5039022 0.6272003 0.7261238 0.5601599 1.367309 0.7800675 0.3957393 -0.09549176 0.8681946 0.4002581 0.6179803 0.9637051 0.4308803 1.356818 0.7079754 0.4196441 1.381983 0.625803 0.3891554 0.641808 0.5288162 0.3839367 -0.09549176 0.9692154 0.4188006 1.358155 0.8648892 0.3774726 0.620147 0.7886276 0.3804166 -0.09549176 0.5342121 0.3730543 -0.09549176 0.6152039 0.3755059 0.6447179 0.7079144 0.4046857 1.383857 0.7974739 0.2277474 -0.09549176 0.8792305 0.2265677 0.6332778 0.9668369 0.2310149 1.372915 0.7206802 0.2322931 1.397125 0.6201973 0.2216854 0.6587595 0.5359135 0.2284934 -0.09549176 0.9606228 0.2030873 1.375449 0.8736992 0.2037663 0.6357305 0.7919464 0.2117881 -0.09549176 0.5427876 0.2120459 -0.09549176 0.6276207 0.2097752 0.659905 0.7190628 0.2086253 1.399185 0.8094826 0.04875063 -0.09549176 0.8961334 0.05052471 0.6486358 0.9875851 0.05100345 1.387948 0.7330856 0.05154609 1.412977 0.6385555 0.04628324 0.6739719 0.5529766 0.04662179 -0.09549176 0.9899864 0.03451824 1.389634 0.903204 0.03373026 0.6498678 0.816473 0.03409814 -0.09549176 0.5627556 0.02734017 -0.09549176 0.6401138 0.03410553 0.6756711 0.7351685 0.03312635 1.414728 0.8229771 -0.1341469 -0.09549188 0.9149284 -0.1352183 0.6636382 0.9991379 -0.1293356 1.403574 0.7556801 -0.1258511 1.42746 0.6573677 -0.1344337 0.6888681 0.5780354 -0.1305136 -0.09549188 0.9925747 -0.1555678 1.406132 0.9114742 -0.1536464 0.6657292 0.8227692 -0.1548738 -0.09549188 0.5760021 -0.1558525 -0.09549188 0.6582413 -0.1519489 0.6905121 0.7561798 -0.1538672 1.429358 0.8305321 -0.2927153 -0.09549188 0.915659 -0.2969914 0.6772822 1.010099 -0.3102279 1.416521 0.7506199 -0.308588 1.442028 0.6660957 -0.2928355 0.7016704 0.5669403 -0.2914765 -0.03672707 1.008028 -0.3228257 1.417907 0.9136734 -0.3106277 0.6786958 0.8272228 -0.3019557 -0.09549188 0.5749397 -0.3032932 -0.03632783 0.6620503 -0.3104525 0.7033689 0.7604637 -0.328527 1.442378 0.8178539 -0.4118775 -0.09549176 0.8997326 -0.4228951 0.6872325 0.996151 -0.4569829 1.426403 0.7394867 -0.4568148 1.451673 0.6573391 -0.4198359 0.7110056 0.5579414 -0.4102371 -0.02750289 1.000593 -0.4692242 1.426493 0.8915882 -0.4432718 0.6886984 0.8107052 -0.4237179 -0.09549176 0.5558014 -0.4191685 -0.02676939 0.654974 -0.439231 0.7119047 0.746542 -0.4727575 1.451545 0.8112145 -0.5518917 -0.09549176 0.9009647 -0.5708228 0.6913132 0.9814015 -0.6068921 1.431662 0.7422943 -0.6056014 1.455176 0.6469421 -0.5699735 0.7162939 0.5696926 -0.5458949 -0.02440857 0.9843483 -0.6330154 1.431662 0.8929119 -0.5948775 0.6923967 0.8173332 -0.5694338 -0.09549176 0.570261 -0.5756886 -0.09549176 0.6491871 -0.5864022 0.7163631 0.7400246 -0.628355 1.455689 0.8112412 -0.7230082 -0.09549188 0.896862 -0.7384025 0.6918296 0.9949303 -0.7862836 1.430443 0.7399292 -0.7799593 1.455522 0.6475754 -0.7400353 0.7163473 0.5693493 -0.7172231 -0.09549188 0.9918041 -0.7989595 1.430433 0.9052334 -0.7567021 0.6906879 0.8122082 -0.7429791 -0.09549176 0.5612164 -0.7414558 -0.09549176 0.6472359 -0.7571871 0.7160628 0.7430344 -0.8051093 1.454899 0.8157177 -0.8997853 -0.09549176 0.8948193 -0.9122435 0.6870273 0.9817829 -0.9549685 1.426744 0.7301083 -0.962733 1.451477 0.642601 -0.9183108 0.711826 0.5583077 -0.8975974 -0.09549176 -0.7925167 -1.029056 2.354295 -1.046669 -1.030288 2.286945 -0.7938595 -0.8639706 2.349814 -1.021362 -0.8631159 2.042107 -0.7902584 -0.8380437 2.195872 -1.020327 -0.83468 2.043682 -0.792881 -0.6785325 2.366053 -1.016956 -0.6784262 2.021386 -0.7899113 -0.6525412 2.190358 -1.046429 -0.6648586 2.276898 -0.7836838 -0.5017946 2.18209 -1.032789 -0.4999019 2.215446 -0.7855988 -0.4845365 2.353006 -1.006784 -0.4742336 2.011013 -0.7765751 -0.3233409 2.336395 -1.031641 -0.3206461 2.29395 -0.774107 -0.3049576 2.23478 -1.010061 -0.3046501 2.106075 -0.7773075 -0.1442921 2.291267 -1.01153 -0.1476211 2.089102 -0.7747326 -0.1230027 2.149051 -1.030928 -0.1283018 2.246963 -0.7861328 0.03416848 2.192517 -1.037239 0.03833818 2.200709 -0.7890911 0.05527305 2.252011 -1.01849 0.05815362 2.021725 -0.8024502 0.2167198 2.304385 -1.053265 0.2163565 2.196934 -0.8020325 0.2359046 2.220379 -1.038019 0.2373783 2.050716 -0.8045921 0.4228304 2.086648 -1.044546 0.4303701 2.048047 -0.8040962 0.449985 2.046846 -1.053385 0.4532988 2.117817 -0.7982254 0.5852714 2.122566 -1.044535 0.6082332 2.112662 -0.7992001 0.6023488 2.295596 -1.024643 0.6229405 1.957408 -0.7857189 0.7551887 2.193625 -1.027218 0.7731292 2.078364 -0.7869988 0.7757461 2.258245 -1.031176 0.7934291 2.110373 -0.7805805 0.9726644 2.195153 -1.023596 0.9784534 2.08775 -0.7248097 0.943254 1.431301 -0.6865254 0.8761315 0.6707244 -0.623909 0.8661177 -0.09549188 -0.8529987 0.8828364 -0.09549176 -0.9176083 0.8911562 0.5586244 -0.9794102 0.948292 1.307578 -0.6170998 0.6879222 -0.09549164 -0.6856594 0.6992908 0.6761348 -0.7423267 0.7449062 1.428258 -0.968998 0.7670467 1.318474 -0.9133759 0.7238922 0.5657718 -0.8527374 0.715267 -0.09549176 -0.7438355 0.718277 1.42767 -0.6784325 0.6767638 0.6800671 -0.6295338 0.6640797 -0.09549164 -0.8644104 0.6925378 -0.09549164 -0.9169712 0.6942742 0.5638526 -0.972023 0.7362211 1.316855 -0.6321068 0.5269947 -0.09549176 -0.6936035 0.5369682 0.6766086 -0.7508068 0.5759609 1.427583 -0.9861813 0.5957852 1.313197 -0.934763 0.5587468 0.5592061 -0.8850918 0.5475421 -0.09549164 -0.7415905 0.5636921 1.432985 -0.6938057 0.5219767 0.6772781 -0.641161 0.5141273 -0.09549176 -0.8749695 0.5307245 -0.09549164 -0.9364872 0.5425408 0.5590879 -0.9964104 0.5807705 1.30879 -0.6592484 0.4007671 -0.09549176 -0.7093239 0.4037762 0.6784052 -0.7535858 0.4272456 1.432554 -1.000492 0.436322 1.312465 -0.9433823 0.4121297 0.5645566 -0.9018746 0.4017978 -0.09549176 -0.7478943 0.4155095 1.436923 -0.7124481 0.3804822 0.6785983 -0.6513176 0.3839817 -0.09549176 -0.8970013 0.3869476 -0.09549176 -0.9536305 0.3946533 0.5613486 -0.9999733 0.418396 1.314207 -0.6453934 0.2277474 -0.09549176 -0.7012043 0.2265677 0.6991184 -0.7513657 0.2310149 1.449575 -0.9890728 0.2322931 1.333969 -0.9513474 0.2216854 0.5774703 -0.8979759 0.2284934 -0.09549176 -0.7577114 0.2030873 1.44848 -0.7068901 0.2037663 0.6983293 -0.6510716 0.2117881 -0.09549176 -0.8916779 0.2120459 -0.09549176 -0.9445171 0.2097752 0.5827351 -0.9909763 0.2086253 1.335013 -0.6368694 0.04875063 -0.09549176 -0.6879482 0.05052471 0.7231913 -0.7344055 0.05100345 1.475504 -0.9801674 0.05154609 1.355979 -0.9366837 0.04628324 0.602225 -0.8845749 0.04662179 -0.09549176 -0.7324333 0.03451824 1.478454 -0.681469 0.03373026 0.7283388 -0.6304627 0.03409814 -0.09549176 -0.8754883 0.02734017 -0.09549176 -0.9355126 0.03410553 0.6047123 -0.9785099 0.03312635 1.358812 -0.6268654 -0.1341469 -0.09549188 -0.6728325 -0.1352183 0.747992 -0.7262669 -0.1293356 1.49682 -0.9613571 -0.1258511 1.382427 -0.9215317 -0.1344337 0.6269345 -0.8633881 -0.1305136 -0.09549188 -0.7329521 -0.1555678 1.495551 -0.6764832 -0.1536464 0.7480301 -0.6273918 -0.1548738 -0.09549188 -0.8656902 -0.1558525 -0.09549188 -0.9210014 -0.1519489 0.6289847 -0.9612255 -0.1538672 1.384507 -0.622036 -0.2927153 -0.09549188 -0.6745968 -0.2969914 0.7613373 -0.7182083 -0.3102279 1.515263 -0.9687767 -0.308588 1.393389 -0.9155636 -0.2928355 0.6439836 -0.8765755 -0.2914765 -0.09549188 -0.7204228 -0.3228257 1.515412 -0.6767349 -0.3106277 0.7615597 -0.6254368 -0.3019557 -0.09549188 -0.8690643 -0.3032932 -0.09549176 -0.9197064 -0.3104525 0.643316 -0.9595108 -0.328527 1.39926 -0.6357803 -0.4118775 -0.09549176 -0.6914883 -0.4226297 0.7618052 -0.7332096 -0.457194 1.51678 -0.9810696 -0.458828 1.396265 -0.9255467 -0.4207972 0.6479036 -0.8867664 -0.410369 -0.09549176 -0.7290154 -0.4696974 1.519366 -0.6994724 -0.442982 0.75861 -0.642786 -0.4237077 -0.09549176 -0.8889275 -0.419384 -0.09549176 -0.9279499 -0.4405798 0.6474249 -0.9743595 -0.4753369 1.400114 -0.6429596 -0.5517317 -0.09549176 -0.6910515 -0.5731086 0.7663673 -0.7481403 -0.6145579 1.513463 -0.9790402 -0.6163946 1.401166 -0.9363575 -0.5757225 0.6470649 -0.8761845 -0.5481805 -0.09549176 -0.745348 -0.6424759 1.515121 -0.6988831 -0.5983527 0.7628608 -0.637104 -0.5692215 -0.09549176 -0.8756943 -0.5781078 -0.09549176 -0.9342404 -0.5930063 0.6483934 -0.9812813 -0.6406809 1.400375 -0.6429558 -0.7256414 -0.09549188 -0.6950359 -0.7496832 0.7645472 -0.7350941 -0.8063674 1.519923 -0.9813423 -0.8008559 1.400162 -0.9357662 -0.754434 0.6474714 -0.876545 -0.7234861 -0.09549188 -0.7380581 -0.8198435 1.518154 -0.6868954 -0.7687999 0.7681768 -0.641964 -0.7461383 -0.09549176 -0.8843422 -0.7486216 -0.09549176 -0.9360371 -0.7722727 0.6470106 -0.9782887 -0.8271172 1.401319 -0.6377316 -0.9065687 -0.09549176 -0.6961079 -0.9305334 0.7588455 -0.7468929 -0.9827232 1.509015 -0.9899235 -0.9885743 1.3908 -0.9396687 -0.9372518 0.6403855 -0.886303 -0.9080535 -0.09549176 1.077848 1.021523 2.203475 1.073578 0.9232771 2.175474 0.5783749 1.010794 2.077629 0.5685539 0.9054561 2.17613 0.5565052 1.008324 2.047191 0.5742169 0.9078531 2.175447 -0.03072166 1.018223 2.107124 -0.04707908 0.8993297 2.156395 -0.08518218 1.033646 2.137412 -0.1045341 0.8947096 1.996799 -0.5442238 1.030704 2.129871 -0.5533886 0.9098649 2.103272 -0.5959644 1.035423 2.137665 -0.6069374 0.9120882 2.134889 -0.9987354 1.030593 2.0698 -1.008574 0.9244678 2.104774 -0.933363 0.9946559 1.314308 -0.8302555 0.9507899 0.5762026 -0.7836475 0.9205341 -0.09549176 -0.8076992 0.8238232 -0.09549164 -0.8464718 0.8492169 0.5998664 -0.9367943 0.8811474 1.340332 -0.3406677 0.916312 -0.09549176 -0.3968067 0.9468889 0.5862279 -0.5259934 0.9857476 1.32579 -0.5452137 0.8724809 1.349026 -0.4147225 0.8344183 0.609463 -0.3713551 0.8056312 -0.09549176 -0.456274 0.9847488 1.327352 -0.3369637 0.9501691 0.5869463 -0.2717247 0.9095023 -0.09549188 -0.3042526 0.7980735 -0.09549176 -0.3303166 0.8299739 0.6112011 -0.4613247 0.8687074 1.350702 0.07286071 0.9060762 -0.09549188 0.1064319 0.9411757 0.6008512 -0.02529716 0.9802129 1.340461 -0.02786064 0.856189 1.364516 0.1043758 0.8147891 0.6253007 0.06788444 0.7816534 -0.09549176 0.01516342 0.9851132 1.341279 0.1609497 0.9413235 0.6025872 0.1104373 0.9016857 -0.09549188 0.1107025 0.786572 -0.09549176 0.1616477 0.8141573 0.6272003 0.02673912 0.8510661 1.367309 0.4347534 0.8978725 -0.09549188 0.4173355 0.9344139 0.6179803 0.5432263 0.9808567 1.356818 0.5427189 0.860358 1.381983 0.6196613 0.8232877 0.6418082 0.4446735 0.7812302 -0.09549176 0.5864582 0.984086 1.358155 0.4814091 0.9342272 0.6201471 0.4777699 0.90291 -0.09549188 0.4779282 0.7848744 -0.09549176 0.4589577 0.8109822 0.6447181 0.6008644 0.8629956 1.383857 0.8303204 0.9150045 -0.09549188 0.8998661 0.9496901 0.6332779 0.9998741 0.9873304 1.372915 0.9961681 0.8851788 1.397125 0.9106693 0.8353367 0.6587596 0.8286667 0.8014064 -0.09549176 -1.002996 -1.027944 2.218657 -0.9987259 -0.9234462 2.17557 -0.503521 -1.016212 2.091191 -0.4937019 -0.9187898 2.17588 -0.4816513 -1.013761 2.060421 -0.4993649 -0.9209505 2.17549 0.1055736 -1.011774 2.122392 0.121931 -0.914426 2.157781 0.1600341 -1.023337 2.154614 0.179388 -0.910068 1.997638 0.6190758 -1.017204 2.147719 0.6282425 -0.9150902 2.106265 0.6708164 -1.021313 2.156227 0.6817894 -0.9158707 2.138119 1.073587 -1.020462 2.088437 1.083425 -0.9191119 2.108576 1.008215 -0.9876839 1.327311 0.9051075 -0.9446066 0.5821925 0.8584995 -0.9122969 -0.09539771 0.8825512 -0.817435 -0.109538 0.9213238 -0.8471434 0.591502 1.011646 -0.8797845 1.337513 0.4155197 -0.9100721 -0.09533953 0.4716587 -0.9417987 0.5918117 0.6008473 -0.97945 1.337343 0.6200676 -0.8824377 1.346581 0.4895744 -0.8452237 0.6010188 0.4462071 -0.8122847 -0.1097793 0.5311279 -0.9788364 1.338689 0.4118157 -0.9446948 0.5928729 0.3465786 -0.9044739 -0.09618461 0.3791046 -0.8068931 -0.1105732 0.4051685 -0.8433614 0.6024087 0.5361767 -0.881058 1.347944 0.001991271 -0.9023992 -0.09684312 -0.03157997 -0.9391246 0.6050376 0.1001491 -0.9782673 1.350491 0.1027126 -0.8769405 1.36012 -0.02952384 -0.8362953 0.6147105 0.006969451 -0.7963597 -0.1123675 0.05968856 -0.9826828 1.351797 -0.0860958 -0.9393424 0.6066722 -0.0355854 -0.8986747 -0.0974363 -0.03585052 -0.8005941 -0.1117904 -0.0867958 -0.8357781 0.6164098 0.04811286 -0.8729448 1.362177 -0.3598995 -0.8939904 -0.09860813 -0.3424835 -0.9338894 0.6206606 -0.4683724 -0.9829041 1.365753 -0.4678669 -0.8760269 1.375788 -0.5448094 -0.8366369 0.6301475 -0.3698216 -0.7920138 -0.113493 -0.5116062 -0.9858251 1.367418 -0.4065571 -0.9335327 0.6226333 -0.402916 -0.8979324 -0.09810101 -0.4030762 -0.7945184 -0.1131734 -0.3841038 -0.8300328 0.6324318 -0.5260105 -0.8769024 1.37766 -0.7554684 -0.9046574 -0.09757685 -0.8250141 -0.9438949 0.6366242 -0.9250202 -0.987252 1.382048 -0.9213162 -0.8852841 1.391694 -0.8358173 -0.8372233 0.6467804 -0.7538147 -0.7982531 -0.1130726 -0.8344396 -0.9044883 1.491114 0.8344396 -0.9044883 1.422219 -0.8344396 0.9044892 1.380593 0.8344396 0.9044892 1.41283 -0.8344396 0.3014967 1.517277 -0.8344396 -0.3014957 1.429623 0.8344396 -0.3014957 1.438248 0.8344396 0.3014967 1.383539 -0.8344396 -0.5024933 1.389289 -0.8344396 -0.7034908 1.427222 -0.2781465 -0.9044883 1.40874 0.2781465 -0.9044883 1.430949 0.8344396 0.5024943 1.402949 0.8344396 0.7034918 1.406991 0.2781465 0.9044892 1.320055 -0.2781465 0.9044892 1.380358 -0.8344396 0.7034918 1.414848 -0.8344396 0.5024943 1.401611 -0.8344396 0.1004992 1.374062 -0.8344396 -0.1004983 1.424133 0.8344396 -0.7034908 1.42271 0.8344396 -0.5024933 1.41677 0.8344396 -0.1004983 1.428777 0.8344396 0.1004992 1.406205 0.2781465 -0.3014957 1.329795 -0.2781465 -0.3014957 1.500064 0.2781465 0.3014967 1.442003 -0.2781465 0.3014967 1.393963 -0.2781465 -0.1004983 1.445328 -0.2781465 0.1004992 1.448631 0.2781465 -0.1004983 1.362757 0.2781465 0.1004992 1.389606 -0.2781465 -0.7034908 1.437499 -0.2781465 -0.5024933 1.469575 0.2781465 -0.7034908 1.392631 0.2781465 -0.5024933 1.333206 -0.2781465 0.5024943 1.380056 -0.2781465 0.7034918 1.391068 0.2781465 0.5024943 1.405717 0.2781465 0.7034918 1.373544</float_array>
          <technique_common>
            <accessor source="#Cube_024-mesh-positions-array" count="536" stride="3">
              <param name="X" type="float"/>
              <param name="Y" type="float"/>
              <param name="Z" type="float"/>
            </accessor>
          </technique_common>
        </source>
        <source id="Cube_024-mesh-normals">
          <float_array id="Cube_024-mesh-normals-array" count="2706">-0.993987 0 -0.1094985 0 0.9986625 -0.05170291 0.993987 0 -0.1094985 0 -0.9986625 -0.05170291 0 0 -1 0 0 1 -0.9942966 0 0.1066511 -7.0261e-7 0 1 7.0261e-7 0 1 0.9942966 0 0.1066511 0 0.998467 0.05535089 0 -0.998467 0.05535089 -0.02707308 0.9984458 0.04871481 0.2984137 0.0246635 0.954118 0.9909238 -0.06081598 -0.119881 -0.02130019 0.9989454 0.04067391 -0.4697294 -0.6125913 0.6356778 0.9925744 0.06932514 -0.09995108 -0.009266734 0.9988566 0.046902 0.598062 0.04562163 0.8001503 0.9841399 -0.1412265 -0.1073494 -0.02269846 0.999737 0.00328809 0.3815361 0.1064973 0.9181985 0.9887575 -0.09485632 -0.1155899 -0.009826898 0.9998648 -0.01319068 -0.2105527 -0.3100375 0.9271161 0.9887245 0.1048529 -0.1069101 -0.005355536 0.9999852 0.001083016 0.7137356 -0.1906751 0.6739618 0.9928141 0.0460534 -0.1104506 0.02103978 0.9995962 -0.01910001 0.1432645 -0.3277963 0.9338227 0.9798582 0.1643977 -0.1133637 -0.05489373 0.9984445 -0.00976181 -0.08932197 0.5362785 0.8393015 0.9951698 -0.0201565 -0.09607797 -0.09167635 0.9949579 -0.04067337 0.4534168 -0.3995769 0.7967129 0.97891 -0.1822097 -0.0923838 -0.0476768 0.9971595 -0.05830931 0.06230843 0.5811325 0.8114203 0.9811018 -0.1519814 -0.119754 0.008208572 0.9993651 -0.03467065 0.1335565 0.3562899 0.9247812 0.985373 -0.1333425 -0.1061131 -0.9921273 0.06983792 0.1039522 -0.9930762 -0.02648806 0.1144467 -0.9920533 0.01377969 0.1250621 0.9927434 0.005311131 -0.1201356 0.9920449 -0.04416435 -0.1178833 0.03495132 -0.9983144 0.04633283 0.03560167 -0.9961219 0.08045935 0.04548954 -0.9987131 0.02242654 -0.005155086 0.9995942 -0.02801769 -0.01848101 0.9955654 -0.09223926 -0.9844611 0.1416288 0.1038155 -0.9777083 0.1817656 0.1051089 -0.9694317 0.210331 0.1263453 0.9864339 -0.07603812 -0.145487 0.9747751 -0.1987298 -0.1015877 0.02711462 -0.9984568 0.04846477 0.07838582 -0.994708 0.06642252 0.07639265 -0.996998 0.01261967 -0.08884322 0.995835 -0.02048665 -0.06437581 0.9953921 -0.07106679 -0.9816606 0.1549896 0.1109988 -0.9849862 0.138043 0.1036645 -0.9813119 0.1436154 0.1280683 0.9773602 -0.170118 -0.1258053 0.9725506 -0.2033354 -0.1131368 0.04809278 -0.9979102 0.04315656 0.04733055 -0.998257 0.03525578 0.04582214 -0.9989495 6.66933e-4 -0.07761454 0.9969379 -0.0095281 -0.09425014 0.9931957 -0.06840693 -0.9927315 -0.03086739 0.1163248 -0.9887902 -0.06279587 0.135465 -0.9935929 -0.02213782 0.1108292 0.9927483 0.05752378 -0.1055548 0.9862457 0.08120179 -0.1439648 -0.006591498 -0.9999521 0.007228493 -0.004547953 -0.9999682 0.006551146 0.01848173 -0.9998224 -0.003691792 -0.007394075 0.9999607 0.004901528 -0.05854219 0.9971512 -0.04756414 -0.9836782 -0.1405828 0.1123102 -0.9888941 -0.07712614 0.127044 -0.9922662 -0.05687218 0.1103338 0.9883053 0.1063014 -0.1093292 0.9841765 0.1343519 -0.1155263 -0.01357746 -0.9998825 0.00712496 -0.002043604 -0.9999976 9.00343e-4 0.01650983 -0.9998636 4.6126e-4 0.02521032 0.9996491 0.008147954 0.02274745 0.9997397 -0.001755297 -0.9927939 -0.06023216 0.1035977 -0.9843413 -0.1163993 0.1323761 -0.9906027 -0.09360218 0.09972453 0.9925687 0.03837144 -0.1154776 0.9914332 0.05931705 -0.1163688 -0.01320445 -0.9998493 0.01127129 -0.01338124 -0.9998657 0.009472131 -0.003147304 -0.9999946 -0.001030147 0.001458108 0.9999989 3.23882e-4 -0.005503475 0.9999849 -4.19531e-4 -0.9918132 -0.01580142 0.1267163 -0.9911481 -0.01509886 0.1319 -0.9924303 0.04502105 0.1142602 -0.9927527 0.04821717 0.1100784 -0.9901252 -0.044676 0.1328763 0.991718 0.05585038 -0.1156549 0.9938564 0.0202437 -0.1088101 -9.18265e-4 -0.9999716 0.007484436 -0.00797832 -0.9998257 -0.01688325 -0.005790948 -0.9999713 -0.00489521 0.006471693 0.9999763 -0.002366483 0.007369458 0.9999713 0.001787781 -0.9944908 -0.01375138 0.1039186 -0.9787352 0.1685128 0.1169649 -0.9896349 0.05197018 0.1338728 0.9901728 -0.08439528 -0.1115142 0.9830265 -0.1317738 -0.1276501 -0.01869606 -0.9993962 -0.0292918 -0.005123972 -0.9989559 -0.04539972 -0.009726047 -0.9998675 -0.01305657 -0.002606332 0.9999306 0.01149165 -0.02112329 0.9995927 0.01919078 -0.992118 0.05953055 0.1102635 -0.9909431 0.03522795 0.129579 -0.9923157 0.06450539 0.1055878 0.9947252 0.003952145 -0.1024994 0.9872114 0.06963181 -0.1434055 -0.01024657 -0.9987279 -0.04937398 -0.01006942 -0.9988173 -0.04756772 -0.03085297 -0.9993132 -0.02052485 0.0238924 0.9994623 0.02245736 -0.01028162 0.9992746 0.03666925 -0.992112 0.01403439 0.1245671 -0.9922817 4.86589e-4 0.1240039 -0.9953076 0.01043176 0.09619754 0.9945338 -0.03945207 -0.09667533 0.9922281 0.02778726 -0.1212907 -0.01135587 -0.9992489 -0.03705072 -0.03070348 -0.9976899 -0.06059932 0.004576921 -0.9997887 -0.02004629 0.03755301 0.9988838 0.02865511 0.02382278 0.9985358 0.04856675 -0.9902462 0.06441998 0.1235419 -0.9894489 0.07849717 0.1217748 -0.9941921 0.02585202 0.1044686 0.9928722 0.02222156 -0.1170944 0.9907904 -0.06352359 -0.1195787 0.02553331 -0.9982379 -0.05356425 0.02483445 -0.997856 -0.06055426 0.02225977 -0.9995872 -0.01816433 -1.61418e-4 0.9998474 0.01747179 -0.01884895 0.998067 0.05921953 0 0 -1 0 8.42134e-7 -1 -0.2823649 -0.001121938 -0.9593064 -0.2531044 -0.03953582 -0.9666308 -0.2031592 -0.3778245 -0.9033133 0 7.08952e-7 -1 0 0 -1 0 0 -1 0 7.74857e-7 -1 0 -1.25317e-6 -1 -0.06215459 0.9968765 0.04872304 -0.2561918 0.02414327 0.9663245 0.9962986 -0.05761981 0.06379073 -0.0594325 0.9974724 0.03894603 -0.7205228 -0.5114395 0.46827 0.9943493 0.0646786 0.08417999 0.01422142 0.9986709 0.04954111 0.1329239 0.04880547 0.989924 0.9881998 -0.1335237 0.07505017 0.01034253 0.9999457 0.001334965 -0.162019 0.1101196 0.9806241 0.9932716 -0.09383165 0.06787729 -0.001890838 0.9998964 -0.01427447 -0.6270363 -0.2694631 0.7309002 0.9916217 0.1042532 0.07627463 0.01665985 0.9998597 0.001742601 0.3518518 -0.2257104 0.9084357 0.9962396 0.04573965 0.07358402 0.005256414 0.9998638 -0.01565068 -0.3734825 -0.3140637 0.8728544 0.9842529 0.162988 0.06841993 0.03275543 0.9994281 -0.008402705 -0.5041887 0.4979051 0.7056093 0.9961204 -0.01277208 0.08706963 0.0937305 0.9953215 -0.02344882 0.2338799 -0.4825708 0.844053 0.992542 -0.08752506 0.08485203 0.0943042 0.9946241 -0.04277455 -0.3281217 0.5441226 0.7721832 0.9971836 -0.04888111 0.05688297 0.03950583 0.9985863 -0.0355637 -0.4820587 0.2815374 0.8296725 0.9931442 -0.08887523 0.07593405 -0.9963673 0.03112602 -0.07926881 -0.9950821 -0.06181854 -0.07739585 -0.9954353 -0.0290724 -0.09090304 0.9954045 0.03803712 0.08788204 0.9971807 0.007167875 0.074696 -0.09149187 -0.9952897 0.03205776 -0.1215091 -0.991281 0.05096513 -0.1097526 -0.993947 0.004892408 0.06847435 0.9976251 -0.007442295 0.06084388 0.9945465 -0.08470797 -0.9963205 0.04274505 -0.07428592 -0.9917055 0.1020163 -0.07818615 -0.9880318 0.1324184 -0.07911145 0.9966495 -0.01870769 0.0796234 0.9906671 -0.1095172 0.08114767 -0.1253429 -0.9918431 0.02316433 -0.1048673 -0.9935301 0.04359877 -0.09258973 -0.9956892 0.005487084 0.07869988 0.9968339 -0.01134109 0.1006759 0.9938378 -0.04637873 -0.9962807 0.05469363 -0.06658512 -0.9963749 0.02609485 -0.08097016 -0.996729 0.05003744 -0.06346338 0.985175 -0.1571916 0.06871145 0.9896538 -0.129337 0.06210899 -0.002818465 -0.9993202 0.03676027 -0.05037212 -0.9983348 0.02811223 -0.03641003 -0.9993359 0.001529633 0.08647787 0.9962449 -0.004228174 0.09063136 0.9946697 -0.04917556 -0.9970937 -0.03465956 -0.0678451 -0.9967829 -0.06356757 -0.04881668 -0.9966432 -0.02054232 -0.07924979 0.9961714 0.03777444 0.07883918 0.9959907 0.07848322 0.04293012 -0.01031714 -0.9999308 0.005665004 -0.007998645 -0.9999535 0.005391061 0.0195679 -0.9998086 -1.09968e-4 0.0543853 0.9984812 0.008808791 0.03313076 0.9984568 -0.04457032 -0.9877429 -0.1394479 -0.07013016 -0.9954758 -0.07609587 -0.05689722 -0.9956237 -0.05657154 -0.07438528 0.993731 0.0865637 0.07075023 0.9888259 0.1331145 0.06711161 -0.01688063 -0.9998483 0.00430876 -0.002444028 -0.999997 4.85437e-4 0.01552516 -0.9998747 0.003135323 0.0196923 0.9997401 0.01148736 0.02255171 0.9997428 0.002432763 -0.9949711 -0.05995541 -0.08023679 -0.9921 -0.1146175 -0.05099594 -0.9924237 -0.09292274 -0.08037823 0.9978611 0.02133476 0.0617907 0.9959791 0.05877816 0.0676071 -0.01886039 -0.9997877 0.008305966 -0.01801556 -0.9998161 0.006568908 -0.002471029 -0.9999961 -0.001404941 0.001223027 0.9999991 5.22279e-4 -0.004980921 0.9999867 -0.001388847 -0.9982102 -0.01557648 -0.05773836 -0.9985091 -0.0148819 -0.05251961 -0.9965605 0.04462945 -0.06982475 -0.9961115 0.04785466 -0.0739724 -0.9976365 -0.04411524 -0.05268043 0.9975639 0.0387606 0.05799984 0.9969533 0.02011573 0.07536321 -0.005083203 -0.9999631 0.006929457 0.001940071 -0.9998461 -0.01744186 -0.01438468 -0.9998794 -0.005872309 0.007439732 0.9999719 -0.00102204 0.005979716 0.9999775 0.003022015 -0.9966847 -0.01349741 -0.08023411 -0.9842813 0.1643399 -0.06467491 -0.9973967 0.05065625 -0.05131995 0.9938943 -0.09352535 0.05854243 0.9899365 -0.1302763 0.05526155 0.003622829 -0.9994667 -0.03245323 0.02805936 -0.99863 -0.04416865 -0.001672744 -0.9999186 -0.01264965 -0.004083752 0.9999429 0.00987339 -0.03082078 0.9994215 0.01438528 -0.9957755 0.0549212 -0.07358658 -0.9979659 0.03270751 -0.05472153 -0.9949913 0.06211 -0.07832539 0.997806 -0.001352131 0.06619346 0.9969102 0.06696176 0.04106509 0.03414887 -0.9979627 -0.05389225 0.03361964 -0.998039 -0.05280274 0.02210664 -0.9994781 -0.0235567 -4.53086e-4 0.9997461 0.02253079 -0.03926068 0.9986658 0.03354549 -0.9981268 0.01299804 -0.0597831 -0.9981735 4.59891e-4 -0.06041193 -0.9968222 0.009873807 -0.07904499 0.996816 -0.03729128 0.07047915 0.9976635 0.02606731 0.06315165 0.01552158 -0.9988419 -0.04554092 0.01371961 -0.9971565 -0.07410013 0.03234893 -0.9991393 -0.02597117 0.005996286 0.9993919 0.03434926 -0.02027112 0.9981517 0.05729371 -0.9962178 0.06269317 -0.06016409 -0.9952324 0.07572275 -0.06147116 -0.9971443 0.02481329 -0.07132816 0.997278 0.02630943 0.06888133 0.996129 -0.06042438 0.06384247 0.01906698 -0.9983754 -0.0536952 0.05586117 -0.9962858 -0.06553047 0.03985649 -0.9988852 -0.02529603 -0.0260241 0.999352 0.02486789 -0.06110417 0.9961014 0.06362628 0 0 -1 0 8.1995e-7 -1 0 0 -1 0 0 -1 0 0 -1 0 7.08778e-7 -1 0 0 -1 0 0 -1 0 9.23809e-7 -1 -3.75389e-7 8.77109e-7 -1 3.56458e-7 -1.3245e-6 -1 -0.9928067 -0.1195401 -0.006716668 -0.2308866 -0.2573968 0.9383168 -0.006515204 0.9992879 -0.03716832 -0.9937852 -0.09657013 -0.05536681 0.07541614 0.7900044 0.6084452 0.009228765 0.9991599 -0.03993052 -0.9884219 0.10007 -0.1140536 -0.006998002 -0.7108364 0.7033227 0.01250714 0.9977442 -0.06595551 -0.996183 0.0102384 -0.08668631 -0.166061 -0.00741589 0.9860876 0.02312189 0.9986965 -0.04550522 -0.03475636 -0.997974 0.05329096 -0.02300232 -0.9989241 0.04026973 -0.03500187 -0.9987908 0.03452301 0.009521543 0.9989852 -0.04402297 0.01016044 0.9986624 -0.05069768 0.984549 -0.1478067 0.09389656 0.9769955 -0.1190789 0.1769182 0.9596518 -0.2660728 0.0909605 -0.9674847 0.2406117 -0.0779705 -0.9818236 0.1230916 -0.1444684 -0.02137905 -0.9984189 0.05198734 -0.03033024 -0.998438 0.04692292 -0.03641766 -0.9981961 0.04773193 0.009929239 0.9986587 -0.05081659 0.02178514 0.9985699 -0.04882526 0.9705627 -0.2242113 0.08796328 0.9845132 0.01772344 0.1744124 0.9981384 -0.03992044 -0.04610884 -0.9543382 0.2785869 -0.1078329 -0.9842584 -0.08563029 -0.1546059 0.01187598 -0.998171 0.05927699 0.01647907 -0.9984693 0.05279713 0.01822543 -0.9984479 0.05262851 0.01173758 0.9982748 -0.05753242 0.03009539 0.9981288 -0.05322951 0.9997881 -0.00815773 -0.01890575 0.4892288 0.861249 -0.137497 0.9962041 0.08472466 0.0199809 -0.9973803 -0.002297043 0.07229983 -0.9806697 -0.04235756 -0.1910313 0.03528821 -0.9983474 0.04535704 0.05388182 -0.99668 0.06103998 0.0525822 -0.9978481 0.03917199 -0.03425306 0.9984652 -0.04351979 -0.03489887 0.9974398 -0.0624181 0.9955453 -0.016833 -0.09277045 0.9885903 0.06289547 -0.1368702 0.995438 -0.01449197 -0.09430384 -0.9999859 -0.001340627 0.00514388 -0.971459 0.2018197 0.1246442 0 -1.04992e-6 -1 0 -1.0234e-6 -1 0 -9.57718e-7 -1 0 0 -1 0.9912858 0.1316123 -0.00554794 0.2222911 0.3638753 0.9045339 0.001963257 -0.999117 -0.041969 0.9924247 0.1098828 -0.05494564 -0.06285828 -0.7815373 0.6206837 -7.54552e-4 -0.9990141 -0.04438972 0.9844184 -0.1344013 -0.113388 -0.002049922 0.8110468 0.5849778 -0.002845048 -0.9984407 -0.05574971 0.9959703 -0.02348965 -0.08655464 0.1637774 0.1503916 0.9749663 -0.02120524 -0.998926 -0.04119747 0.01172584 0.9986882 0.04984563 -0.005740523 0.9989972 0.04440522 0.005369126 0.9991015 0.04204243 -0.005023002 -0.9989421 -0.04571193 -0.007560193 -0.9987637 -0.04913002 -0.9888229 0.1184521 0.09054517 -0.970678 0.16325 0.1764474 -0.9808708 0.1735581 0.08814883 0.9847836 -0.1566687 -0.07520866 0.9782946 -0.1490204 -0.1439888 3.37482e-4 0.9989963 0.04479223 0.01085227 0.9987597 0.04859328 0.01780462 0.9982874 0.05572581 -0.005912065 -0.9986017 -0.0525338 -0.01391679 -0.9986534 -0.04997861 -0.9549371 0.2837653 0.08702135 -0.9847082 0.003304898 0.1741812 -0.9986222 0.02434122 -0.0464909 0.9932422 0.07359778 -0.08974003 0.9849095 0.07909321 -0.1539406 -0.008896112 0.9984059 0.05573552 -0.004630327 0.9987078 0.05061006 -7.5583e-5 0.9982056 0.05988085 -0.01420545 -0.9981763 -0.05867135 -0.02414232 -0.9982845 -0.05334192 -0.9998018 0.006495893 -0.0188232 -0.4344536 -0.890967 -0.1320148 -0.9953845 -0.09409195 0.01888233 0.9974368 1.39452e-5 0.07155352 0.9813652 0.02455204 -0.190577 -0.009238541 0.9988184 0.04771393 -0.01894974 0.9978834 0.06220698 -0.01431906 0.998663 0.04967278 0.01897525 -0.9986073 -0.04922991 0.02246534 -0.997509 -0.06686758 -0.9956927 0.002477228 -0.09268319 -0.9866976 -0.08684402 -0.1374265 -0.9909489 -0.09095883 -0.09872692 0.977361 -0.2115072 -0.005509614 0.9676603 -0.2213741 0.120942 0.001278042 -0.1441302 -0.9895579 0.001337349 -0.1443061 -0.9895323 0.001018345 -0.1449044 -0.9894452 -8.62257e-4 -0.1458165 -0.9893113 -0.03473782 0.1698496 0.9848576 -0.08311367 0.03537422 0.9959121 -0.0270735 0.2570746 0.9660122 -0.128888 0.004245698 0.9916501 0.02088266 -0.06467914 0.9976876 0.04445207 0.1490631 0.987828 0.01779133 -0.1248487 0.9920163 0.01352947 -0.002563834 0.9999052 0.009158313 -0.03770315 0.999247 -0.006626248 -0.0921092 0.9957269 0.007826745 0.1187677 0.9928913 0.2162069 -0.04411303 0.9753506 0.005380749 0.1373186 0.9905124 -0.098154 -0.0533626 0.9937396 0.05983501 0.08238118 0.9948031 -0.07440477 0.1069346 0.9914783 0.08306163 0.0559448 0.9949728 -0.1623784 -0.05149257 0.9853841 -3.34279e-4 -0.1359692 0.990713 -0.08376312 0.05226582 0.9951141 0.05675321 -0.1045749 0.9928963 -0.1428393 -0.005598604 0.9897301 -0.01069116 -0.09165024 0.9957339 -0.00410062 0.1597378 0.987151 0.1397341 0.2999668 0.9436601 0.00761485 0.1306958 0.9913933 0.007616698 -0.1316309 0.9912695 0.02616047 0.1986813 0.9797149 -0.02682107 0.03482317 0.9990335 0.0280888 0.005104303 0.9995925 0.03294754 0.1427386 0.9892119 0.04265099 0.05128669 0.9977729 0.02434295 0.07645791 0.9967757 0.1043338 0.1793821 0.9782314 -0.02130728 0.137266 0.990305 0.01144897 0.01899957 0.999754 -0.03472292 -0.004703462 0.999386 -0.993987 0 -0.1094985 0 0.9986626 -0.05170285 0.993987 0 -0.1094985 0 -0.9986626 -0.05170285 -0.9942966 0 0.1066511 1.52901e-6 0 1 -1.52901e-6 0 1 0.9942966 0 0.1066511 0 0.998467 0.05535095 0 -0.998467 0.05535095 -0.0197004 0.9985209 0.05067628 -0.3247584 0.775795 0.5409937 0.9914427 0.01004052 -0.1301566 0.02421593 0.9983218 0.05260664 -0.05722504 0.1549282 0.986267 0.9904372 -0.04534846 -0.1302995 0.03251212 0.9991405 0.02572107 0.6699774 0.2866759 0.6847973 0.9913386 -0.04104423 -0.1247527 0.006834208 0.9999307 -0.009580314 -0.3754642 -0.8010544 0.4661959 0.9910808 -0.05061477 -0.1232767 0.006242394 0.9999337 -0.009680747 0.04364597 0.09787219 0.9942415 0.9916626 3.27853e-4 -0.1288617 0.01274472 0.9998889 -0.007741272 0.5203404 0.2426709 0.8187532 0.9926829 0.05185717 -0.1090481 -0.002752959 0.9999579 -0.008761644 -0.2255381 -0.7423917 0.6308622 0.9888302 0.06693404 -0.1331721 -0.01555389 0.9994204 -0.03028208 0.3872771 0.00871104 0.9219223 0.9914197 0.05428349 -0.1189132 -0.06823515 0.9962785 -0.05266135 0.6802454 -0.01028317 0.7329124 0.9804732 -0.1743667 -0.09093171 -0.06346297 0.9960975 -0.06133753 -0.5168534 -0.3850129 0.7646096 0.9808344 -0.1542056 -0.1190985 -0.0133534 0.9991425 -0.03919309 -0.01624017 0.1591773 0.9871164 0.9898947 -0.0618447 -0.1276085 -0.9908632 -0.02561795 0.1324154 -0.9925391 0.01359039 0.1211679 -0.9921945 0.02124196 0.1228775 0.9902421 -0.04486274 -0.1319392 0.9821789 -0.1344453 -0.1313366 0.03226524 -0.9984279 0.04583442 0.05131179 -0.9951946 0.0833956 0.01232361 -0.9998092 0.01516187 0.01551771 0.9996036 -0.02349179 -0.01126545 0.9958093 -0.09075838 -0.9770746 0.1821066 0.1102837 -0.9719182 0.2091015 0.1079433 -0.9730054 0.1895138 0.1317008 0.9733564 -0.1995013 -0.1130333 0.9839401 -0.1503822 -0.09616231 0.07788026 -0.995094 0.06101548 0.08152586 -0.9944136 0.06704616 0.05477201 -0.9984698 0.007640361 -0.01254653 0.9999103 -0.004696547 -0.09407025 0.9925829 -0.07700711 -0.9835631 0.139062 0.1151751 -0.9846624 0.1408543 0.1029571 -0.9622729 0.2499633 0.1074675 0.9717676 -0.2038839 -0.1187402 0.9757012 -0.184301 -0.1184914 0.07375252 -0.9968518 0.02910739 0.04922449 -0.9981513 0.03565013 0.04692381 -0.9988981 8.97837e-4 -0.06098198 0.9981217 -0.005856156 -0.08294582 0.9943656 -0.06600975 -0.9900963 -0.06368947 0.1251121 -0.9919097 -0.0207678 0.1252354 -0.993995 -0.01169812 0.108799 0.990231 0.08445352 -0.1109518 0.9928375 -0.02180767 -0.1174656 -0.00443387 -0.9999605 0.007710933 0.01998853 -0.9997324 0.01164239 -0.002852022 -0.9999581 -0.008707165 -0.02892619 0.9995816 -1.4571e-4 -0.01160907 0.9992107 -0.0379908 -0.9888506 -0.07709115 0.1274028 -0.9909048 -0.05573642 0.122479 -0.991917 -0.06109589 0.1112114 0.984238 0.134411 -0.1149312 0.9790502 0.1636097 -0.1212128 -0.001122295 -0.9999467 0.01026701 0.01695126 -0.9998441 0.004952073 0.008299052 -0.9999646 -0.001362979 0.001034379 0.9999953 0.002889752 0.0242691 0.9997044 -0.001446902 -0.9863674 -0.1180842 0.1146114 -0.9877141 -0.09117776 0.1269152 -0.99034 -0.09586167 0.1001857 0.9910247 0.05899536 -0.1199569 0.992503 0.04579281 -0.1133172 0.01848691 -0.9998176 -0.004785716 -0.001883387 -0.9999278 0.01187002 -0.01483142 -0.9998839 -0.003497064 -0.02662587 0.9996269 -0.006098687 0.001536905 0.9999982 0.001127183 -0.9926344 0.04488503 0.1125276 -0.9921171 0.04942834 0.1151539 -0.9903474 -0.0448243 0.1311602 -0.9885231 0.1106259 0.1028792 0.9937968 0.02019864 -0.1093624 0.9868445 0.1034768 -0.1242201 -0.005694091 -0.9999636 0.006361782 -0.01851856 -0.999645 -0.0191552 -0.01661211 -0.999862 3.90543e-4 -0.003966033 0.9999818 -0.004551351 0.006868243 0.9999751 0.001685857 -0.9746991 0.1699022 0.1452413 -0.9897454 0.05191826 0.1330738 -0.9792873 0.1653022 0.1169258 0.9858887 -0.1304053 -0.1049667 0.9864666 -0.09576159 -0.1330921 -0.003119587 -0.9996817 -0.02503681 -0.01730614 -0.9987003 -0.04794204 -0.01371216 -0.9998438 -0.01115 0.00162661 0.9999538 0.009486556 0.003053843 0.9997063 0.02404391 -0.992902 0.03485673 0.1137136 -0.9899594 0.06502914 0.1255054 -0.985934 -0.1056616 0.1294993 0.9912685 0.07058769 -0.1113749 0.9834034 -0.1413614 -0.1137309 -0.009835779 -0.9987218 -0.04957932 -0.007975041 -0.9988568 -0.04713428 -0.00647068 -0.9994728 -0.03181576 0.01947486 0.9995093 0.02453231 0.02124053 0.9988644 0.04264694 -0.9918828 4.83473e-4 0.1271552 -0.9924113 0.01039898 0.1225229 -0.9952791 0.006411254 0.09684264 0.9938135 0.02777677 -0.1075337 0.9894921 0.0693258 -0.1268841 -0.02887272 -0.9987119 -0.04172635 0.001221001 -0.9985356 -0.05408507 -0.02390128 -0.999382 -0.02577906 -0.02530443 0.9995573 0.01565057 0.03978729 0.997868 0.05173522 -0.9895865 0.07853358 0.1206281 -0.9911776 0.02508974 0.1301448 -0.9942213 0.01852101 0.10574 0.9927819 -0.064085 -0.1013764 0.9909088 -0.06081271 -0.1200072 -0.002874672 -0.9991619 -0.04083168 0.01790446 -0.9979124 -0.06205117 -0.008496522 -0.9996573 -0.02476102 0.006067752 0.9998061 0.01873731 0.004433393 0.9979302 0.06415259 0 0 -1 0 7.77012e-7 -1 -0.2607992 -0.0465511 -0.9642702 -0.2283747 0.01946371 -0.9733788 0 7.53246e-7 -1 0 0 -1 0 0 -1 0 8.27602e-7 -1 0 -1.29874e-6 -1 -0.05561399 0.9970828 0.05227661 -0.5691088 0.7052769 0.4227289 0.9984721 0.009598255 0.05441838 -0.02131342 0.9980047 0.05943459 -0.5457147 0.1298951 0.8278422 0.9976917 -0.04119348 0.05398553 -0.03632622 0.9989618 0.02749419 0.2900818 0.3129314 0.9043929 0.9975112 -0.03794771 0.05942648 -0.01882493 0.9997696 -0.01032418 -0.5760385 -0.7385561 0.3503064 0.9969177 -0.04953801 0.06083661 0.01136636 0.999903 -0.008052408 -0.4768231 0.09005039 0.8743745 0.9984503 3.23977e-4 0.05565166 -0.002559542 0.9999765 -0.006368935 0.03586059 0.2685462 0.9625991 0.9958583 0.05151468 0.07491642 0.02713924 0.9996072 -0.007004916 -0.522495 -0.6818383 0.5119528 0.99652 0.06590068 0.05103909 0.01883172 0.9997076 -0.01516854 -0.1585679 0.008294165 0.9873133 0.9960614 0.0602079 0.06509155 0.08099788 0.9962869 -0.02918708 -0.03686583 0.03533512 0.9986954 0.9923419 -0.09026056 0.08432483 0.09814023 0.9943245 -0.04107874 -0.7711843 -0.407274 0.489288 0.9971227 -0.04985064 0.05710679 0.03749006 0.9986308 -0.03648376 -0.3984065 0.1273815 0.9083206 0.9984099 -0.01514357 0.05429959 -0.9966999 -0.06051188 -0.05410945 -0.9969992 -0.02830678 -0.07205188 -0.9951581 -0.001551985 -0.09827572 0.9966583 0.007369518 0.08135211 0.9943746 -0.08870661 0.05788123 -0.1089568 -0.9937433 0.02455198 -0.1298679 -0.990408 0.04718589 -0.1152717 -0.9933312 0.002386033 0.07278388 0.9973327 -0.005496144 0.09740644 0.9929387 -0.06771105 -0.9927781 0.1017428 -0.0635612 -0.9884513 0.1322957 -0.073906 -0.9870186 0.1407838 -0.07729333 0.991932 -0.109238 0.06432753 0.9947703 -0.04878425 0.08973497 -0.1011692 -0.9942225 0.03586924 -0.1097888 -0.9930967 0.04129683 -0.08094835 -0.9966586 0.01091563 0.1202794 0.9927157 0.006973922 0.09652125 0.9941573 -0.04832404 -0.9978035 0.02665287 -0.06064468 -0.9957578 0.0493918 -0.07763314 -0.9744611 0.2033542 -0.09525126 0.9895046 -0.1292933 0.06452929 0.9938553 -0.08758646 0.06767815 -0.04550319 -0.9988009 0.01806622 -0.04950088 -0.998367 0.02851402 -0.004247486 -0.9998727 0.01538413 0.07080376 0.9974257 -0.01135098 0.1047905 0.9935948 -0.04229062 -0.9961351 -0.06465929 -0.05944937 -0.9979699 -0.01884269 -0.06083661 -0.9962794 0.006128847 -0.08596563 0.9941785 0.08195227 0.06994968 0.9976676 -0.01419329 0.0667693 -0.008543252 -0.9999424 0.006511032 0.01239603 -0.999816 0.0146377 -0.00295335 -0.9999421 -0.01035016 0.01207053 0.9998701 -0.01068919 0.07172405 0.9970583 -0.02702891 -0.9954992 -0.07604968 -0.05654931 -0.9965773 -0.05509597 -0.06163084 -0.9960557 -0.04276806 -0.07774382 0.98931 0.132254 0.06143784 0.9849652 0.1617296 0.06072127 -0.006842851 -0.9999312 0.009530425 0.01328223 -0.9998819 0.00774759 0.008593916 -0.9999632 1.56623e-4 0.001071155 0.9999936 0.003431379 0.02382063 0.9997118 0.002999186 -0.9907677 -0.1170574 -0.06838941 -0.9943226 -0.08997273 -0.05681121 -0.9935147 -0.07615768 -0.08443212 0.9968746 0.05728721 0.05439913 0.9964593 0.04542982 0.07074773 0.02021819 -0.9997949 -0.001207113 -0.008466601 -0.9999047 0.01091283 -0.01535898 -0.9998599 -0.006661593 -0.02756816 0.9995477 -0.01202082 8.22482e-4 0.9999989 0.001345336 -0.9964438 0.04452502 -0.07153558 -0.9964237 0.04904007 -0.06881147 -0.9976052 -0.04417181 -0.05322468 -0.9938883 0.07976943 -0.07630962 0.9979413 0.01882445 0.061311 0.9929974 0.1022126 0.05923533 -0.008978545 -0.9999472 0.005005121 -0.006773591 -0.999746 -0.02149564 -0.004866838 -0.999986 -0.002094268 -0.004106938 0.9999753 -0.005701601 0.005561947 0.9999805 0.002835094 -0.9857694 0.1639522 -0.03712594 -0.9973973 0.05065757 -0.05130702 -0.9844632 0.1627544 -0.06590342 0.9895049 -0.1302036 0.06266587 0.9942739 -0.09410256 0.05063724 0.01839441 -0.999536 -0.02427881 0.01628994 -0.9986394 -0.04954093 -0.006009459 -0.9998791 -0.01433956 -0.005489706 0.9999416 0.009313285 -0.01063841 0.999671 0.02334177 -0.9969827 0.03255707 -0.07046663 -0.9963478 0.06214147 -0.0585637 -0.9936351 -0.09830951 -0.05499649 0.9960494 0.06787121 0.05726313 0.9887277 -0.1333127 0.06815677 0.03007417 -0.9981456 -0.05292427 0.0358268 -0.9980147 -0.05179953 -0.01521372 -0.9991509 -0.03829216 0.01755565 0.9994125 0.02943587 -0.01159644 0.9989011 0.0454114 -0.9983556 4.56541e-4 -0.05732446 -0.9980398 0.009787082 -0.06181287 -0.9969094 0.005834341 -0.07834297 0.9977887 0.02604722 0.06114977 0.9962828 0.06402039 0.05763781 0.003085315 -0.9986265 -0.05230182 0.04816806 -0.99712 -0.05858039 -0.009218215 -0.9990603 -0.04235047 -0.03721392 0.9991613 0.01708227 -0.007862627 0.9979965 0.06277978 -0.9951544 0.07579344 -0.06263613 -0.9982403 0.02414876 -0.05415928 -0.9975371 0.01226836 -0.06906026 0.996949 -0.0596891 0.05029898 0.9963219 -0.05760169 0.06344175 0.0452314 -0.998025 -0.04359179 0.05870497 -0.9962088 -0.06420153 0.005968868 -0.999213 -0.03921419 -0.01023983 0.9994632 0.03112322 -0.04782021 0.9964164 0.06976914 0 7.63174e-7 -1 0 0 -1 -4.87127e-7 -1.03899e-6 -1 0 7.53595e-7 -1 0 0 -1 0 0 -1 -4.86425e-7 0 -1 -5.03462e-7 0 -1 -0.9976814 0.0523464 -0.04349285 -0.02318865 0.6839728 0.7291389 -0.01136648 0.9991325 -0.04006481 -0.9905477 0.0954588 -0.09850329 -0.03356564 0.386565 0.9216512 0.01250886 0.9990208 -0.04244142 -0.9923066 0.01855969 -0.1224066 0.2176429 -0.225533 0.9496139 -0.005449414 0.9983154 -0.05776417 -0.9934895 0.0602324 -0.09669953 -0.06116771 0.3175162 0.946278 -0.001653909 0.9981234 -0.06121331 -0.02317702 -0.998554 0.04850649 -0.03522366 -0.9983583 0.04516685 -0.04162538 -0.9984025 0.03820943 0.0100153 0.998968 -0.0443024 0.02340728 0.9981535 -0.05605089 0.9925046 -0.09015923 0.08249777 0.9754227 -0.1288531 0.1787387 0.9874027 -0.1435269 0.06660389 -0.9877886 0.1436483 -0.06032413 -0.9926284 0.002224922 -0.1211772 -0.03063833 -0.9978994 0.05707973 -0.03646814 -0.9981144 0.04937589 -0.04403936 -0.9980854 0.04342961 0.02204376 0.9981096 -0.05737054 0.01187425 0.9989281 -0.04474031 0.992744 0.002796888 0.1202142 0.9844142 0.01365977 0.1753346 0.9984479 -0.02579247 -0.04936248 -0.9974959 -0.06202304 -0.03398942 -0.9845694 0.007674813 -0.174826 0.0161916 -0.9979104 0.06255084 0.01824927 -0.9984854 0.05190408 -0.0159803 -0.9991012 0.03926235 0.02992951 0.9982807 -0.05039775 0.009939014 0.9978736 -0.06441897 0.9921941 0.1157838 -0.04631745 0.9945813 0.01722478 0.1025258 0.4896696 0.8561433 -0.1650528 -0.9975137 0.008074462 0.0700103 -0.9779461 -0.1179245 -0.1723814 0.05408024 -0.9969854 0.05563718 0.05187445 -0.9968382 0.06018847 0.04705113 -0.9982285 0.03641396 -0.03550803 0.9983947 -0.04412984 -0.006052494 0.9987305 -0.05000728 0.9936492 -0.05878835 -0.09594452 0.9919096 -0.06221163 -0.1106584 0.9914376 0.06895339 -0.1108915 -0.984409 0.1730812 -0.03133368 -0.9782735 -0.07539469 0.1931235 0 -1.00988e-6 -1 0 -1.03561e-6 -1 0 -1.05622e-6 -1 -3.05805e-7 -1.15274e-6 -1 0.9970868 -0.06255805 -0.04364061 0.005588889 -0.6563755 0.7544138 0.01133275 -0.9988058 -0.04752528 0.9866218 -0.1300398 -0.09832125 0.03036272 -0.3459957 0.9377447 0.007407605 -0.999244 -0.03816443 0.9917159 -0.03964328 -0.1221807 -0.2131395 0.3838639 0.8984544 0.01261264 -0.9987321 -0.04873502 0.9923532 -0.07718974 -0.09631633 0.07024908 -0.2009667 0.9770761 -0.006389915 -0.9987032 -0.05051022 -0.00578171 0.9990734 0.04264962 0.005518615 0.9987891 0.04888761 0.011765 0.9988918 0.04557174 -0.007516026 -0.9988614 -0.04711198 -0.02152532 -0.9982689 -0.05473411 -0.9789487 0.185935 0.08418905 -0.9683278 0.1748774 0.1782116 -0.9485407 0.3083236 0.07216042 0.9650129 -0.2542352 -0.06414598 0.9924439 -0.0201165 -0.1210392 0.01090717 0.9986605 0.05058187 0.01768356 0.9985262 0.05130994 0.02801758 0.9983541 0.05004036 -0.01410293 -0.9982783 -0.05693507 -0.002560198 -0.9989692 -0.04532074 -0.9926671 0.01370084 0.1201016 -0.9845151 0.008267641 0.1751049 -0.998057 0.03984171 -0.0479058 0.9451666 -0.3225741 -0.05105102 0.9840335 -0.03428018 -0.1746512 -0.004580199 0.998611 0.05249059 -2.89228e-4 0.998606 0.05278313 0.02539634 0.9984254 0.05001717 -0.02421939 -0.9982045 -0.05478549 -0.001322567 -0.9978278 -0.06586378 -0.9902328 -0.1314804 -0.04638838 -0.9947327 -0.004909098 0.1023867 -0.4338719 -0.8874805 -0.1553499 0.9974335 0.01300048 0.07040911 0.9780213 0.1193382 -0.1709758 -0.0192815 0.9983993 0.0531724 -0.01397842 0.9980939 0.0601111 -0.01062154 0.9987984 0.04784458 0.02301257 -0.9984244 -0.05117827 0.00139743 -0.9983227 -0.05787938 -0.994355 0.04520094 -0.09599435 -0.9927362 0.04655629 -0.1109392 -0.9942262 -1.76217e-4 -0.1073049 0.9996715 -0.002173423 -0.02554082 0.9749936 0.1108229 0.1926287 0.001251161 -0.144223 -0.9895445 0.001483678 -0.1448033 -0.9894594 6.3475e-4 -0.1460837 -0.9892721 -0.001189768 -0.1471384 -0.9891152 -0.029639 0.1117765 0.9932913 0.01569163 -0.002443194 0.999874 0.004968225 -0.05816137 0.9982948</float_array>
          <technique_common>
            <accessor source="#Cube_024-mesh-normals-array" count="902" stride="3">
              <param name="X" type="float"/>
              <param name="Y" type="float"/>
              <param name="Z" type="float"/>
            </accessor>
          </technique_common>
        </source>
        <source id="Cube_024-mesh-map-0">
          <float_array id="Cube_024-mesh-map-0-array" count="5532">0.625 0 0.375 0.25 0.375 0 0.625 0.25 0.375 0.5 0.375 0.25 0.625 0.5 0.375 0.75 0.375 0.5 0.625 0.75 0.375 1 0.375 0.75 0.375 0.5 0.125 0.75 0.125 0.5 0.625 0.25 0.625 0.5 0.625 0.5 0.625 0.5 0.625 0.75 0.625 0.75 0.625 0.5 0.625 0.75 0.625 0.75 0.625 0 0.625 0.25 0.625 0.25 0.625 0.75 0.625 1 0.625 1 0.875 0.5 0.625 0.75 0.625 0.5 0.625 0 0.625 0.25 0.625 0.25 0.625 0.75 0.625 1 0.625 1 0.625 0.25 0.625 0.5 0.625 0.5 0.375 0.4642857 0.625 0.5 0.375 0.5 0.375 0.5 0.625 0.75 0.375 0.75 0.375 0.5 0.3392857 0.75 0.3392857 0.5 0.375 0.4642857 0.625 0.5 0.375 0.5 0.625 0.5 0.375 0.75 0.375 0.5 0.3392857 0.5 0.375 0.75 0.3392857 0.75 0.625 0.4642857 0.375 0.5 0.375 0.4642857 0.625 0.5 0.375 0.75 0.375 0.5 0.375 0.5 0.3392857 0.75 0.3392857 0.5 0.625 0.4642857 0.375 0.5 0.375 0.4642857 0.625 0.5 0.375 0.75 0.375 0.5 0.375 0.5 0.3392857 0.75 0.3392857 0.5 0.375 0.4642857 0.625 0.5 0.375 0.5 0.625 0.5 0.375 0.75 0.375 0.5 0.3392857 0.5 0.375 0.75 0.3392857 0.75 0.625 0.4642857 0.375 0.5 0.375 0.4642857 0.375 0.5 0.625 0.75 0.375 0.75 0.3392857 0.5 0.375 0.75 0.3392857 0.75 0.625 0.4642857 0.375 0.5 0.375 0.4642857 0.625 0.5 0.375 0.75 0.375 0.5 0.3392857 0.5 0.375 0.75 0.3392857 0.75 0.625 0.4642857 0.375 0.5 0.375 0.4642857 0.375 0.5 0.625 0.75 0.375 0.75 0.375 0.5 0.3392857 0.75 0.3392857 0.5 0.625 0.4642857 0.375 0.5 0.375 0.4642857 0.625 0.5 0.375 0.75 0.375 0.5 0.3392857 0.5 0.375 0.75 0.3392857 0.75 0.375 0.4642857 0.625 0.5 0.375 0.5 0.625 0.5 0.375 0.75 0.375 0.5 0.375 0.5 0.3392857 0.75 0.3392857 0.5 0.375 0.4642857 0.625 0.5 0.375 0.5 0.625 0.5 0.375 0.75 0.375 0.5 0.375 0.5 0.3392857 0.75 0.3392857 0.5 0.625 0.5 0.6607143 0.75 0.625 0.75 0.6964286 0.5 0.6607143 0.75 0.6607143 0.5 0.6964286 0.5 0.7321429 0.75 0.6964285 0.75 0.2678571 0.5 0.3035714 0.75 0.2678571 0.75 0.3035714 0.5 0.3392857 0.75 0.3035714 0.75 0.625 0.75 0.375 0.7857143 0.375 0.75 0.625 0.7857143 0.375 0.8214286 0.375 0.7857143 0.625 0.8214285 0.375 0.8571429 0.375 0.8214286 0.375 0.3928571 0.625 0.4285714 0.375 0.4285714 0.375 0.4285714 0.625 0.4642857 0.375 0.4642857 0.6607143 0.5 0.625 0.75 0.625 0.5 0.6964286 0.5 0.6607143 0.75 0.6607143 0.5 0.6964286 0.5 0.7321429 0.75 0.6964285 0.75 0.3035714 0.5 0.2678571 0.75 0.2678571 0.5 0.3035714 0.5 0.3392857 0.75 0.3035714 0.75 0.625 0.75 0.375 0.7857143 0.375 0.75 0.625 0.7857143 0.375 0.8214286 0.375 0.7857143 0.625 0.8214285 0.375 0.8571429 0.375 0.8214286 0.375 0.3928571 0.625 0.4285714 0.375 0.4285714 0.375 0.4285714 0.625 0.4642857 0.375 0.4642857 0.625 0.5 0.6607143 0.75 0.625 0.75 0.6607143 0.5 0.6964285 0.75 0.6607143 0.75 0.6964286 0.5 0.7321429 0.75 0.6964285 0.75 0.3035714 0.5 0.2678571 0.75 0.2678571 0.5 0.3392857 0.5 0.3035714 0.75 0.3035714 0.5 0.375 0.75 0.625 0.7857143 0.375 0.7857143 0.625 0.7857143 0.375 0.8214286 0.375 0.7857143 0.625 0.8214285 0.375 0.8571429 0.375 0.8214286 0.375 0.3928571 0.625 0.4285714 0.375 0.4285714 0.375 0.4285714 0.625 0.4642857 0.375 0.4642857 0.625 0.5 0.6607143 0.75 0.625 0.75 0.6607143 0.5 0.6964285 0.75 0.6607143 0.75 0.6964286 0.5 0.7321429 0.75 0.6964285 0.75 0.3035714 0.5 0.2678571 0.75 0.2678571 0.5 0.3392857 0.5 0.3035714 0.75 0.3035714 0.5 0.625 0.75 0.375 0.7857143 0.375 0.75 0.625 0.7857143 0.375 0.8214286 0.375 0.7857143 0.625 0.8214285 0.375 0.8571429 0.375 0.8214286 0.375 0.3928571 0.625 0.4285714 0.375 0.4285714 0.375 0.4285714 0.625 0.4642857 0.375 0.4642857 0.6607143 0.5 0.625 0.75 0.625 0.5 0.6607143 0.5 0.6964285 0.75 0.6607143 0.75 0.6964286 0.5 0.7321429 0.75 0.6964285 0.75 0.3035714 0.5 0.2678571 0.75 0.2678571 0.5 0.3392857 0.5 0.3035714 0.75 0.3035714 0.5 0.625 0.75 0.375 0.7857143 0.375 0.75 0.625 0.7857143 0.375 0.8214286 0.375 0.7857143 0.625 0.8214285 0.375 0.8571429 0.375 0.8214286 0.375 0.3928571 0.625 0.4285714 0.375 0.4285714 0.375 0.4285714 0.625 0.4642857 0.375 0.4642857 0.625 0.5 0.6607143 0.75 0.625 0.75 0.6607143 0.5 0.6964285 0.75 0.6607143 0.75 0.6964286 0.5 0.7321429 0.75 0.6964285 0.75 0.3035714 0.5 0.2678571 0.75 0.2678571 0.5 0.3392857 0.5 0.3035714 0.75 0.3035714 0.5 0.375 0.75 0.625 0.7857143 0.375 0.7857143 0.625 0.7857143 0.375 0.8214286 0.375 0.7857143 0.625 0.8214285 0.375 0.8571429 0.375 0.8214286 0.375 0.3928571 0.625 0.4285714 0.375 0.4285714 0.375 0.4285714 0.625 0.4642857 0.375 0.4642857 0.625 0.5 0.6607143 0.75 0.625 0.75 0.6607143 0.5 0.6964285 0.75 0.6607143 0.75 0.6964286 0.5 0.7321429 0.75 0.6964285 0.75 0.3035714 0.5 0.2678571 0.75 0.2678571 0.5 0.3392857 0.5 0.3035714 0.75 0.3035714 0.5 0.625 0.75 0.375 0.7857143 0.375 0.75 0.625 0.7857143 0.375 0.8214286 0.375 0.7857143 0.375 0.8214286 0.625 0.8571428 0.375 0.8571429 0.375 0.3928571 0.625 0.4285714 0.375 0.4285714 0.375 0.4285714 0.625 0.4642857 0.375 0.4642857 0.6607143 0.5 0.625 0.75 0.625 0.5 0.6607143 0.5 0.6964285 0.75 0.6607143 0.75 0.6964286 0.5 0.7321429 0.75 0.6964285 0.75 0.3035714 0.5 0.2678571 0.75 0.2678571 0.5 0.3392857 0.5 0.3035714 0.75 0.3035714 0.5 0.625 0.75 0.375 0.7857143 0.375 0.75 0.625 0.7857143 0.375 0.8214286 0.375 0.7857143 0.375 0.8214286 0.625 0.8571428 0.375 0.8571429 0.625 0.3928571 0.375 0.4285714 0.375 0.3928571 0.375 0.4285714 0.625 0.4642857 0.375 0.4642857 0.625 0.5 0.6607143 0.75 0.625 0.75 0.6607143 0.5 0.6964285 0.75 0.6607143 0.75 0.6964286 0.5 0.7321429 0.75 0.6964285 0.75 0.3035714 0.5 0.2678571 0.75 0.2678571 0.5 0.3392857 0.5 0.3035714 0.75 0.3035714 0.5 0.375 0.75 0.625 0.7857143 0.375 0.7857143 0.625 0.7857143 0.375 0.8214286 0.375 0.7857143 0.375 0.8214286 0.625 0.8571428 0.375 0.8571429 0.625 0.3928571 0.375 0.4285714 0.375 0.3928571 0.375 0.4285714 0.625 0.4642857 0.375 0.4642857 0.625 0.5 0.6607143 0.75 0.625 0.75 0.6607143 0.5 0.6964285 0.75 0.6607143 0.75 0.6964286 0.5 0.7321429 0.75 0.6964285 0.75 0.3035714 0.5 0.2678571 0.75 0.2678571 0.5 0.3392857 0.5 0.3035714 0.75 0.3035714 0.5 0.625 0.75 0.375 0.7857143 0.375 0.75 0.625 0.7857143 0.375 0.8214286 0.375 0.7857143 0.625 0.8214285 0.375 0.8571429 0.375 0.8214286 0.375 0.3928571 0.625 0.4285714 0.375 0.4285714 0.375 0.4285714 0.625 0.4642857 0.375 0.4642857 0.625 0.5 0.6607143 0.75 0.625 0.75 0.6607143 0.5 0.6964285 0.75 0.6607143 0.75 0.6964286 0.5 0.7321429 0.75 0.6964285 0.75 0.3035714 0.5 0.2678571 0.75 0.2678571 0.5 0.3392857 0.5 0.3035714 0.75 0.3035714 0.5 0.375 0.75 0.625 0.7857143 0.375 0.7857143 0.625 0.7857143 0.375 0.8214286 0.375 0.7857143 0.625 0.8214285 0.375 0.8571429 0.375 0.8214286 0.375 0.3928571 0.625 0.4285714 0.375 0.4285714 0.375 0.4285714 0.625 0.4642857 0.375 0.4642857 0.625 0.8571428 0.2678571 0.5 0.375 0.8571429 0.625 0.3928571 0.375 0.8571429 0.625 0.8571428 0.625 0.8571428 0.2678571 0.5 0.375 0.8571429 0.625 0.3928571 0.375 0.8571429 0.625 0.8571428 0.625 0.3928571 0.375 0.8571429 0.625 0.8571428 0.625 0.8571428 0.2678571 0.5 0.375 0.8571429 0.625 0.8571428 0.2678571 0.5 0.375 0.8571429 0.625 0.8571428 0.2678571 0.5 0.375 0.8571429 0.625 0.3928571 0.375 0.8571429 0.625 0.8571428 0.625 0.3928571 0.375 0.8571429 0.625 0.8571428 0.625 0.3928571 0.375 0.8571429 0.625 0.8571428 0.375 0.4642857 0.625 0.5 0.375 0.5 0.375 0.5 0.625 0.75 0.375 0.75 0.375 0.5 0.3392857 0.75 0.3392857 0.5 0.375 0.4642857 0.625 0.5 0.375 0.5 0.625 0.5 0.375 0.75 0.375 0.5 0.3392857 0.5 0.375 0.75 0.3392857 0.75 0.375 0.4642857 0.625 0.5 0.375 0.5 0.625 0.5 0.375 0.75 0.375 0.5 0.375 0.5 0.3392857 0.75 0.3392857 0.5 0.375 0.4642857 0.625 0.5 0.375 0.5 0.625 0.5 0.375 0.75 0.375 0.5 0.375 0.5 0.3392857 0.75 0.3392857 0.5 0.375 0.4642857 0.625 0.5 0.375 0.5 0.625 0.5 0.375 0.75 0.375 0.5 0.3392857 0.5 0.375 0.75 0.3392857 0.75 0.375 0.4642857 0.625 0.5 0.375 0.5 0.375 0.5 0.625 0.75 0.375 0.75 0.3392857 0.5 0.375 0.75 0.3392857 0.75 0.375 0.4642857 0.625 0.5 0.375 0.5 0.625 0.5 0.375 0.75 0.375 0.5 0.3392857 0.5 0.375 0.75 0.3392857 0.75 0.375 0.4642857 0.625 0.5 0.375 0.5 0.375 0.5 0.625 0.75 0.375 0.75 0.375 0.5 0.3392857 0.75 0.3392857 0.5 0.375 0.4642857 0.625 0.5 0.375 0.5 0.375 0.5 0.625 0.75 0.375 0.75 0.3392857 0.5 0.375 0.75 0.3392857 0.75 0.375 0.4642857 0.625 0.5 0.375 0.5 0.625 0.5 0.375 0.75 0.375 0.5 0.375 0.5 0.3392857 0.75 0.3392857 0.5 0.375 0.4642857 0.625 0.5 0.375 0.5 0.375 0.5 0.625 0.75 0.375 0.75 0.375 0.5 0.3392857 0.75 0.3392857 0.5 0.625 0.5 0.6607143 0.75 0.625 0.75 0.6964286 0.5 0.6607143 0.75 0.6607143 0.5 0.6964286 0.5 0.7321429 0.75 0.6964285 0.75 0.2678571 0.5 0.3035714 0.75 0.2678571 0.75 0.3035714 0.5 0.3392857 0.75 0.3035714 0.75 0.625 0.75 0.375 0.7857143 0.375 0.75 0.625 0.7857143 0.375 0.8214286 0.375 0.7857143 0.625 0.8214285 0.375 0.8571429 0.375 0.8214286 0.375 0.3928571 0.625 0.4285714 0.375 0.4285714 0.375 0.4285714 0.625 0.4642857 0.375 0.4642857 0.6607143 0.5 0.625 0.75 0.625 0.5 0.6964286 0.5 0.6607143 0.75 0.6607143 0.5 0.7321429 0.5 0.6964285 0.75 0.6964286 0.5 0.2678571 0.5 0.3035714 0.75 0.2678571 0.75 0.3035714 0.5 0.3392857 0.75 0.3035714 0.75 0.625 0.75 0.375 0.7857143 0.375 0.75 0.625 0.7857143 0.375 0.8214286 0.375 0.7857143 0.625 0.8214285 0.375 0.8571429 0.375 0.8214286 0.375 0.3928571 0.625 0.4285714 0.375 0.4285714 0.375 0.4285714 0.625 0.4642857 0.375 0.4642857 0.625 0.5 0.6607143 0.75 0.625 0.75 0.6964286 0.5 0.6607143 0.75 0.6607143 0.5 0.6964286 0.5 0.7321429 0.75 0.6964285 0.75 0.3035714 0.5 0.2678571 0.75 0.2678571 0.5 0.3035714 0.5 0.3392857 0.75 0.3035714 0.75 0.625 0.75 0.375 0.7857143 0.375 0.75 0.625 0.7857143 0.375 0.8214286 0.375 0.7857143 0.625 0.8214285 0.375 0.8571429 0.375 0.8214286 0.375 0.3928571 0.625 0.4285714 0.375 0.4285714 0.375 0.4285714 0.625 0.4642857 0.375 0.4642857 0.625 0.5 0.6607143 0.75 0.625 0.75 0.6607143 0.5 0.6964285 0.75 0.6607143 0.75 0.6964286 0.5 0.7321429 0.75 0.6964285 0.75 0.3035714 0.5 0.2678571 0.75 0.2678571 0.5 0.3392857 0.5 0.3035714 0.75 0.3035714 0.5 0.625 0.75 0.375 0.7857143 0.375 0.75 0.625 0.7857143 0.375 0.8214286 0.375 0.7857143 0.625 0.8214285 0.375 0.8571429 0.375 0.8214286 0.375 0.3928571 0.625 0.4285714 0.375 0.4285714 0.375 0.4285714 0.625 0.4642857 0.375 0.4642857 0.6607143 0.5 0.625 0.75 0.625 0.5 0.6607143 0.5 0.6964285 0.75 0.6607143 0.75 0.6964286 0.5 0.7321429 0.75 0.6964285 0.75 0.3035714 0.5 0.2678571 0.75 0.2678571 0.5 0.3392857 0.5 0.3035714 0.75 0.3035714 0.5 0.625 0.75 0.375 0.7857143 0.375 0.75 0.625 0.7857143 0.375 0.8214286 0.375 0.7857143 0.625 0.8214285 0.375 0.8571429 0.375 0.8214286 0.375 0.3928571 0.625 0.4285714 0.375 0.4285714 0.375 0.4285714 0.625 0.4642857 0.375 0.4642857 0.625 0.5 0.6607143 0.75 0.625 0.75 0.6607143 0.5 0.6964285 0.75 0.6607143 0.75 0.6964286 0.5 0.7321429 0.75 0.6964285 0.75 0.3035714 0.5 0.2678571 0.75 0.2678571 0.5 0.3392857 0.5 0.3035714 0.75 0.3035714 0.5 0.375 0.75 0.625 0.7857143 0.375 0.7857143 0.625 0.7857143 0.375 0.8214286 0.375 0.7857143 0.625 0.8214285 0.375 0.8571429 0.375 0.8214286 0.375 0.3928571 0.625 0.4285714 0.375 0.4285714 0.375 0.4285714 0.625 0.4642857 0.375 0.4642857 0.625 0.5 0.6607143 0.75 0.625 0.75 0.6607143 0.5 0.6964285 0.75 0.6607143 0.75 0.6964286 0.5 0.7321429 0.75 0.6964285 0.75 0.3035714 0.5 0.2678571 0.75 0.2678571 0.5 0.3392857 0.5 0.3035714 0.75 0.3035714 0.5 0.625 0.75 0.375 0.7857143 0.375 0.75 0.625 0.7857143 0.375 0.8214286 0.375 0.7857143 0.625 0.8214285 0.375 0.8571429 0.375 0.8214286 0.375 0.3928571 0.625 0.4285714 0.375 0.4285714 0.375 0.4285714 0.625 0.4642857 0.375 0.4642857 0.6607143 0.5 0.625 0.75 0.625 0.5 0.6607143 0.5 0.6964285 0.75 0.6607143 0.75 0.6964286 0.5 0.7321429 0.75 0.6964285 0.75 0.3035714 0.5 0.2678571 0.75 0.2678571 0.5 0.3392857 0.5 0.3035714 0.75 0.3035714 0.5 0.625 0.75 0.375 0.7857143 0.375 0.75 0.625 0.7857143 0.375 0.8214286 0.375 0.7857143 0.625 0.8214285 0.375 0.8571429 0.375 0.8214286 0.375 0.3928571 0.625 0.4285714 0.375 0.4285714 0.375 0.4285714 0.625 0.4642857 0.375 0.4642857 0.625 0.5 0.6607143 0.75 0.625 0.75 0.6607143 0.5 0.6964285 0.75 0.6607143 0.75 0.6964286 0.5 0.7321429 0.75 0.6964285 0.75 0.3035714 0.5 0.2678571 0.75 0.2678571 0.5 0.3392857 0.5 0.3035714 0.75 0.3035714 0.5 0.375 0.75 0.625 0.7857143 0.375 0.7857143 0.625 0.7857143 0.375 0.8214286 0.375 0.7857143 0.625 0.8214285 0.375 0.8571429 0.375 0.8214286 0.375 0.3928571 0.625 0.4285714 0.375 0.4285714 0.375 0.4285714 0.625 0.4642857 0.375 0.4642857 0.625 0.5 0.6607143 0.75 0.625 0.75 0.6607143 0.5 0.6964285 0.75 0.6607143 0.75 0.6964286 0.5 0.7321429 0.75 0.6964285 0.75 0.3035714 0.5 0.2678571 0.75 0.2678571 0.5 0.3392857 0.5 0.3035714 0.75 0.3035714 0.5 0.625 0.75 0.375 0.7857143 0.375 0.75 0.625 0.7857143 0.375 0.8214286 0.375 0.7857143 0.625 0.8214285 0.375 0.8571429 0.375 0.8214286 0.375 0.3928571 0.625 0.4285714 0.375 0.4285714 0.375 0.4285714 0.625 0.4642857 0.375 0.4642857 0.625 0.5 0.6607143 0.75 0.625 0.75 0.6607143 0.5 0.6964285 0.75 0.6607143 0.75 0.6964286 0.5 0.7321429 0.75 0.6964285 0.75 0.2678571 0.5 0.3035714 0.75 0.2678571 0.75 0.3392857 0.5 0.3035714 0.75 0.3035714 0.5 0.625 0.75 0.375 0.7857143 0.375 0.75 0.625 0.7857143 0.375 0.8214286 0.375 0.7857143 0.625 0.8214285 0.375 0.8571429 0.375 0.8214286 0.375 0.3928571 0.625 0.4285714 0.375 0.4285714 0.375 0.4285714 0.625 0.4642857 0.375 0.4642857 0.625 0.3928571 0.375 0.8571429 0.625 0.8571428 0.625 0.3928571 0.375 0.8571429 0.625 0.8571428 0.625 0.8571428 0.2678571 0.5 0.375 0.8571429 0.625 0.3928571 0.375 0.8571429 0.625 0.8571428 0.625 0.3928571 0.375 0.8571429 0.625 0.8571428 0.625 0.8571428 0.2678571 0.5 0.375 0.8571429 0.625 0.8571428 0.2678571 0.5 0.375 0.8571429 0.625 0.8571428 0.2678571 0.5 0.375 0.8571429 0.625 0.3928571 0.375 0.8571429 0.625 0.8571428 0.625 0.8571428 0.2678571 0.5 0.375 0.8571429 0.625 0.8571428 0.2678571 0.5 0.375 0.8571429 0.625 0.4642857 0.375 0.5 0.375 0.4642857 0.375 0.5 0.625 0.75 0.375 0.75 0.375 0.5 0.3392857 0.75 0.3392857 0.5 0.625 0.4642857 0.375 0.5 0.375 0.4642857 0.375 0.5 0.625 0.75 0.375 0.75 0.3392857 0.5 0.375 0.75 0.3392857 0.75 0.375 0.4642857 0.625 0.5 0.375 0.5 0.375 0.5 0.625 0.75 0.375 0.75 0.3392857 0.5 0.375 0.75 0.3392857 0.75 0.625 0.4642857 0.375 0.5 0.375 0.4642857 0.375 0.5 0.625 0.75 0.375 0.75 0.375 0.5 0.3392857 0.75 0.3392857 0.5 0.6607143 0.5 0.625 0.75 0.625 0.5 0.6964286 0.5 0.6607143 0.75 0.6607143 0.5 0.7321429 0.5 0.6964285 0.75 0.6964286 0.5 0.2678571 0.5 0.3035714 0.75 0.2678571 0.75 0.3035714 0.5 0.3392857 0.75 0.3035714 0.75 0.375 0.75 0.625 0.7857143 0.375 0.7857143 0.375 0.7857143 0.625 0.8214285 0.375 0.8214286 0.375 0.8214286 0.625 0.8571428 0.375 0.8571429 0.625 0.3928571 0.375 0.4285714 0.375 0.3928571 0.625 0.4285714 0.375 0.4642857 0.375 0.4285714 0.6607143 0.5 0.625 0.75 0.625 0.5 0.6964286 0.5 0.6607143 0.75 0.6607143 0.5 0.6964286 0.5 0.7321429 0.75 0.6964285 0.75 0.2678571 0.5 0.3035714 0.75 0.2678571 0.75 0.3035714 0.5 0.3392857 0.75 0.3035714 0.75 0.625 0.75 0.375 0.7857143 0.375 0.75 0.375 0.7857143 0.625 0.8214285 0.375 0.8214286 0.375 0.8214286 0.625 0.8571428 0.375 0.8571429 0.625 0.3928571 0.375 0.4285714 0.375 0.3928571 0.625 0.4285714 0.375 0.4642857 0.375 0.4285714 0.625 0.5 0.6607143 0.75 0.625 0.75 0.6964286 0.5 0.6607143 0.75 0.6607143 0.5 0.6964286 0.5 0.7321429 0.75 0.6964285 0.75 0.3035714 0.5 0.2678571 0.75 0.2678571 0.5 0.3392857 0.5 0.3035714 0.75 0.3035714 0.5 0.375 0.75 0.625 0.7857143 0.375 0.7857143 0.375 0.7857143 0.625 0.8214285 0.375 0.8214286 0.375 0.8214286 0.625 0.8571428 0.375 0.8571429 0.625 0.3928571 0.375 0.4285714 0.375 0.3928571 0.625 0.4285714 0.375 0.4642857 0.375 0.4285714 0.625 0.5 0.6607143 0.75 0.625 0.75 0.6607143 0.5 0.6964285 0.75 0.6607143 0.75 0.6964286 0.5 0.7321429 0.75 0.6964285 0.75 0.3035714 0.5 0.2678571 0.75 0.2678571 0.5 0.3392857 0.5 0.3035714 0.75 0.3035714 0.5 0.625 0.75 0.375 0.7857143 0.375 0.75 0.375 0.7857143 0.625 0.8214285 0.375 0.8214286 0.375 0.8214286 0.625 0.8571428 0.375 0.8571429 0.625 0.3928571 0.375 0.4285714 0.375 0.3928571 0.625 0.4285714 0.375 0.4642857 0.375 0.4285714 0.625 0.8571428 0.2678571 0.5 0.375 0.8571429 0.625 0.3928571 0.375 0.8571429 0.625 0.8571428 0.625 0.8571428 0.2678571 0.5 0.375 0.8571429 0.625 0.8571428 0.2678571 0.5 0.375 0.8571429 0.625 0.4642857 0.375 0.5 0.375 0.4642857 0.375 0.5 0.625 0.75 0.375 0.75 0.375 0.5 0.3392857 0.75 0.3392857 0.5 0.625 0.4642857 0.375 0.5 0.375 0.4642857 0.375 0.5 0.625 0.75 0.375 0.75 0.3392857 0.5 0.375 0.75 0.3392857 0.75 0.375 0.4642857 0.625 0.5 0.375 0.5 0.375 0.5 0.625 0.75 0.375 0.75 0.3392857 0.5 0.375 0.75 0.3392857 0.75 0.625 0.4642857 0.375 0.5 0.375 0.4642857 0.375 0.5 0.625 0.75 0.375 0.75 0.375 0.5 0.3392857 0.75 0.3392857 0.5 0.6607143 0.5 0.625 0.75 0.625 0.5 0.6964286 0.5 0.6607143 0.75 0.6607143 0.5 0.7321429 0.5 0.6964285 0.75 0.6964286 0.5 0.2678571 0.5 0.3035714 0.75 0.2678571 0.75 0.3035714 0.5 0.3392857 0.75 0.3035714 0.75 0.625 0.75 0.375 0.7857143 0.375 0.75 0.375 0.7857143 0.625 0.8214285 0.375 0.8214286 0.625 0.8214285 0.375 0.8571429 0.375 0.8214286 0.375 0.3928571 0.625 0.4285714 0.375 0.4285714 0.625 0.4285714 0.375 0.4642857 0.375 0.4285714 0.6607143 0.5 0.625 0.75 0.625 0.5 0.6964286 0.5 0.6607143 0.75 0.6607143 0.5 0.6964286 0.5 0.7321429 0.75 0.6964285 0.75 0.2678571 0.5 0.3035714 0.75 0.2678571 0.75 0.3035714 0.5 0.3392857 0.75 0.3035714 0.75 0.625 0.75 0.375 0.7857143 0.375 0.75 0.375 0.7857143 0.625 0.8214285 0.375 0.8214286 0.625 0.8214285 0.375 0.8571429 0.375 0.8214286 0.375 0.3928571 0.625 0.4285714 0.375 0.4285714 0.625 0.4285714 0.375 0.4642857 0.375 0.4285714 0.625 0.5 0.6607143 0.75 0.625 0.75 0.6964286 0.5 0.6607143 0.75 0.6607143 0.5 0.6964286 0.5 0.7321429 0.75 0.6964285 0.75 0.3035714 0.5 0.2678571 0.75 0.2678571 0.5 0.3392857 0.5 0.3035714 0.75 0.3035714 0.5 0.375 0.75 0.625 0.7857143 0.375 0.7857143 0.375 0.7857143 0.625 0.8214285 0.375 0.8214286 0.375 0.8214286 0.625 0.8571428 0.375 0.8571429 0.375 0.3928571 0.625 0.4285714 0.375 0.4285714 0.625 0.4285714 0.375 0.4642857 0.375 0.4285714 0.625 0.5 0.6607143 0.75 0.625 0.75 0.6607143 0.5 0.6964285 0.75 0.6607143 0.75 0.6964286 0.5 0.7321429 0.75 0.6964285 0.75 0.3035714 0.5 0.2678571 0.75 0.2678571 0.5 0.3392857 0.5 0.3035714 0.75 0.3035714 0.5 0.625 0.75 0.375 0.7857143 0.375 0.75 0.375 0.7857143 0.625 0.8214285 0.375 0.8214286 0.625 0.8214285 0.375 0.8571429 0.375 0.8214286 0.375 0.3928571 0.625 0.4285714 0.375 0.4285714 0.625 0.4285714 0.375 0.4642857 0.375 0.4285714 0.625 0.8571428 0.2678571 0.5 0.375 0.8571429 0.625 0.3928571 0.375 0.8571429 0.625 0.8571428 0.625 0.8571428 0.2678571 0.5 0.375 0.8571429 0.625 0.8571428 0.2678571 0.5 0.375 0.8571429 0.6666666 0.8888888 1 1 0.6666666 1 1 0.2222222 0.6666666 0.3333333 0.6666666 0.2222222 0.6666666 0.5555555 1 0.6666667 0.6666666 0.6666666 0 0.5555555 0.3333333 0.6666666 0 0.6666666 0.6666666 0.5555555 0.3333333 0.6666666 0.3333333 0.5555555 0 0.3333333 0.3333333 0.4444444 0 0.4444444 0 0.4444444 0.3333333 0.5555555 0 0.5555555 0.6666666 0.3333333 0.3333333 0.4444444 0.3333333 0.3333333 0.3333333 0.4444444 0.6666666 0.5555555 0.3333333 0.5555555 1 0.3333333 0.6666666 0.4444444 0.6666666 0.3333333 1 0.4444444 0.6666666 0.5555555 0.6666666 0.4444444 0.3333333 0.2222222 0 0.3333333 0 0.2222222 0.3333333 0.2222222 0.6666666 0.3333333 0.3333333 0.3333333 0.3333333 0 0 0.1111111 0 0 0 0.1111111 0.3333333 0.2222222 0 0.2222222 0.6666667 0 0.3333333 0.1111111 0.3333333 0 0.6666666 0.1111111 0.3333333 0.2222222 0.3333333 0.1111111 0.6666667 0 1 0.1111111 0.6666666 0.1111111 0.6666666 0.1111111 1 0.2222222 0.6666666 0.2222222 0.3333333 0.8888888 0 1 0 0.8888888 0.6666666 0.8888888 0.3333333 1 0.3333333 0.8888888 0.3333333 0.6666666 0 0.7777777 0 0.6666666 0 0.7777777 0.3333333 0.8888888 0 0.8888888 0.3333333 0.6666666 0.6666666 0.7777777 0.3333333 0.7777777 0.3333333 0.7777777 0.6666666 0.8888888 0.3333333 0.8888888 1 0.6666667 0.6666666 0.7777777 0.6666666 0.6666666 0.6666666 0.7777777 1 0.8888889 0.6666666 0.8888888 0.625 0 0.625 0.25 0.375 0.25 0.625 0.25 0.625 0.5 0.375 0.5 0.625 0.5 0.625 0.75 0.375 0.75 0.625 0.75 0.625 1 0.375 1 0.375 0.5 0.375 0.75 0.125 0.75 0.625 0.25 0.625 0.25 0.625 0.5 0.625 0.5 0.625 0.5 0.625 0.75 0.625 0.5 0.625 0.5 0.625 0.75 0.625 0 0.625 0 0.625 0.25 0.625 0.75 0.625 0.75 0.625 1 0.875 0.5 0.875 0.75 0.625 0.75 0.625 0 0.625 0 0.625 0.25 0.625 0.75 0.625 0.75 0.625 1 0.625 0.25 0.625 0.25 0.625 0.5 0.375 0.4642857 0.625 0.4642857 0.625 0.5 0.375 0.5 0.625 0.5 0.625 0.75 0.375 0.5 0.375 0.75 0.3392857 0.75 0.375 0.4642857 0.625 0.4642857 0.625 0.5 0.625 0.5 0.625 0.75 0.375 0.75 0.3392857 0.5 0.375 0.5 0.375 0.75 0.625 0.4642857 0.625 0.5 0.375 0.5 0.625 0.5 0.625 0.75 0.375 0.75 0.375 0.5 0.375 0.75 0.3392857 0.75 0.625 0.4642857 0.625 0.5 0.375 0.5 0.625 0.5 0.625 0.75 0.375 0.75 0.375 0.5 0.375 0.75 0.3392857 0.75 0.375 0.4642857 0.625 0.4642857 0.625 0.5 0.625 0.5 0.625 0.75 0.375 0.75 0.3392857 0.5 0.375 0.5 0.375 0.75 0.625 0.4642857 0.625 0.5 0.375 0.5 0.375 0.5 0.625 0.5 0.625 0.75 0.3392857 0.5 0.375 0.5 0.375 0.75 0.625 0.4642857 0.625 0.5 0.375 0.5 0.625 0.5 0.625 0.75 0.375 0.75 0.3392857 0.5 0.375 0.5 0.375 0.75 0.625 0.4642857 0.625 0.5 0.375 0.5 0.375 0.5 0.625 0.5 0.625 0.75 0.375 0.5 0.375 0.75 0.3392857 0.75 0.625 0.4642857 0.625 0.5 0.375 0.5 0.625 0.5 0.625 0.75 0.375 0.75 0.3392857 0.5 0.375 0.5 0.375 0.75 0.375 0.4642857 0.625 0.4642857 0.625 0.5 0.625 0.5 0.625 0.75 0.375 0.75 0.375 0.5 0.375 0.75 0.3392857 0.75 0.375 0.4642857 0.625 0.4642857 0.625 0.5 0.625 0.5 0.625 0.75 0.375 0.75 0.375 0.5 0.375 0.75 0.3392857 0.75 0.625 0.5 0.6607143 0.5 0.6607143 0.75 0.6964286 0.5 0.6964285 0.75 0.6607143 0.75 0.6964286 0.5 0.7321429 0.5 0.7321429 0.75 0.2678571 0.5 0.3035714 0.5 0.3035714 0.75 0.3035714 0.5 0.3392857 0.5 0.3392857 0.75 0.625 0.75 0.625 0.7857143 0.375 0.7857143 0.625 0.7857143 0.625 0.8214285 0.375 0.8214286 0.625 0.8214285 0.625 0.8571428 0.375 0.8571429 0.375 0.3928571 0.625 0.3928571 0.625 0.4285714 0.375 0.4285714 0.625 0.4285714 0.625 0.4642857 0.6607143 0.5 0.6607143 0.75 0.625 0.75 0.6964286 0.5 0.6964285 0.75 0.6607143 0.75 0.6964286 0.5 0.7321429 0.5 0.7321429 0.75 0.3035714 0.5 0.3035714 0.75 0.2678571 0.75 0.3035714 0.5 0.3392857 0.5 0.3392857 0.75 0.625 0.75 0.625 0.7857143 0.375 0.7857143 0.625 0.7857143 0.625 0.8214285 0.375 0.8214286 0.625 0.8214285 0.625 0.8571428 0.375 0.8571429 0.375 0.3928571 0.625 0.3928571 0.625 0.4285714 0.375 0.4285714 0.625 0.4285714 0.625 0.4642857 0.625 0.5 0.6607143 0.5 0.6607143 0.75 0.6607143 0.5 0.6964286 0.5 0.6964285 0.75 0.6964286 0.5 0.7321429 0.5 0.7321429 0.75 0.3035714 0.5 0.3035714 0.75 0.2678571 0.75 0.3392857 0.5 0.3392857 0.75 0.3035714 0.75 0.375 0.75 0.625 0.75 0.625 0.7857143 0.625 0.7857143 0.625 0.8214285 0.375 0.8214286 0.625 0.8214285 0.625 0.8571428 0.375 0.8571429 0.375 0.3928571 0.625 0.3928571 0.625 0.4285714 0.375 0.4285714 0.625 0.4285714 0.625 0.4642857 0.625 0.5 0.6607143 0.5 0.6607143 0.75 0.6607143 0.5 0.6964286 0.5 0.6964285 0.75 0.6964286 0.5 0.7321429 0.5 0.7321429 0.75 0.3035714 0.5 0.3035714 0.75 0.2678571 0.75 0.3392857 0.5 0.3392857 0.75 0.3035714 0.75 0.625 0.75 0.625 0.7857143 0.375 0.7857143 0.625 0.7857143 0.625 0.8214285 0.375 0.8214286 0.625 0.8214285 0.625 0.8571428 0.375 0.8571429 0.375 0.3928571 0.625 0.3928571 0.625 0.4285714 0.375 0.4285714 0.625 0.4285714 0.625 0.4642857 0.6607143 0.5 0.6607143 0.75 0.625 0.75 0.6607143 0.5 0.6964286 0.5 0.6964285 0.75 0.6964286 0.5 0.7321429 0.5 0.7321429 0.75 0.3035714 0.5 0.3035714 0.75 0.2678571 0.75 0.3392857 0.5 0.3392857 0.75 0.3035714 0.75 0.625 0.75 0.625 0.7857143 0.375 0.7857143 0.625 0.7857143 0.625 0.8214285 0.375 0.8214286 0.625 0.8214285 0.625 0.8571428 0.375 0.8571429 0.375 0.3928571 0.625 0.3928571 0.625 0.4285714 0.375 0.4285714 0.625 0.4285714 0.625 0.4642857 0.625 0.5 0.6607143 0.5 0.6607143 0.75 0.6607143 0.5 0.6964286 0.5 0.6964285 0.75 0.6964286 0.5 0.7321429 0.5 0.7321429 0.75 0.3035714 0.5 0.3035714 0.75 0.2678571 0.75 0.3392857 0.5 0.3392857 0.75 0.3035714 0.75 0.375 0.75 0.625 0.75 0.625 0.7857143 0.625 0.7857143 0.625 0.8214285 0.375 0.8214286 0.625 0.8214285 0.625 0.8571428 0.375 0.8571429 0.375 0.3928571 0.625 0.3928571 0.625 0.4285714 0.375 0.4285714 0.625 0.4285714 0.625 0.4642857 0.625 0.5 0.6607143 0.5 0.6607143 0.75 0.6607143 0.5 0.6964286 0.5 0.6964285 0.75 0.6964286 0.5 0.7321429 0.5 0.7321429 0.75 0.3035714 0.5 0.3035714 0.75 0.2678571 0.75 0.3392857 0.5 0.3392857 0.75 0.3035714 0.75 0.625 0.75 0.625 0.7857143 0.375 0.7857143 0.625 0.7857143 0.625 0.8214285 0.375 0.8214286 0.375 0.8214286 0.625 0.8214285 0.625 0.8571428 0.375 0.3928571 0.625 0.3928571 0.625 0.4285714 0.375 0.4285714 0.625 0.4285714 0.625 0.4642857 0.6607143 0.5 0.6607143 0.75 0.625 0.75 0.6607143 0.5 0.6964286 0.5 0.6964285 0.75 0.6964286 0.5 0.7321429 0.5 0.7321429 0.75 0.3035714 0.5 0.3035714 0.75 0.2678571 0.75 0.3392857 0.5 0.3392857 0.75 0.3035714 0.75 0.625 0.75 0.625 0.7857143 0.375 0.7857143 0.625 0.7857143 0.625 0.8214285 0.375 0.8214286 0.375 0.8214286 0.625 0.8214285 0.625 0.8571428 0.625 0.3928571 0.625 0.4285714 0.375 0.4285714 0.375 0.4285714 0.625 0.4285714 0.625 0.4642857 0.625 0.5 0.6607143 0.5 0.6607143 0.75 0.6607143 0.5 0.6964286 0.5 0.6964285 0.75 0.6964286 0.5 0.7321429 0.5 0.7321429 0.75 0.3035714 0.5 0.3035714 0.75 0.2678571 0.75 0.3392857 0.5 0.3392857 0.75 0.3035714 0.75 0.375 0.75 0.625 0.75 0.625 0.7857143 0.625 0.7857143 0.625 0.8214285 0.375 0.8214286 0.375 0.8214286 0.625 0.8214285 0.625 0.8571428 0.625 0.3928571 0.625 0.4285714 0.375 0.4285714 0.375 0.4285714 0.625 0.4285714 0.625 0.4642857 0.625 0.5 0.6607143 0.5 0.6607143 0.75 0.6607143 0.5 0.6964286 0.5 0.6964285 0.75 0.6964286 0.5 0.7321429 0.5 0.7321429 0.75 0.3035714 0.5 0.3035714 0.75 0.2678571 0.75 0.3392857 0.5 0.3392857 0.75 0.3035714 0.75 0.625 0.75 0.625 0.7857143 0.375 0.7857143 0.625 0.7857143 0.625 0.8214285 0.375 0.8214286 0.625 0.8214285 0.625 0.8571428 0.375 0.8571429 0.375 0.3928571 0.625 0.3928571 0.625 0.4285714 0.375 0.4285714 0.625 0.4285714 0.625 0.4642857 0.625 0.5 0.6607143 0.5 0.6607143 0.75 0.6607143 0.5 0.6964286 0.5 0.6964285 0.75 0.6964286 0.5 0.7321429 0.5 0.7321429 0.75 0.3035714 0.5 0.3035714 0.75 0.2678571 0.75 0.3392857 0.5 0.3392857 0.75 0.3035714 0.75 0.375 0.75 0.625 0.75 0.625 0.7857143 0.625 0.7857143 0.625 0.8214285 0.375 0.8214286 0.625 0.8214285 0.625 0.8571428 0.375 0.8571429 0.375 0.3928571 0.625 0.3928571 0.625 0.4285714 0.375 0.4285714 0.625 0.4285714 0.625 0.4642857 0.625 0.8571428 0.625 0.3928571 0.2678571 0.5 0.625 0.3928571 0.2678571 0.5 0.375 0.8571429 0.625 0.8571428 0.625 0.3928571 0.2678571 0.5 0.625 0.3928571 0.2678571 0.5 0.375 0.8571429 0.625 0.3928571 0.2678571 0.5 0.375 0.8571429 0.625 0.8571428 0.625 0.3928571 0.2678571 0.5 0.625 0.8571428 0.625 0.3928571 0.2678571 0.5 0.625 0.8571428 0.625 0.3928571 0.2678571 0.5 0.625 0.3928571 0.2678571 0.5 0.375 0.8571429 0.625 0.3928571 0.2678571 0.5 0.375 0.8571429 0.625 0.3928571 0.2678571 0.5 0.375 0.8571429 0.375 0.4642857 0.625 0.4642857 0.625 0.5 0.375 0.5 0.625 0.5 0.625 0.75 0.375 0.5 0.375 0.75 0.3392857 0.75 0.375 0.4642857 0.625 0.4642857 0.625 0.5 0.625 0.5 0.625 0.75 0.375 0.75 0.3392857 0.5 0.375 0.5 0.375 0.75 0.375 0.4642857 0.625 0.4642857 0.625 0.5 0.625 0.5 0.625 0.75 0.375 0.75 0.375 0.5 0.375 0.75 0.3392857 0.75 0.375 0.4642857 0.625 0.4642857 0.625 0.5 0.625 0.5 0.625 0.75 0.375 0.75 0.375 0.5 0.375 0.75 0.3392857 0.75 0.375 0.4642857 0.625 0.4642857 0.625 0.5 0.625 0.5 0.625 0.75 0.375 0.75 0.3392857 0.5 0.375 0.5 0.375 0.75 0.375 0.4642857 0.625 0.4642857 0.625 0.5 0.375 0.5 0.625 0.5 0.625 0.75 0.3392857 0.5 0.375 0.5 0.375 0.75 0.375 0.4642857 0.625 0.4642857 0.625 0.5 0.625 0.5 0.625 0.75 0.375 0.75 0.3392857 0.5 0.375 0.5 0.375 0.75 0.375 0.4642857 0.625 0.4642857 0.625 0.5 0.375 0.5 0.625 0.5 0.625 0.75 0.375 0.5 0.375 0.75 0.3392857 0.75 0.375 0.4642857 0.625 0.4642857 0.625 0.5 0.375 0.5 0.625 0.5 0.625 0.75 0.3392857 0.5 0.375 0.5 0.375 0.75 0.375 0.4642857 0.625 0.4642857 0.625 0.5 0.625 0.5 0.625 0.75 0.375 0.75 0.375 0.5 0.375 0.75 0.3392857 0.75 0.375 0.4642857 0.625 0.4642857 0.625 0.5 0.375 0.5 0.625 0.5 0.625 0.75 0.375 0.5 0.375 0.75 0.3392857 0.75 0.625 0.5 0.6607143 0.5 0.6607143 0.75 0.6964286 0.5 0.6964285 0.75 0.6607143 0.75 0.6964286 0.5 0.7321429 0.5 0.7321429 0.75 0.2678571 0.5 0.3035714 0.5 0.3035714 0.75 0.3035714 0.5 0.3392857 0.5 0.3392857 0.75 0.625 0.75 0.625 0.7857143 0.375 0.7857143 0.625 0.7857143 0.625 0.8214285 0.375 0.8214286 0.625 0.8214285 0.625 0.8571428 0.375 0.8571429 0.375 0.3928571 0.625 0.3928571 0.625 0.4285714 0.375 0.4285714 0.625 0.4285714 0.625 0.4642857 0.6607143 0.5 0.6607143 0.75 0.625 0.75 0.6964286 0.5 0.6964285 0.75 0.6607143 0.75 0.7321429 0.5 0.7321429 0.75 0.6964285 0.75 0.2678571 0.5 0.3035714 0.5 0.3035714 0.75 0.3035714 0.5 0.3392857 0.5 0.3392857 0.75 0.625 0.75 0.625 0.7857143 0.375 0.7857143 0.625 0.7857143 0.625 0.8214285 0.375 0.8214286 0.625 0.8214285 0.625 0.8571428 0.375 0.8571429 0.375 0.3928571 0.625 0.3928571 0.625 0.4285714 0.375 0.4285714 0.625 0.4285714 0.625 0.4642857 0.625 0.5 0.6607143 0.5 0.6607143 0.75 0.6964286 0.5 0.6964285 0.75 0.6607143 0.75 0.6964286 0.5 0.7321429 0.5 0.7321429 0.75 0.3035714 0.5 0.3035714 0.75 0.2678571 0.75 0.3035714 0.5 0.3392857 0.5 0.3392857 0.75 0.625 0.75 0.625 0.7857143 0.375 0.7857143 0.625 0.7857143 0.625 0.8214285 0.375 0.8214286 0.625 0.8214285 0.625 0.8571428 0.375 0.8571429 0.375 0.3928571 0.625 0.3928571 0.625 0.4285714 0.375 0.4285714 0.625 0.4285714 0.625 0.4642857 0.625 0.5 0.6607143 0.5 0.6607143 0.75 0.6607143 0.5 0.6964286 0.5 0.6964285 0.75 0.6964286 0.5 0.7321429 0.5 0.7321429 0.75 0.3035714 0.5 0.3035714 0.75 0.2678571 0.75 0.3392857 0.5 0.3392857 0.75 0.3035714 0.75 0.625 0.75 0.625 0.7857143 0.375 0.7857143 0.625 0.7857143 0.625 0.8214285 0.375 0.8214286 0.625 0.8214285 0.625 0.8571428 0.375 0.8571429 0.375 0.3928571 0.625 0.3928571 0.625 0.4285714 0.375 0.4285714 0.625 0.4285714 0.625 0.4642857 0.6607143 0.5 0.6607143 0.75 0.625 0.75 0.6607143 0.5 0.6964286 0.5 0.6964285 0.75 0.6964286 0.5 0.7321429 0.5 0.7321429 0.75 0.3035714 0.5 0.3035714 0.75 0.2678571 0.75 0.3392857 0.5 0.3392857 0.75 0.3035714 0.75 0.625 0.75 0.625 0.7857143 0.375 0.7857143 0.625 0.7857143 0.625 0.8214285 0.375 0.8214286 0.625 0.8214285 0.625 0.8571428 0.375 0.8571429 0.375 0.3928571 0.625 0.3928571 0.625 0.4285714 0.375 0.4285714 0.625 0.4285714 0.625 0.4642857 0.625 0.5 0.6607143 0.5 0.6607143 0.75 0.6607143 0.5 0.6964286 0.5 0.6964285 0.75 0.6964286 0.5 0.7321429 0.5 0.7321429 0.75 0.3035714 0.5 0.3035714 0.75 0.2678571 0.75 0.3392857 0.5 0.3392857 0.75 0.3035714 0.75 0.375 0.75 0.625 0.75 0.625 0.7857143 0.625 0.7857143 0.625 0.8214285 0.375 0.8214286 0.625 0.8214285 0.625 0.8571428 0.375 0.8571429 0.375 0.3928571 0.625 0.3928571 0.625 0.4285714 0.375 0.4285714 0.625 0.4285714 0.625 0.4642857 0.625 0.5 0.6607143 0.5 0.6607143 0.75 0.6607143 0.5 0.6964286 0.5 0.6964285 0.75 0.6964286 0.5 0.7321429 0.5 0.7321429 0.75 0.3035714 0.5 0.3035714 0.75 0.2678571 0.75 0.3392857 0.5 0.3392857 0.75 0.3035714 0.75 0.625 0.75 0.625 0.7857143 0.375 0.7857143 0.625 0.7857143 0.625 0.8214285 0.375 0.8214286 0.625 0.8214285 0.625 0.8571428 0.375 0.8571429 0.375 0.3928571 0.625 0.3928571 0.625 0.4285714 0.375 0.4285714 0.625 0.4285714 0.625 0.4642857 0.6607143 0.5 0.6607143 0.75 0.625 0.75 0.6607143 0.5 0.6964286 0.5 0.6964285 0.75 0.6964286 0.5 0.7321429 0.5 0.7321429 0.75 0.3035714 0.5 0.3035714 0.75 0.2678571 0.75 0.3392857 0.5 0.3392857 0.75 0.3035714 0.75 0.625 0.75 0.625 0.7857143 0.375 0.7857143 0.625 0.7857143 0.625 0.8214285 0.375 0.8214286 0.625 0.8214285 0.625 0.8571428 0.375 0.8571429 0.375 0.3928571 0.625 0.3928571 0.625 0.4285714 0.375 0.4285714 0.625 0.4285714 0.625 0.4642857 0.625 0.5 0.6607143 0.5 0.6607143 0.75 0.6607143 0.5 0.6964286 0.5 0.6964285 0.75 0.6964286 0.5 0.7321429 0.5 0.7321429 0.75 0.3035714 0.5 0.3035714 0.75 0.2678571 0.75 0.3392857 0.5 0.3392857 0.75 0.3035714 0.75 0.375 0.75 0.625 0.75 0.625 0.7857143 0.625 0.7857143 0.625 0.8214285 0.375 0.8214286 0.625 0.8214285 0.625 0.8571428 0.375 0.8571429 0.375 0.3928571 0.625 0.3928571 0.625 0.4285714 0.375 0.4285714 0.625 0.4285714 0.625 0.4642857 0.625 0.5 0.6607143 0.5 0.6607143 0.75 0.6607143 0.5 0.6964286 0.5 0.6964285 0.75 0.6964286 0.5 0.7321429 0.5 0.7321429 0.75 0.3035714 0.5 0.3035714 0.75 0.2678571 0.75 0.3392857 0.5 0.3392857 0.75 0.3035714 0.75 0.625 0.75 0.625 0.7857143 0.375 0.7857143 0.625 0.7857143 0.625 0.8214285 0.375 0.8214286 0.625 0.8214285 0.625 0.8571428 0.375 0.8571429 0.375 0.3928571 0.625 0.3928571 0.625 0.4285714 0.375 0.4285714 0.625 0.4285714 0.625 0.4642857 0.625 0.5 0.6607143 0.5 0.6607143 0.75 0.6607143 0.5 0.6964286 0.5 0.6964285 0.75 0.6964286 0.5 0.7321429 0.5 0.7321429 0.75 0.2678571 0.5 0.3035714 0.5 0.3035714 0.75 0.3392857 0.5 0.3392857 0.75 0.3035714 0.75 0.625 0.75 0.625 0.7857143 0.375 0.7857143 0.625 0.7857143 0.625 0.8214285 0.375 0.8214286 0.625 0.8214285 0.625 0.8571428 0.375 0.8571429 0.375 0.3928571 0.625 0.3928571 0.625 0.4285714 0.375 0.4285714 0.625 0.4285714 0.625 0.4642857 0.625 0.3928571 0.2678571 0.5 0.375 0.8571429 0.625 0.3928571 0.2678571 0.5 0.375 0.8571429 0.625 0.8571428 0.625 0.3928571 0.2678571 0.5 0.625 0.3928571 0.2678571 0.5 0.375 0.8571429 0.625 0.3928571 0.2678571 0.5 0.375 0.8571429 0.625 0.8571428 0.625 0.3928571 0.2678571 0.5 0.625 0.8571428 0.625 0.3928571 0.2678571 0.5 0.625 0.8571428 0.625 0.3928571 0.2678571 0.5 0.625 0.3928571 0.2678571 0.5 0.375 0.8571429 0.625 0.8571428 0.625 0.3928571 0.2678571 0.5 0.625 0.8571428 0.625 0.3928571 0.2678571 0.5 0.625 0.4642857 0.625 0.5 0.375 0.5 0.375 0.5 0.625 0.5 0.625 0.75 0.375 0.5 0.375 0.75 0.3392857 0.75 0.625 0.4642857 0.625 0.5 0.375 0.5 0.375 0.5 0.625 0.5 0.625 0.75 0.3392857 0.5 0.375 0.5 0.375 0.75 0.375 0.4642857 0.625 0.4642857 0.625 0.5 0.375 0.5 0.625 0.5 0.625 0.75 0.3392857 0.5 0.375 0.5 0.375 0.75 0.625 0.4642857 0.625 0.5 0.375 0.5 0.375 0.5 0.625 0.5 0.625 0.75 0.375 0.5 0.375 0.75 0.3392857 0.75 0.6607143 0.5 0.6607143 0.75 0.625 0.75 0.6964286 0.5 0.6964285 0.75 0.6607143 0.75 0.7321429 0.5 0.7321429 0.75 0.6964285 0.75 0.2678571 0.5 0.3035714 0.5 0.3035714 0.75 0.3035714 0.5 0.3392857 0.5 0.3392857 0.75 0.375 0.75 0.625 0.75 0.625 0.7857143 0.375 0.7857143 0.625 0.7857143 0.625 0.8214285 0.375 0.8214286 0.625 0.8214285 0.625 0.8571428 0.625 0.3928571 0.625 0.4285714 0.375 0.4285714 0.625 0.4285714 0.625 0.4642857 0.375 0.4642857 0.6607143 0.5 0.6607143 0.75 0.625 0.75 0.6964286 0.5 0.6964285 0.75 0.6607143 0.75 0.6964286 0.5 0.7321429 0.5 0.7321429 0.75 0.2678571 0.5 0.3035714 0.5 0.3035714 0.75 0.3035714 0.5 0.3392857 0.5 0.3392857 0.75 0.625 0.75 0.625 0.7857143 0.375 0.7857143 0.375 0.7857143 0.625 0.7857143 0.625 0.8214285 0.375 0.8214286 0.625 0.8214285 0.625 0.8571428 0.625 0.3928571 0.625 0.4285714 0.375 0.4285714 0.625 0.4285714 0.625 0.4642857 0.375 0.4642857 0.625 0.5 0.6607143 0.5 0.6607143 0.75 0.6964286 0.5 0.6964285 0.75 0.6607143 0.75 0.6964286 0.5 0.7321429 0.5 0.7321429 0.75 0.3035714 0.5 0.3035714 0.75 0.2678571 0.75 0.3392857 0.5 0.3392857 0.75 0.3035714 0.75 0.375 0.75 0.625 0.75 0.625 0.7857143 0.375 0.7857143 0.625 0.7857143 0.625 0.8214285 0.375 0.8214286 0.625 0.8214285 0.625 0.8571428 0.625 0.3928571 0.625 0.4285714 0.375 0.4285714 0.625 0.4285714 0.625 0.4642857 0.375 0.4642857 0.625 0.5 0.6607143 0.5 0.6607143 0.75 0.6607143 0.5 0.6964286 0.5 0.6964285 0.75 0.6964286 0.5 0.7321429 0.5 0.7321429 0.75 0.3035714 0.5 0.3035714 0.75 0.2678571 0.75 0.3392857 0.5 0.3392857 0.75 0.3035714 0.75 0.625 0.75 0.625 0.7857143 0.375 0.7857143 0.375 0.7857143 0.625 0.7857143 0.625 0.8214285 0.375 0.8214286 0.625 0.8214285 0.625 0.8571428 0.625 0.3928571 0.625 0.4285714 0.375 0.4285714 0.625 0.4285714 0.625 0.4642857 0.375 0.4642857 0.625 0.8571428 0.625 0.3928571 0.2678571 0.5 0.625 0.3928571 0.2678571 0.5 0.375 0.8571429 0.625 0.8571428 0.625 0.3928571 0.2678571 0.5 0.625 0.8571428 0.625 0.3928571 0.2678571 0.5 0.625 0.4642857 0.625 0.5 0.375 0.5 0.375 0.5 0.625 0.5 0.625 0.75 0.375 0.5 0.375 0.75 0.3392857 0.75 0.625 0.4642857 0.625 0.5 0.375 0.5 0.375 0.5 0.625 0.5 0.625 0.75 0.3392857 0.5 0.375 0.5 0.375 0.75 0.375 0.4642857 0.625 0.4642857 0.625 0.5 0.375 0.5 0.625 0.5 0.625 0.75 0.3392857 0.5 0.375 0.5 0.375 0.75 0.625 0.4642857 0.625 0.5 0.375 0.5 0.375 0.5 0.625 0.5 0.625 0.75 0.375 0.5 0.375 0.75 0.3392857 0.75 0.6607143 0.5 0.6607143 0.75 0.625 0.75 0.6964286 0.5 0.6964285 0.75 0.6607143 0.75 0.7321429 0.5 0.7321429 0.75 0.6964285 0.75 0.2678571 0.5 0.3035714 0.5 0.3035714 0.75 0.3035714 0.5 0.3392857 0.5 0.3392857 0.75 0.625 0.75 0.625 0.7857143 0.375 0.7857143 0.375 0.7857143 0.625 0.7857143 0.625 0.8214285 0.625 0.8214285 0.625 0.8571428 0.375 0.8571429 0.375 0.3928571 0.625 0.3928571 0.625 0.4285714 0.625 0.4285714 0.625 0.4642857 0.375 0.4642857 0.6607143 0.5 0.6607143 0.75 0.625 0.75 0.6964286 0.5 0.6964285 0.75 0.6607143 0.75 0.6964286 0.5 0.7321429 0.5 0.7321429 0.75 0.2678571 0.5 0.3035714 0.5 0.3035714 0.75 0.3035714 0.5 0.3392857 0.5 0.3392857 0.75 0.625 0.75 0.625 0.7857143 0.375 0.7857143 0.375 0.7857143 0.625 0.7857143 0.625 0.8214285 0.625 0.8214285 0.625 0.8571428 0.375 0.8571429 0.375 0.3928571 0.625 0.3928571 0.625 0.4285714 0.625 0.4285714 0.625 0.4642857 0.375 0.4642857 0.625 0.5 0.6607143 0.5 0.6607143 0.75 0.6964286 0.5 0.6964285 0.75 0.6607143 0.75 0.6964286 0.5 0.7321429 0.5 0.7321429 0.75 0.3035714 0.5 0.3035714 0.75 0.2678571 0.75 0.3392857 0.5 0.3392857 0.75 0.3035714 0.75 0.375 0.75 0.625 0.75 0.625 0.7857143 0.375 0.7857143 0.625 0.7857143 0.625 0.8214285 0.375 0.8214286 0.625 0.8214285 0.625 0.8571428 0.375 0.3928571 0.625 0.3928571 0.625 0.4285714 0.625 0.4285714 0.625 0.4642857 0.375 0.4642857 0.625 0.5 0.6607143 0.5 0.6607143 0.75 0.6607143 0.5 0.6964286 0.5 0.6964285 0.75 0.6964286 0.5 0.7321429 0.5 0.7321429 0.75 0.3035714 0.5 0.3035714 0.75 0.2678571 0.75 0.3392857 0.5 0.3392857 0.75 0.3035714 0.75 0.625 0.75 0.625 0.7857143 0.375 0.7857143 0.375 0.7857143 0.625 0.7857143 0.625 0.8214285 0.625 0.8214285 0.625 0.8571428 0.375 0.8571429 0.375 0.3928571 0.625 0.3928571 0.625 0.4285714 0.625 0.4285714 0.625 0.4642857 0.375 0.4642857 0.625 0.8571428 0.625 0.3928571 0.2678571 0.5 0.625 0.3928571 0.2678571 0.5 0.375 0.8571429 0.625 0.8571428 0.625 0.3928571 0.2678571 0.5 0.625 0.8571428 0.625 0.3928571 0.2678571 0.5 0.6666666 0.8888888 1 0.8888889 1 1 1 0.2222222 1 0.3333333 0.6666666 0.3333333 0.6666666 0.5555555 1 0.5555556 1 0.6666667 0 0.5555555 0.3333333 0.5555555 0.3333333 0.6666666 0.6666666 0.5555555 0.6666666 0.6666666 0.3333333 0.6666666 0 0.3333333 0.3333333 0.3333333 0.3333333 0.4444444 0 0.4444444 0.3333333 0.4444444 0.3333333 0.5555555 0.6666666 0.3333333 0.6666666 0.4444444 0.3333333 0.4444444 0.3333333 0.4444444 0.6666666 0.4444444 0.6666666 0.5555555 1 0.3333333 1 0.4444444 0.6666666 0.4444444 1 0.4444444 1 0.5555556 0.6666666 0.5555555 0.3333333 0.2222222 0.3333333 0.3333333 0 0.3333333 0.3333333 0.2222222 0.6666666 0.2222222 0.6666666 0.3333333 0.3333333 0 0.3333333 0.1111111 0 0.1111111 0 0.1111111 0.3333333 0.1111111 0.3333333 0.2222222 0.6666667 0 0.6666666 0.1111111 0.3333333 0.1111111 0.6666666 0.1111111 0.6666666 0.2222222 0.3333333 0.2222222 0.6666667 0 1 0 1 0.1111111 0.6666666 0.1111111 1 0.1111111 1 0.2222222 0.3333333 0.8888888 0.3333333 1 0 1 0.6666666 0.8888888 0.6666666 1 0.3333333 1 0.3333333 0.6666666 0.3333333 0.7777777 0 0.7777777 0 0.7777777 0.3333333 0.7777777 0.3333333 0.8888888 0.3333333 0.6666666 0.6666666 0.6666666 0.6666666 0.7777777 0.3333333 0.7777777 0.6666666 0.7777777 0.6666666 0.8888888 1 0.6666667 1 0.7777778 0.6666666 0.7777777 0.6666666 0.7777777 1 0.7777778 1 0.8888889</float_array>
          <technique_common>
            <accessor source="#Cube_024-mesh-map-0-array" count="2766" stride="2">
              <param name="S" type="float"/>
              <param name="T" type="float"/>
            </accessor>
          </technique_common>
        </source>
        <vertices id="Cube_024-mesh-vertices">
          <input semantic="POSITION" source="#Cube_024-mesh-positions"/>
        </vertices>
        <triangles material="WoodDark_015-material" count="28">
          <input semantic="VERTEX" source="#Cube_024-mesh-vertices" offset="0"/>
          <input semantic="NORMAL" source="#Cube_024-mesh-normals" offset="1"/>
          <input semantic="TEXCOORD" source="#Cube_024-mesh-map-0" offset="2" set="0"/>
          <p>1 0 0 2 0 1 0 0 2 3 1 3 6 1 4 2 1 5 7 2 6 4 2 7 6 2 8 5 3 9 0 3 10 4 3 11 6 4 12 0 4 13 2 4 14 3 5 15 10 5 16 7 5 17 10 6 18 15 6 19 11 6 20 7 7 21 11 7 22 5 7 23 1 8 24 9 8 25 3 8 26 5 5 27 8 5 28 1 5 29 13 5 30 15 5 31 14 5 32 8 9 33 13 9 34 9 9 35 11 10 36 12 10 37 8 10 38 9 11 39 14 11 40 10 11 41 1 472 1383 3 472 1384 2 472 1385 3 473 1386 7 473 1387 6 473 1388 7 474 1389 5 474 1390 4 474 1391 5 475 1392 1 475 1393 0 475 1394 6 4 1395 4 4 1396 0 4 1397 3 5 1398 9 5 1399 10 5 1400 10 476 1401 14 476 1402 15 476 1403 7 477 1404 10 477 1405 11 477 1406 1 478 1407 8 478 1408 9 478 1409 5 5 1410 11 5 1411 8 5 1412 13 5 1413 12 5 1414 15 5 1415 8 479 1416 12 479 1417 13 479 1418 11 480 1419 15 480 1420 12 480 1421 9 481 1422 13 481 1423 14 481 1424</p>
        </triangles>
        <triangles material="WoodBright2_013-material" count="504">
          <input semantic="VERTEX" source="#Cube_024-mesh-vertices" offset="0"/>
          <input semantic="NORMAL" source="#Cube_024-mesh-normals" offset="1"/>
          <input semantic="TEXCOORD" source="#Cube_024-mesh-map-0" offset="2" set="0"/>
          <p>180 12 42 19 12 43 18 12 44 18 13 45 17 13 46 16 13 47 18 14 48 188 14 49 180 14 50 168 15 51 23 15 52 22 15 53 23 16 54 20 16 55 22 16 56 168 17 57 20 17 58 176 17 59 161 18 60 26 18 61 156 18 62 27 19 63 24 19 64 26 19 65 26 20 66 164 20 67 156 20 68 132 24 78 35 24 79 34 24 80 35 25 81 32 25 82 34 25 83 132 26 84 32 26 85 140 26 86 125 27 87 38 27 88 120 27 89 38 28 90 37 28 91 36 28 92 120 29 93 36 29 94 128 29 95 101 33 105 46 33 106 96 33 107 46 34 108 45 34 109 44 34 110 46 35 111 104 35 112 96 35 113 72 39 123 55 39 124 54 39 125 55 40 126 52 40 127 54 40 128 54 41 129 80 41 130 72 41 131 77 55 171 53 55 172 55 55 173 76 56 174 81 56 175 77 56 176 76 57 177 83 57 178 82 57 179 73 58 180 78 58 181 74 58 182 73 59 183 80 59 184 79 59 185 53 60 186 80 60 187 52 60 188 81 61 189 79 61 190 80 61 191 82 62 192 78 62 193 79 62 194 74 63 195 76 63 196 73 63 197 73 64 198 77 64 199 72 64 200 47 75 231 105 75 232 45 75 233 101 76 234 106 76 235 105 76 236 100 77 237 107 77 238 106 77 239 97 78 240 102 78 241 98 78 242 96 79 243 103 79 244 97 79 245 45 80 246 104 80 247 44 80 248 105 81 249 103 81 250 104 81 251 106 82 252 102 82 253 103 82 254 98 83 255 100 83 256 97 83 257 97 84 258 101 84 259 96 84 260 39 95 291 129 95 292 37 95 293 125 96 294 130 96 295 129 96 296 124 97 297 131 97 298 130 97 299 121 98 300 126 98 301 122 98 302 120 99 303 127 99 304 121 99 305 36 100 306 129 100 307 128 100 308 129 101 309 127 101 310 128 101 311 130 102 312 126 102 313 127 102 314 122 103 315 124 103 316 121 103 317 121 104 318 125 104 319 120 104 320 35 105 321 141 106 322 33 105 323 137 107 324 142 107 325 141 108 326 136 109 327 143 109 328 142 109 329 133 110 330 138 110 331 134 110 332 132 111 333 139 111 334 133 111 335 33 112 336 140 112 337 32 112 338 141 113 339 139 113 340 140 113 341 139 114 342 143 114 343 138 114 344 134 115 345 136 115 346 133 115 347 133 116 348 137 116 349 132 116 350 27 127 381 165 127 382 25 127 383 161 128 384 166 128 385 165 128 386 160 129 387 167 129 388 166 129 389 157 130 390 162 130 391 158 130 392 156 131 393 163 131 394 157 131 395 24 132 396 165 132 397 164 132 398 165 133 399 163 133 400 164 133 401 163 134 402 167 134 403 162 134 404 159 135 405 157 135 406 158 135 407 157 136 408 161 136 409 156 136 410 23 137 411 177 137 412 21 137 413 173 138 414 178 138 415 177 138 416 172 139 417 179 139 418 178 139 419 169 140 420 174 140 421 170 140 422 168 141 423 175 141 424 169 141 425 21 142 426 176 142 427 20 142 428 177 143 429 175 143 430 176 143 431 178 144 432 174 144 433 175 144 434 170 145 435 172 145 436 169 145 437 169 146 438 173 146 439 168 146 440 19 147 441 189 147 442 17 147 443 185 148 444 190 148 445 189 148 446 184 149 447 191 149 448 190 149 449 181 150 450 186 150 451 182 150 452 180 151 453 187 151 454 181 151 455 16 152 456 189 152 457 188 152 458 189 153 459 187 153 460 188 153 461 190 154 462 186 154 463 187 154 464 182 155 465 184 155 466 181 155 467 181 156 468 185 156 469 180 156 470 191 157 471 182 157 472 186 157 473 171 158 474 174 158 475 179 158 476 167 159 477 158 159 478 162 159 479 135 161 483 138 161 484 143 161 485 131 162 486 122 162 487 126 162 488 107 4 492 98 4 493 102 4 494 75 165 498 78 165 499 83 165 500 356 167 504 195 167 505 194 167 506 194 168 507 193 168 508 192 168 509 194 169 510 364 169 511 356 169 512 344 170 513 199 170 514 198 170 515 199 171 516 196 171 517 198 171 518 344 172 519 196 172 520 352 172 521 332 173 522 203 173 523 202 173 524 203 174 525 200 174 526 202 174 527 202 175 528 340 175 529 332 175 530 308 179 540 211 179 541 210 179 542 211 180 543 208 180 544 210 180 545 308 181 546 208 181 547 316 181 548 296 182 549 215 182 550 214 182 551 214 183 552 213 183 553 212 183 554 296 184 555 212 184 556 304 184 557 272 188 567 223 188 568 222 188 569 222 189 570 221 189 571 220 189 572 222 190 573 280 190 574 272 190 575 248 194 585 231 194 586 230 194 587 231 195 588 228 195 589 230 195 590 230 196 591 256 196 592 248 196 593 253 210 633 229 210 634 231 210 635 252 211 636 257 211 637 253 211 638 251 212 639 258 212 640 252 212 641 250 213 642 255 213 643 254 213 644 249 214 645 256 214 646 255 214 647 229 215 648 256 215 649 228 215 650 257 216 651 255 216 652 256 216 653 258 217 654 254 217 655 255 217 656 250 218 657 252 218 658 249 218 659 249 219 660 253 219 661 248 219 662 223 230 693 281 230 694 221 230 695 277 231 696 282 231 697 281 231 698 276 232 699 283 232 700 282 232 701 273 233 702 278 233 703 274 233 704 272 234 705 279 234 706 273 234 707 221 235 708 280 235 709 220 235 710 281 236 711 279 236 712 280 236 713 282 237 714 278 237 715 279 237 716 274 238 717 276 238 718 273 238 719 273 239 720 277 239 721 272 239 722 215 250 753 305 250 754 213 250 755 301 251 756 306 251 757 305 251 758 300 252 759 307 252 760 306 252 761 297 253 762 302 253 763 298 253 764 296 254 765 303 254 766 297 254 767 212 255 768 305 255 769 304 255 770 305 256 771 303 256 772 304 256 773 306 257 774 302 257 775 303 257 776 298 258 777 300 258 778 297 258 779 297 259 780 301 259 781 296 259 782 211 260 783 317 261 784 209 260 785 313 262 786 318 262 787 317 263 788 312 264 789 319 264 790 318 264 791 309 265 792 314 265 793 310 265 794 308 266 795 315 266 796 309 266 797 209 267 798 316 267 799 208 267 800 317 268 801 315 268 802 316 268 803 318 269 804 314 269 805 315 269 806 310 270 807 312 270 808 309 270 809 309 271 810 313 271 811 308 271 812 203 282 843 341 282 844 201 282 845 337 283 846 342 283 847 341 283 848 336 284 849 343 284 850 342 284 851 333 285 852 338 285 853 334 285 854 332 286 855 339 286 856 333 286 857 200 287 858 341 287 859 340 287 860 341 288 861 339 288 862 340 288 863 342 289 864 338 289 865 339 289 866 334 290 867 336 290 868 333 290 869 333 291 870 337 291 871 332 291 872 199 292 873 353 292 874 197 292 875 349 293 876 354 293 877 353 293 878 348 294 879 355 294 880 354 294 881 345 295 882 350 295 883 346 295 884 344 296 885 351 296 886 345 296 887 197 297 888 352 297 889 196 297 890 353 298 891 351 298 892 352 298 893 354 299 894 350 299 895 351 299 896 346 300 897 348 300 898 345 300 899 345 301 900 349 301 901 344 301 902 195 302 903 365 302 904 193 302 905 361 303 906 366 303 907 365 303 908 360 304 909 367 304 910 366 304 911 358 305 912 363 305 913 362 305 914 356 306 915 363 306 916 357 306 917 193 307 918 364 307 919 192 307 920 365 308 921 363 308 922 364 308 923 366 309 924 362 309 925 363 309 926 358 310 927 360 310 928 357 310 929 357 311 930 361 311 931 356 311 932 359 312 933 362 312 934 367 312 935 347 313 936 350 313 937 355 313 938 343 314 939 334 314 940 338 314 941 311 316 945 314 316 946 319 316 947 307 317 948 298 317 949 302 317 950 283 319 954 274 319 955 278 319 956 259 321 960 250 321 961 254 321 962 425 323 966 370 323 967 420 323 968 370 324 969 369 324 970 368 324 971 370 325 972 428 325 973 420 325 974 396 329 984 379 329 985 378 329 986 378 330 987 377 330 988 376 330 989 396 331 990 376 331 991 404 331 992 401 345 1032 377 345 1033 379 345 1034 400 346 1035 405 346 1036 401 346 1037 400 347 1038 407 347 1039 406 347 1040 398 348 1041 403 348 1042 402 348 1043 397 349 1044 404 349 1045 403 349 1046 377 350 1047 404 350 1048 376 350 1049 404 351 1050 406 351 1051 403 351 1052 403 352 1053 407 352 1054 402 352 1055 399 353 1056 397 353 1057 398 353 1058 400 354 1059 396 354 1060 397 354 1061 371 365 1092 429 365 1093 369 365 1094 425 366 1095 430 366 1096 429 366 1097 424 367 1098 431 367 1099 430 367 1100 421 368 1101 426 368 1102 422 368 1103 420 369 1104 427 369 1105 421 369 1106 369 370 1107 428 370 1108 368 370 1109 428 371 1110 430 371 1111 427 371 1112 427 372 1113 431 372 1114 426 372 1115 423 373 1116 421 373 1117 422 373 1118 424 374 1119 420 374 1120 421 374 1121 431 375 1122 422 375 1123 426 375 1124 407 377 1128 398 377 1129 402 377 1130 489 379 1134 434 379 1135 484 379 1136 434 380 1137 433 380 1138 432 380 1139 434 381 1140 492 381 1141 484 381 1142 460 385 1152 443 385 1153 442 385 1154 442 386 1155 441 386 1156 440 386 1157 460 387 1158 440 387 1159 468 387 1160 465 401 1200 441 401 1201 443 401 1202 464 402 1203 469 402 1204 465 402 1205 464 403 1206 471 403 1207 470 403 1208 462 404 1209 467 404 1210 466 404 1211 461 405 1212 468 405 1213 467 405 1214 441 406 1215 468 406 1216 440 406 1217 468 407 1218 470 407 1219 467 407 1220 470 408 1221 466 408 1222 467 408 1223 462 409 1224 464 409 1225 461 409 1226 464 410 1227 460 410 1228 461 410 1229 435 421 1260 493 421 1261 433 421 1262 489 422 1263 494 422 1264 493 422 1265 488 423 1266 495 423 1267 494 423 1268 485 424 1269 490 424 1270 486 424 1271 484 425 1272 491 425 1273 485 425 1274 433 426 1275 492 426 1276 432 426 1277 492 427 1278 494 427 1279 491 427 1280 494 428 1281 490 428 1282 491 428 1283 486 429 1284 488 429 1285 485 429 1286 488 430 1287 484 430 1288 485 430 1289 495 431 1290 486 431 1291 490 431 1292 471 433 1296 462 433 1297 466 433 1298 180 482 1425 185 482 1426 19 482 1427 18 483 1428 19 483 1429 17 483 1430 18 484 1431 16 484 1432 188 484 1433 168 485 1434 173 485 1435 23 485 1436 23 486 1437 21 486 1438 20 486 1439 168 487 1440 22 487 1441 20 487 1442 161 488 1443 27 488 1444 26 488 1445 27 489 1446 25 489 1447 24 489 1448 26 490 1449 24 490 1450 164 490 1451 132 494 1461 137 494 1462 35 494 1463 35 495 1464 33 495 1465 32 495 1466 132 496 1467 34 496 1468 32 496 1469 125 497 1470 39 497 1471 38 497 1472 38 498 1473 39 498 1474 37 498 1475 120 499 1476 38 499 1477 36 499 1478 101 503 1488 47 503 1489 46 503 1490 46 504 1491 47 504 1492 45 504 1493 46 505 1494 44 505 1495 104 505 1496 72 509 1506 77 509 1507 55 509 1508 55 510 1509 53 510 1510 52 510 1511 54 511 1512 52 511 1513 80 511 1514 77 525 1554 81 525 1555 53 525 1556 76 526 1557 82 526 1558 81 526 1559 76 527 1560 75 527 1561 83 527 1562 73 528 1563 79 528 1564 78 528 1565 73 529 1566 72 529 1567 80 529 1568 53 530 1569 81 530 1570 80 530 1571 81 531 1572 82 531 1573 79 531 1574 82 532 1575 83 532 1576 78 532 1577 74 533 1578 75 533 1579 76 533 1580 73 534 1581 76 534 1582 77 534 1583 47 545 1614 101 545 1615 105 545 1616 101 546 1617 100 546 1618 106 546 1619 100 547 1620 99 547 1621 107 547 1622 97 548 1623 103 548 1624 102 548 1625 96 549 1626 104 549 1627 103 549 1628 45 550 1629 105 550 1630 104 550 1631 105 551 1632 106 551 1633 103 551 1634 106 552 1635 107 552 1636 102 552 1637 98 553 1638 99 553 1639 100 553 1640 97 554 1641 100 554 1642 101 554 1643 39 565 1674 125 565 1675 129 565 1676 125 566 1677 124 566 1678 130 566 1679 124 567 1680 123 567 1681 131 567 1682 121 568 1683 127 568 1684 126 568 1685 120 569 1686 128 569 1687 127 569 1688 36 570 1689 37 570 1690 129 570 1691 129 571 1692 130 571 1693 127 571 1694 130 572 1695 131 572 1696 126 572 1697 122 573 1698 123 573 1699 124 573 1700 121 574 1701 124 574 1702 125 574 1703 35 575 1704 137 575 1705 141 576 1706 137 577 1707 136 577 1708 142 577 1709 136 578 1710 135 578 1711 143 578 1712 133 579 1713 139 579 1714 138 579 1715 132 580 1716 140 580 1717 139 580 1718 33 581 1719 141 581 1720 140 581 1721 141 582 1722 142 582 1723 139 582 1724 139 583 1725 142 583 1726 143 583 1727 134 584 1728 135 584 1729 136 584 1730 133 585 1731 136 585 1732 137 585 1733 27 596 1764 161 596 1765 165 596 1766 161 597 1767 160 597 1768 166 597 1769 160 598 1770 159 598 1771 167 598 1772 157 599 1773 163 599 1774 162 599 1775 156 600 1776 164 600 1777 163 600 1778 24 601 1779 25 601 1780 165 601 1781 165 602 1782 166 602 1783 163 602 1784 163 603 1785 166 603 1786 167 603 1787 159 604 1788 160 604 1789 157 604 1790 157 605 1791 160 605 1792 161 605 1793 23 606 1794 173 606 1795 177 606 1796 173 607 1797 172 607 1798 178 607 1799 172 608 1800 171 608 1801 179 608 1802 169 609 1803 175 609 1804 174 609 1805 168 610 1806 176 610 1807 175 610 1808 21 611 1809 177 611 1810 176 611 1811 177 612 1812 178 612 1813 175 612 1814 178 613 1815 179 613 1816 174 613 1817 170 614 1818 171 614 1819 172 614 1820 169 615 1821 172 615 1822 173 615 1823 19 616 1824 185 616 1825 189 616 1826 185 617 1827 184 617 1828 190 617 1829 184 618 1830 183 618 1831 191 618 1832 181 619 1833 187 619 1834 186 619 1835 180 620 1836 188 620 1837 187 620 1838 16 621 1839 17 621 1840 189 621 1841 189 622 1842 190 622 1843 187 622 1844 190 623 1845 191 623 1846 186 623 1847 182 624 1848 183 624 1849 184 624 1850 181 625 1851 184 625 1852 185 625 1853 191 626 1854 183 626 1855 182 626 1856 171 627 1857 170 627 1858 174 627 1859 167 628 1860 159 628 1861 158 628 1862 135 4 1866 134 4 1867 138 4 1868 131 630 1869 123 630 1870 122 630 1871 107 632 1875 99 632 1876 98 632 1877 75 633 1881 74 633 1882 78 633 1883 356 635 1887 361 635 1888 195 635 1889 194 636 1890 195 636 1891 193 636 1892 194 637 1893 192 637 1894 364 637 1895 344 638 1896 349 638 1897 199 638 1898 199 639 1899 197 639 1900 196 639 1901 344 640 1902 198 640 1903 196 640 1904 332 641 1905 337 641 1906 203 641 1907 203 642 1908 201 642 1909 200 642 1910 202 643 1911 200 643 1912 340 643 1913 308 647 1923 313 647 1924 211 647 1925 211 648 1926 209 648 1927 208 648 1928 308 649 1929 210 649 1930 208 649 1931 296 650 1932 301 650 1933 215 650 1934 214 651 1935 215 651 1936 213 651 1937 296 652 1938 214 652 1939 212 652 1940 272 656 1950 277 656 1951 223 656 1952 222 657 1953 223 657 1954 221 657 1955 222 658 1956 220 658 1957 280 658 1958 248 662 1968 253 662 1969 231 662 1970 231 663 1971 229 663 1972 228 663 1973 230 664 1974 228 664 1975 256 664 1976 253 678 2016 257 678 2017 229 678 2018 252 679 2019 258 679 2020 257 679 2021 251 680 2022 259 680 2023 258 680 2024 250 681 2025 249 681 2026 255 681 2027 249 682 2028 248 682 2029 256 682 2030 229 683 2031 257 683 2032 256 683 2033 257 684 2034 258 684 2035 255 684 2036 258 685 2037 259 685 2038 254 685 2039 250 686 2040 251 686 2041 252 686 2042 249 687 2043 252 687 2044 253 687 2045 223 698 2076 277 698 2077 281 698 2078 277 699 2079 276 699 2080 282 699 2081 276 700 2082 275 700 2083 283 700 2084 273 701 2085 279 701 2086 278 701 2087 272 702 2088 280 702 2089 279 702 2090 221 703 2091 281 703 2092 280 703 2093 281 704 2094 282 704 2095 279 704 2096 282 705 2097 283 705 2098 278 705 2099 274 706 2100 275 706 2101 276 706 2102 273 707 2103 276 707 2104 277 707 2105 215 718 2136 301 718 2137 305 718 2138 301 719 2139 300 719 2140 306 719 2141 300 720 2142 299 720 2143 307 720 2144 297 721 2145 303 721 2146 302 721 2147 296 722 2148 304 722 2149 303 722 2150 212 723 2151 213 723 2152 305 723 2153 305 724 2154 306 724 2155 303 724 2156 306 725 2157 307 725 2158 302 725 2159 298 726 2160 299 726 2161 300 726 2162 297 727 2163 300 727 2164 301 727 2165 211 728 2166 313 728 2167 317 729 2168 313 730 2169 312 730 2170 318 730 2171 312 731 2172 311 731 2173 319 731 2174 309 732 2175 315 732 2176 314 732 2177 308 733 2178 316 733 2179 315 733 2180 209 734 2181 317 734 2182 316 734 2183 317 735 2184 318 735 2185 315 735 2186 318 736 2187 319 736 2188 314 736 2189 310 737 2190 311 737 2191 312 737 2192 309 738 2193 312 738 2194 313 738 2195 203 749 2226 337 749 2227 341 749 2228 337 750 2229 336 750 2230 342 750 2231 336 751 2232 335 751 2233 343 751 2234 333 752 2235 339 752 2236 338 752 2237 332 753 2238 340 753 2239 339 753 2240 200 754 2241 201 754 2242 341 754 2243 341 755 2244 342 755 2245 339 755 2246 342 756 2247 343 756 2248 338 756 2249 334 757 2250 335 757 2251 336 757 2252 333 758 2253 336 758 2254 337 758 2255 199 759 2256 349 759 2257 353 759 2258 349 760 2259 348 760 2260 354 760 2261 348 761 2262 347 761 2263 355 761 2264 345 762 2265 351 762 2266 350 762 2267 344 763 2268 352 763 2269 351 763 2270 197 764 2271 353 764 2272 352 764 2273 353 765 2274 354 765 2275 351 765 2276 354 766 2277 355 766 2278 350 766 2279 346 767 2280 347 767 2281 348 767 2282 345 768 2283 348 768 2284 349 768 2285 195 769 2286 361 769 2287 365 769 2288 361 770 2289 360 770 2290 366 770 2291 360 771 2292 359 771 2293 367 771 2294 358 772 2295 357 772 2296 363 772 2297 356 773 2298 364 773 2299 363 773 2300 193 774 2301 365 774 2302 364 774 2303 365 775 2304 366 775 2305 363 775 2306 366 776 2307 367 776 2308 362 776 2309 358 777 2310 359 777 2311 360 777 2312 357 778 2313 360 778 2314 361 778 2315 359 4 2316 358 4 2317 362 4 2318 347 779 2319 346 779 2320 350 779 2321 343 780 2322 335 780 2323 334 780 2324 311 4 2328 310 4 2329 314 4 2330 307 782 2331 299 782 2332 298 782 2333 283 784 2337 275 784 2338 274 784 2339 259 4 2343 251 4 2344 250 4 2345 425 787 2349 371 787 2350 370 787 2351 370 788 2352 371 788 2353 369 788 2354 370 789 2355 368 789 2356 428 789 2357 396 793 2367 401 793 2368 379 793 2369 378 794 2370 379 794 2371 377 794 2372 396 795 2373 378 795 2374 376 795 2375 401 809 2415 405 809 2416 377 809 2417 400 810 2418 406 810 2419 405 810 2420 400 811 2421 399 811 2422 407 811 2423 398 812 2424 397 812 2425 403 812 2426 397 813 2427 396 813 2428 404 813 2429 377 814 2430 405 814 2431 404 814 2432 404 815 2433 405 815 2434 406 815 2435 403 816 2436 406 816 2437 407 816 2438 399 817 2439 400 817 2440 397 817 2441 400 818 2442 401 818 2443 396 818 2444 371 829 2475 425 829 2476 429 829 2477 425 830 2478 424 830 2479 430 830 2480 424 831 2481 423 831 2482 431 831 2483 421 832 2484 427 832 2485 426 832 2486 420 833 2487 428 833 2488 427 833 2489 369 834 2490 429 834 2491 428 834 2492 428 835 2493 429 835 2494 430 835 2495 427 836 2496 430 836 2497 431 836 2498 423 837 2499 424 837 2500 421 837 2501 424 838 2502 425 838 2503 420 838 2504 431 839 2505 423 839 2506 422 839 2507 407 841 2511 399 841 2512 398 841 2513 489 843 2517 435 843 2518 434 843 2519 434 844 2520 435 844 2521 433 844 2522 434 845 2523 432 845 2524 492 845 2525 460 849 2535 465 849 2536 443 849 2537 442 850 2538 443 850 2539 441 850 2540 460 851 2541 442 851 2542 440 851 2543 465 865 2583 469 865 2584 441 865 2585 464 866 2586 470 866 2587 469 866 2588 464 867 2589 463 867 2590 471 867 2591 462 868 2592 461 868 2593 467 868 2594 461 869 2595 460 869 2596 468 869 2597 441 870 2598 469 870 2599 468 870 2600 468 871 2601 469 871 2602 470 871 2603 470 872 2604 471 872 2605 466 872 2606 462 873 2607 463 873 2608 464 873 2609 464 874 2610 465 874 2611 460 874 2612 435 885 2643 489 885 2644 493 885 2645 489 886 2646 488 886 2647 494 886 2648 488 887 2649 487 887 2650 495 887 2651 485 888 2652 491 888 2653 490 888 2654 484 889 2655 492 889 2656 491 889 2657 433 890 2658 493 890 2659 492 890 2660 492 891 2661 493 891 2662 494 891 2663 494 892 2664 495 892 2665 490 892 2666 486 893 2667 487 893 2668 488 893 2669 488 894 2670 489 894 2671 484 894 2672 495 895 2673 487 895 2674 486 895 2675 471 897 2679 463 897 2680 462 897 2681</p>
        </triangles>
        <triangles material="WoodBright_016-material" count="336">
          <input semantic="VERTEX" source="#Cube_024-mesh-vertices" offset="0"/>
          <input semantic="NORMAL" source="#Cube_024-mesh-normals" offset="1"/>
          <input semantic="TEXCOORD" source="#Cube_024-mesh-map-0" offset="2" set="0"/>
          <p>149 21 69 30 21 70 144 21 71 31 22 72 28 22 73 30 22 74 30 23 75 152 23 76 144 23 77 113 30 96 42 30 97 108 30 98 43 31 99 40 31 100 42 31 101 108 32 102 40 32 103 116 32 104 89 36 114 50 36 115 84 36 116 51 37 117 48 37 118 50 37 119 84 38 120 48 38 121 92 38 122 60 42 132 59 42 133 58 42 134 59 43 135 56 43 136 58 43 137 58 44 138 68 44 139 60 44 140 59 45 141 69 45 142 57 45 143 64 46 144 69 46 145 65 46 146 64 47 147 71 47 148 70 47 149 62 48 150 67 48 151 66 48 152 61 49 153 68 49 154 67 49 155 57 50 156 68 50 157 56 50 158 69 51 159 67 51 160 68 51 161 70 52 162 66 52 163 67 52 164 62 53 165 64 53 166 61 53 167 61 54 168 65 54 169 60 54 170 51 65 201 93 65 202 49 65 203 89 66 204 94 66 205 93 66 206 88 67 207 95 67 208 94 67 209 85 68 210 90 68 211 86 68 212 84 69 213 91 69 214 85 69 215 48 70 216 93 70 217 92 70 218 93 71 219 91 71 220 92 71 221 94 72 222 90 72 223 91 72 224 86 73 225 88 73 226 85 73 227 85 74 228 89 74 229 84 74 230 113 85 261 41 85 262 43 85 263 113 86 264 118 86 265 117 86 266 112 87 267 119 87 268 118 87 269 109 88 270 114 88 271 110 88 272 108 89 273 115 89 274 109 89 275 41 90 276 116 90 277 40 90 278 117 91 279 115 91 280 116 91 281 118 92 282 114 92 283 115 92 284 110 93 285 112 93 286 109 93 287 109 94 288 113 94 289 108 94 290 149 117 351 29 117 352 31 117 353 149 118 354 154 118 355 153 118 356 148 119 357 155 119 358 154 119 359 145 120 360 150 120 361 146 120 362 144 121 363 151 121 364 145 121 365 29 122 366 152 122 367 28 122 368 153 123 369 151 123 370 152 123 371 151 124 372 155 124 373 150 124 374 147 125 375 145 125 376 146 125 377 145 126 378 149 126 379 144 126 380 147 160 480 150 160 481 155 160 482 119 163 489 110 163 490 114 163 491 87 164 495 90 164 496 95 164 497 63 166 501 66 166 502 71 166 503 320 176 531 207 176 532 206 176 533 207 177 534 204 177 535 206 177 536 206 178 537 328 178 538 320 178 539 284 185 558 219 185 559 218 185 560 219 186 561 216 186 562 218 186 563 284 187 564 216 187 565 292 187 566 260 191 576 227 191 577 226 191 578 226 192 579 225 192 580 224 192 581 260 193 582 224 193 583 268 193 584 236 197 594 235 197 595 234 197 596 234 198 597 233 198 598 232 198 599 234 199 600 244 199 601 236 199 602 235 200 603 245 200 604 233 200 605 240 201 606 245 201 607 241 201 608 240 202 609 247 202 610 246 202 611 238 203 612 243 203 613 242 203 614 237 204 615 244 204 616 243 204 617 233 205 618 244 205 619 232 205 620 245 206 621 243 206 622 244 206 623 246 207 624 242 207 625 243 207 626 238 208 627 240 208 628 237 208 629 237 209 630 241 209 631 236 209 632 227 220 663 269 220 664 225 220 665 264 221 666 269 221 667 265 221 668 264 222 669 271 222 670 270 222 671 261 223 672 266 223 673 262 223 674 261 224 675 268 224 676 267 224 677 225 225 678 268 225 679 224 225 680 269 226 681 267 226 682 268 226 683 270 227 684 266 227 685 267 227 686 262 228 687 264 228 688 261 228 689 261 229 690 265 229 691 260 229 692 289 240 723 217 240 724 219 240 725 289 241 726 294 241 727 293 241 728 288 242 729 295 242 730 294 242 731 285 243 732 290 243 733 286 243 734 284 244 735 291 244 736 285 244 737 217 245 738 292 245 739 216 245 740 293 246 741 291 246 742 292 246 743 294 247 744 290 247 745 291 247 746 286 248 747 288 248 748 285 248 749 285 249 750 289 249 751 284 249 752 325 272 813 205 272 814 207 272 815 325 273 816 330 273 817 329 273 818 324 274 819 331 274 820 330 274 821 321 275 822 326 275 823 322 275 824 320 276 825 327 276 826 321 276 827 205 277 828 328 277 829 204 277 830 329 278 831 327 278 832 328 278 833 330 279 834 326 279 835 327 279 836 322 280 837 324 280 838 321 280 839 321 281 840 325 281 841 320 281 842 323 315 942 326 315 943 331 315 944 295 318 951 286 318 952 290 318 953 263 320 957 266 320 958 271 320 959 247 322 963 238 322 964 242 322 965 413 326 975 374 326 976 408 326 977 374 327 978 373 327 979 372 327 980 408 328 981 372 328 982 416 328 983 389 332 993 382 332 994 384 332 995 382 333 996 381 333 997 380 333 998 382 334 999 392 334 1000 384 334 1001 389 335 1002 381 335 1003 383 335 1004 388 336 1005 393 336 1006 389 336 1007 387 337 1008 394 337 1009 388 337 1010 386 338 1011 391 338 1012 390 338 1013 385 339 1014 392 339 1015 391 339 1016 380 340 1017 393 340 1018 392 340 1019 392 341 1020 394 341 1021 391 341 1022 391 342 1023 395 342 1024 390 342 1025 387 343 1026 385 343 1027 386 343 1028 388 344 1029 384 344 1030 385 344 1031 375 355 1062 417 355 1063 373 355 1064 412 356 1065 417 356 1066 413 356 1067 412 357 1068 419 357 1069 418 357 1070 409 358 1071 414 358 1072 410 358 1073 408 359 1074 415 359 1075 409 359 1076 372 360 1077 417 360 1078 416 360 1079 416 361 1080 418 361 1081 415 361 1082 415 362 1083 419 362 1084 414 362 1085 411 363 1086 409 363 1087 410 363 1088 412 364 1089 408 364 1090 409 364 1091 411 376 1125 414 376 1126 419 376 1127 395 378 1131 386 378 1132 390 378 1133 477 382 1143 438 382 1144 472 382 1145 438 383 1146 437 383 1147 436 383 1148 472 384 1149 436 384 1150 480 384 1151 453 388 1161 446 388 1162 448 388 1163 446 389 1164 445 389 1165 444 389 1166 446 390 1167 456 390 1168 448 390 1169 453 391 1170 445 391 1171 447 391 1172 452 392 1173 457 392 1174 453 392 1175 451 393 1176 458 393 1177 452 393 1178 450 394 1179 455 394 1180 454 394 1181 449 395 1182 456 395 1183 455 395 1184 445 396 1185 456 396 1186 444 396 1187 456 397 1188 458 397 1189 455 397 1190 458 398 1191 454 398 1192 455 398 1193 450 399 1194 452 399 1195 449 399 1196 452 400 1197 448 400 1198 449 400 1199 439 411 1230 481 411 1231 437 411 1232 476 412 1233 481 412 1234 477 412 1235 476 413 1236 483 413 1237 482 413 1238 473 414 1239 478 414 1240 474 414 1241 472 415 1242 479 415 1243 473 415 1244 436 416 1245 481 416 1246 480 416 1247 480 417 1248 482 417 1249 479 417 1250 479 418 1251 483 418 1252 478 418 1253 474 419 1254 476 419 1255 473 419 1256 476 420 1257 472 420 1258 473 420 1259 475 432 1293 478 432 1294 483 432 1295 459 434 1299 450 434 1300 454 434 1301 149 491 1452 31 491 1453 30 491 1454 31 492 1455 29 492 1456 28 492 1457 30 493 1458 28 493 1459 152 493 1460 113 500 1479 43 500 1480 42 500 1481 43 501 1482 41 501 1483 40 501 1484 108 502 1485 42 502 1486 40 502 1487 89 506 1497 51 506 1498 50 506 1499 51 507 1500 49 507 1501 48 507 1502 84 508 1503 50 508 1504 48 508 1505 60 512 1515 65 512 1516 59 512 1517 59 513 1518 57 513 1519 56 513 1520 58 514 1521 56 514 1522 68 514 1523 59 515 1524 65 515 1525 69 515 1526 64 516 1527 70 516 1528 69 516 1529 64 517 1530 63 517 1531 71 517 1532 62 518 1533 61 518 1534 67 518 1535 61 519 1536 60 519 1537 68 519 1538 57 520 1539 69 520 1540 68 520 1541 69 521 1542 70 521 1543 67 521 1544 70 522 1545 71 522 1546 66 522 1547 62 523 1548 63 523 1549 64 523 1550 61 524 1551 64 524 1552 65 524 1553 51 535 1584 89 535 1585 93 535 1586 89 536 1587 88 536 1588 94 536 1589 88 537 1590 87 537 1591 95 537 1592 85 538 1593 91 538 1594 90 538 1595 84 539 1596 92 539 1597 91 539 1598 48 540 1599 49 540 1600 93 540 1601 93 541 1602 94 541 1603 91 541 1604 94 542 1605 95 542 1606 90 542 1607 86 543 1608 87 543 1609 88 543 1610 85 544 1611 88 544 1612 89 544 1613 113 555 1644 117 555 1645 41 555 1646 113 556 1647 112 556 1648 118 556 1649 112 557 1650 111 557 1651 119 557 1652 109 558 1653 115 558 1654 114 558 1655 108 559 1656 116 559 1657 115 559 1658 41 560 1659 117 560 1660 116 560 1661 117 561 1662 118 561 1663 115 561 1664 118 562 1665 119 562 1666 114 562 1667 110 563 1668 111 563 1669 112 563 1670 109 564 1671 112 564 1672 113 564 1673 149 586 1734 153 586 1735 29 586 1736 149 587 1737 148 587 1738 154 587 1739 148 588 1740 147 588 1741 155 588 1742 145 589 1743 151 589 1744 150 589 1745 144 590 1746 152 590 1747 151 590 1748 29 591 1749 153 591 1750 152 591 1751 153 592 1752 154 592 1753 151 592 1754 151 593 1755 154 593 1756 155 593 1757 147 594 1758 148 594 1759 145 594 1760 145 595 1761 148 595 1762 149 595 1763 147 629 1863 146 629 1864 150 629 1865 119 631 1872 111 631 1873 110 631 1874 87 4 1878 86 4 1879 90 4 1880 63 634 1884 62 634 1885 66 634 1886 320 644 1914 325 644 1915 207 644 1916 207 645 1917 205 645 1918 204 645 1919 206 646 1920 204 646 1921 328 646 1922 284 653 1941 289 653 1942 219 653 1943 219 654 1944 217 654 1945 216 654 1946 284 655 1947 218 655 1948 216 655 1949 260 659 1959 265 659 1960 227 659 1961 226 660 1962 227 660 1963 225 660 1964 260 661 1965 226 661 1966 224 661 1967 236 665 1977 241 665 1978 235 665 1979 234 666 1980 235 666 1981 233 666 1982 234 667 1983 232 667 1984 244 667 1985 235 668 1986 241 668 1987 245 668 1988 240 669 1989 246 669 1990 245 669 1991 240 670 1992 239 670 1993 247 670 1994 238 671 1995 237 671 1996 243 671 1997 237 672 1998 236 672 1999 244 672 2000 233 673 2001 245 673 2002 244 673 2003 245 674 2004 246 674 2005 243 674 2006 246 675 2007 247 675 2008 242 675 2009 238 676 2010 239 676 2011 240 676 2012 237 677 2013 240 677 2014 241 677 2015 227 688 2046 265 688 2047 269 688 2048 264 689 2049 270 689 2050 269 689 2051 264 690 2052 263 690 2053 271 690 2054 261 691 2055 267 691 2056 266 691 2057 261 692 2058 260 692 2059 268 692 2060 225 693 2061 269 693 2062 268 693 2063 269 694 2064 270 694 2065 267 694 2066 270 695 2067 271 695 2068 266 695 2069 262 696 2070 263 696 2071 264 696 2072 261 697 2073 264 697 2074 265 697 2075 289 708 2106 293 708 2107 217 708 2108 289 709 2109 288 709 2110 294 709 2111 288 710 2112 287 710 2113 295 710 2114 285 711 2115 291 711 2116 290 711 2117 284 712 2118 292 712 2119 291 712 2120 217 713 2121 293 713 2122 292 713 2123 293 714 2124 294 714 2125 291 714 2126 294 715 2127 295 715 2128 290 715 2129 286 716 2130 287 716 2131 288 716 2132 285 717 2133 288 717 2134 289 717 2135 325 739 2196 329 739 2197 205 739 2198 325 740 2199 324 740 2200 330 740 2201 324 741 2202 323 741 2203 331 741 2204 321 742 2205 327 742 2206 326 742 2207 320 743 2208 328 743 2209 327 743 2210 205 744 2211 329 744 2212 328 744 2213 329 745 2214 330 745 2215 327 745 2216 330 746 2217 331 746 2218 326 746 2219 322 747 2220 323 747 2221 324 747 2222 321 748 2223 324 748 2224 325 748 2225 323 781 2325 322 781 2326 326 781 2327 295 783 2334 287 783 2335 286 783 2336 263 785 2340 262 785 2341 266 785 2342 247 786 2346 239 786 2347 238 786 2348 413 790 2358 375 790 2359 374 790 2360 374 791 2361 375 791 2362 373 791 2363 408 792 2364 374 792 2365 372 792 2366 389 796 2376 383 796 2377 382 796 2378 382 797 2379 383 797 2380 381 797 2381 382 798 2382 380 798 2383 392 798 2384 389 799 2385 393 799 2386 381 799 2387 388 800 2388 394 800 2389 393 800 2390 387 801 2391 395 801 2392 394 801 2393 386 802 2394 385 802 2395 391 802 2396 385 803 2397 384 803 2398 392 803 2399 380 804 2400 381 804 2401 393 804 2402 392 805 2403 393 805 2404 394 805 2405 391 806 2406 394 806 2407 395 806 2408 387 807 2409 388 807 2410 385 807 2411 388 808 2412 389 808 2413 384 808 2414 375 819 2445 413 819 2446 417 819 2447 412 820 2448 418 820 2449 417 820 2450 412 821 2451 411 821 2452 419 821 2453 409 822 2454 415 822 2455 414 822 2456 408 823 2457 416 823 2458 415 823 2459 372 824 2460 373 824 2461 417 824 2462 416 825 2463 417 825 2464 418 825 2465 415 826 2466 418 826 2467 419 826 2468 411 827 2469 412 827 2470 409 827 2471 412 828 2472 413 828 2473 408 828 2474 411 840 2508 410 840 2509 414 840 2510 395 842 2514 387 842 2515 386 842 2516 477 846 2526 439 846 2527 438 846 2528 438 847 2529 439 847 2530 437 847 2531 472 848 2532 438 848 2533 436 848 2534 453 852 2544 447 852 2545 446 852 2546 446 853 2547 447 853 2548 445 853 2549 446 854 2550 444 854 2551 456 854 2552 453 855 2553 457 855 2554 445 855 2555 452 856 2556 458 856 2557 457 856 2558 451 857 2559 459 857 2560 458 857 2561 450 858 2562 449 858 2563 455 858 2564 449 859 2565 448 859 2566 456 859 2567 445 860 2568 457 860 2569 456 860 2570 456 861 2571 457 861 2572 458 861 2573 458 862 2574 459 862 2575 454 862 2576 450 863 2577 451 863 2578 452 863 2579 452 864 2580 453 864 2581 448 864 2582 439 875 2613 477 875 2614 481 875 2615 476 876 2616 482 876 2617 481 876 2618 476 877 2619 475 877 2620 483 877 2621 473 878 2622 479 878 2623 478 878 2624 472 879 2625 480 879 2626 479 879 2627 436 880 2628 437 880 2629 481 880 2630 480 881 2631 481 881 2632 482 881 2633 479 882 2634 482 882 2635 483 882 2636 474 883 2637 475 883 2638 476 883 2639 476 884 2640 477 884 2641 472 884 2642 475 896 2676 474 896 2677 478 896 2678 459 898 2682 451 898 2683 450 898 2684</p>
        </triangles>
        <triangles material="Water_003-material" count="54">
          <input semantic="VERTEX" source="#Cube_024-mesh-vertices" offset="0"/>
          <input semantic="NORMAL" source="#Cube_024-mesh-normals" offset="1"/>
          <input semantic="TEXCOORD" source="#Cube_024-mesh-map-0" offset="2" set="0"/>
          <p>535 435 1302 499 436 1303 510 437 1304 517 438 1305 520 439 1306 531 440 1307 527 441 1308 503 442 1309 522 443 1310 514 444 1311 523 445 1312 500 446 1313 527 441 1314 523 445 1315 525 447 1316 501 448 1317 524 449 1318 515 450 1319 515 450 1320 525 447 1321 514 444 1322 520 439 1323 524 449 1324 521 451 1325 524 449 1326 527 441 1327 525 447 1328 502 452 1329 526 453 1330 520 439 1331 518 454 1332 527 441 1333 526 453 1334 529 455 1335 501 448 1336 504 456 1337 529 455 1338 520 439 1339 521 451 1340 506 457 1341 505 458 1342 496 459 1343 505 458 1344 529 455 1345 504 456 1346 507 460 1347 528 461 1348 506 457 1349 530 462 1350 529 455 1351 528 461 1352 507 460 1353 516 463 1354 530 462 1355 530 462 1356 517 438 1357 531 440 1358 533 464 1359 498 465 1360 512 466 1361 535 435 1362 511 467 1363 533 464 1364 523 445 1365 513 468 1366 500 446 1367 513 468 1368 533 464 1369 512 466 1370 523 445 1371 534 469 1372 532 470 1373 532 470 1374 535 435 1375 533 464 1376 503 442 1377 534 469 1378 522 443 1379 534 469 1380 509 471 1381 535 435 1382 535 435 2685 509 471 2686 499 436 2687 517 438 2688 502 452 2689 520 439 2690 527 441 2691 519 899 2692 503 442 2693 514 444 2694 525 447 2695 523 445 2696 527 441 2697 522 443 2698 523 445 2699 501 448 2700 521 451 2701 524 449 2702 515 450 2703 524 449 2704 525 447 2705 520 439 2706 526 453 2707 524 449 2708 524 449 2709 526 453 2710 527 441 2711 502 452 2712 518 454 2713 526 453 2714 518 454 2715 519 899 2716 527 441 2717 529 455 2718 521 451 2719 501 448 2720 529 455 2721 531 440 2722 520 439 2723 506 457 2724 528 461 2725 505 458 2726 505 458 2727 528 461 2728 529 455 2729 507 460 2730 530 462 2731 528 461 2732 530 462 2733 531 440 2734 529 455 2735 507 460 2736 497 900 2737 516 463 2738 530 462 2739 516 463 2740 517 438 2741 533 464 2742 511 467 2743 498 465 2744 535 435 2745 510 437 2746 511 467 2747 523 445 2748 532 470 2749 513 468 2750 513 468 2751 532 470 2752 533 464 2753 523 445 2754 522 443 2755 534 469 2756 532 470 2757 534 469 2758 535 435 2759 503 442 2760 508 901 2761 534 469 2762 534 469 2763 508 901 2764 509 471 2765</p>
        </triangles>
      </mesh>
    </geometry>
  </library_geometries>
  <library_visual_scenes>
    <visual_scene id="Scene" name="Scene">
      <node id="Cube_002" name="Cube.002" type="NODE">
        <matrix sid="transform">0.3876679 0 0 -0.04371673 0 1.123651 0 0.06546178 0 0 0.2192858 -1.49012e-8 0 0 0 1</matrix>
        <instance_geometry url="#Cube_024-mesh" name="Cube.002">
          <bind_material>
            <technique_common>
              <instance_material symbol="WoodDark_015-material" target="#WoodDark_015-material">
                <bind_vertex_input semantic="UVMap" input_semantic="TEXCOORD" input_set="0"/>
              </instance_material>
              <instance_material symbol="WoodDark_014-material" target="#WoodDark_014-material">
                <bind_vertex_input semantic="UVMap" input_semantic="TEXCOORD" input_set="0"/>
              </instance_material>
              <instance_material symbol="WoodBright2_013-material" target="#WoodBright2_013-material">
                <bind_vertex_input semantic="UVMap" input_semantic="TEXCOORD" input_set="0"/>
              </instance_material>
              <instance_material symbol="WoodBright_016-material" target="#WoodBright_016-material">
                <bind_vertex_input semantic="UVMap" input_semantic="TEXCOORD" input_set="0"/>
              </instance_material>
              <instance_material symbol="Material_008-material" target="#Material_008-material">
                <bind_vertex_input semantic="UVMap" input_semantic="TEXCOORD" input_set="0"/>
              </instance_material>
              <instance_material symbol="Skull_005-material" target="#Skull_005-material">
                <bind_vertex_input semantic="UVMap" input_semantic="TEXCOORD" input_set="0"/>
              </instance_material>
              <instance_material symbol="Roof_006-material" target="#Roof_006-material">
                <bind_vertex_input semantic="UVMap" input_semantic="TEXCOORD" input_set="0"/>
              </instance_material>
              <instance_material symbol="Water_003-material" target="#Water_003-material">
                <bind_vertex_input semantic="UVMap" input_semantic="TEXCOORD" input_set="0"/>
              </instance_material>
            </technique_common>
          </bind_material>
        </instance_geometry>
      </node>
    </visual_scene>
  </library_visual_scenes>
  <scene>
    <instance_visual_scene url="#Scene"/>
  </scene>
</COLLADA>