<?xml version="1.0" encoding="utf-8"?>
<COLLADA xmlns="http://www.collada.org/2005/11/COLLADASchema" version="1.4.1" xmlns:xsi="http://www.w3.org/2001/XMLSchema-instance">
  <asset>
    <contributor>
      <author>Blender User</author>
      <authoring_tool>Blender 4.4.0 commit date:2025-03-17, commit time:17:00, hash:05377985c527</authoring_tool>
    </contributor>
    <created>2026-08-24T20:39:55</created>
    <modified>2026-08-24T20:39:55</modified>
    <unit name="meter" meter="1"/>
    <up_axis>Z_UP</up_axis>
  </asset>
  <library_effects>
    <effect id="Material-effect">
      <profile_COMMON>
        <technique sid="common">
          <lambert>
            <emission>
              <color sid="emission">0 0 0 1</color>
            </emission>
            <diffuse>
              <color sid="diffuse">0.1959882 0.1403081 0.0597089 1</color>
            </diffuse>
            <index_of_refraction>
              <float sid="ior">1.45</float>
            </index_of_refraction>
          </lambert>
        </technique>
      </profile_COMMON>
    </effect>
  </library_effects>
  <library_images/>
  <library_materials>
    <material id="Material-material" name="Material">
      <instance_effect url="#Material-effect"/>
    </material>
  </library_materials>
  <library_geometries>
    <geometry id="Cube_026-mesh" name="Cube.026">
      <mesh>
        <source id="Cube_026-mesh-positions">
          <float_array id="Cube_026-mesh-positions-array" count="1158">-1.189201 -0.9609187 -0.9736211 -0.9110632 -1.10542 1.114542 -0.9272713 1.082949 -1.071292 -1.136014 1.131848 0.9614836 0.7641287 -1.053477 -0.9387035 0.8148079 -0.9846406 0.9811938 1.116621 0.8210137 -1.021269 1.037148 0.8916545 1.037227 -1.07606 0.6235762 -1.197364 -1.159306 0.1306208 -1.134455 -1.161207 -0.4235311 -1.171952 -1.096016 -1.090594 -0.4293209 -1.323557 -1.355624 0.01530867 -1.427686 -1.088988 0.7140824 -1.280559 -0.4119414 1.214592 -1.495776 -0.003372728 1.304287 -1.197732 0.6135376 1.099422 -1.17972 1.274504 0.7468631 -1.115963 1.086505 0.08913731 -1.2734 1.494807 -0.4103862 0.3553433 1.183361 -0.9940534 0.1444272 1.078705 -1.233386 -0.5846832 1.225713 -1.130336 -0.5272792 0.9627907 1.024919 0.02730298 1.392693 1.083385 0.243425 1.303904 1.082063 1.380796 1.192428 0.4904297 1.079564 1.378599 -0.02935695 0.9839491 1.174851 -0.6420803 1.07933 -0.1994261 -1.235694 1.358968 0.1214708 -1.19788 1.156866 0.398506 -1.084881 1.094691 0.4507737 0.9877653 1.2183 0.09941756 1.438066 1.103902 -0.4444773 1.121279 1.346944 -1.128662 0.5358599 1.094119 -1.460908 0.01902735 1.307445 -1.248512 -0.6072532 -0.2731116 -1.033141 -1.036403 -0.03302699 -1.374558 -1.264949 0.2993751 -1.221855 -0.9926099 0.379138 -1.380361 1.186861 0.06104749 -1.089601 1.019036 -0.3826572 -1.196924 1.185079 0.4475505 0.8393558 1.455652 0.3426425 -0.4272167 1.665946 0.5404646 -0.642175 1.731802 -0.06448274 0.8002658 1.263903 -0.04238337 -0.026789 1.816807 0.09935158 -0.7393571 1.432969 -0.5383476 0.459876 1.418512 -0.7633438 -0.009522199 1.516827 -0.4297741 -0.9763785 1.453844 -0.8762856 0.6978549 -1.393242 -0.5824623 0.173869 -1.492096 -0.4823275 -0.2773113 -1.451891 -0.08262807 0.4569691 -1.653662 0.1393424 -0.2672606 -1.837828 0.01386117 -0.4202561 -1.52128 0.6642618 0.5950818 -1.252448 0.5671473 0.03693634 -1.501509 0.3892622 -0.7970351 -1.189264 0.5572732 -1.827306 -0.7914459 -0.02465999 -1.488229 -0.8695685 -0.4548294 -1.405726 -0.5477996 0.3871129 -1.93314 0.225999 0.1314566 -1.859929 0.200597 -0.8690187 -1.70154 -0.0462706 0.6960976 -1.647794 0.7390791 0.1742985 -1.435567 0.6580794 -0.5107294 -1.385874 0.7893462 1.181917 0.514491 -0.7525714 1.420721 -0.2607125 -0.9454323 1.752963 -0.8349668 -0.7714904 1.209578 0.4375563 0.08615493 1.684279 -0.03610926 0.06020623 1.442062 -1.022347 -0.03245615 1.583168 0.6203542 0.5961409 1.887341 0.3651287 0.689001 1.602182 -0.9590814 0.6766145 -0.7962774 1.8197 -0.610022 -0.1941796 1.779783 -0.814939 0.6202021 1.35838 -0.4946526 -0.6392286 1.494836 -0.008453547 0.04068303 1.732979 0.2365305 0.5007631 1.619187 0.09611469 -0.4288726 1.710083 0.7575297 0.1207854 1.585376 0.626449 0.7218084 1.462872 0.7481473 -1.449919 -0.2792796 -0.7954335 -1.785209 0.08434259 -0.4892633 -1.515267 0.7291678 -0.5652225 -1.787456 -0.6749134 -0.09907996 -1.539238 0.04964917 0.03097748 -1.504537 0.3755162 0.07820749 -1.499836 -0.5338351 0.8066954 -1.601147 0.2039644 1.063236 -1.296815 0.9130031 0.978487 -1.192618 -0.6989166 -1.093377 -1.183073 -1.114319 0.9312828 -1.167636 0.8736358 1.033655 -1.151979 1.327067 -0.7916834 -0.7621385 1.163925 -1.113365 0.658155 1.127699 1.100875 1.062235 1.009258 -0.8380623 1.138111 0.6100953 -1.054437 0.9646628 -0.7191575 1.058014 1.048509 -1.180063 -0.8109365 0.5309016 -1.136132 -0.9631168 -0.6533747 -1.173573 1.169552 -1.012479 0.8600426 -1.14627 -1.125681 0.3774211 -1.173961 -1.172601 -0.1454102 -1.168019 -1.145428 -1.025664 -0.7009664 -1.227436 -1.241255 -0.2268549 -1.415505 -1.260251 0.3732314 -1.11797 -0.7742869 1.190901 -1.396266 -0.2149134 1.273061 -1.370456 0.3281461 1.236823 -1.167897 1.217059 0.8654443 -1.156961 1.193423 0.4134237 -1.204631 1.29688 -0.152401 0.7489002 1.030822 -1.027561 0.2541119 1.137761 -1.120387 -0.2202631 1.178287 -1.22002 -0.831828 1.049606 1.001036 -0.2574588 1.185963 1.064564 0.1366786 1.351423 1.087841 1.252225 1.066581 0.8045107 1.253294 1.307206 0.2249104 1.039128 1.284131 -0.3393317 0.9257083 -0.6309465 -1.095902 1.238353 -0.0517531 -1.250389 1.263549 0.2662652 -1.146697 1.063889 0.6715393 1.007235 1.17331 0.2936673 1.222791 1.184847 -0.1955043 1.310543 1.088393 -1.074684 0.7733415 1.234737 -1.312701 0.2820118 1.222145 -1.386786 -0.2977143 -0.7329239 -1.01318 -1.012223 -0.1641116 -1.198386 -1.170438 0.1545814 -1.315647 -1.145129 0.6363791 -1.205948 1.122389 0.2192988 -1.233223 1.107498 -0.1636742 -1.136489 1.098768 0.4640041 -1.037634 1.493802 0.349062 1.087826 1.287045 0.4102916 0.2196952 1.650446 0.4361344 -0.5349454 1.714338 0.0744881 -0.9313315 1.240791 -0.02146995 1.10271 1.192626 -0.05833429 0.4104241 1.575981 0.02787578 -0.414874 1.6837 -0.4073902 -1.098646 1.329099 -0.5342631 0.7134426 1.22437 -0.656462 0.2325067 1.489812 -0.6173076 -0.5052884 1.564851 0.7865985 0.6458426 1.24247 0.7999778 -0.1655629 1.623118 0.8504756 -0.5606254 1.447049 0.1814978 0.832621 1.383966 0.1547263 -0.2310557 1.763865 0.3120526 -0.7171047 1.602547 -0.3020922 0.6321124 1.343627 -0.4096307 -0.01539498 1.683239 -0.1663856 -0.8559536 1.435373 -0.8704684 0.5403597 1.265746 -1.140116 -0.008403718 1.446879 -0.8875172 -0.7190926 1.390437 -0.3891268 -0.6703234 -1.265867 -0.7381297 0.9755488 -1.280947 -0.7361502 0.4364264 -1.465802 -0.5392617 -0.05446773 -1.485714 -0.01270848 -0.8985054 -1.397775 0.03500276 0.7842574 -1.470032 0.0275104 0.1092585 -1.803411 0.0748471 -0.3592355 -1.68773 0.3447012 -1.009633 -1.091168 0.5168777 0.8994453 -1.138069 0.6288617 0.3243633 -1.400831 0.4961615 -0.3988099 -1.385264 -0.9838186 0.6630915 -1.3022 -0.881913 0.1519233 -1.331102 -0.8285159 -0.3532805 -1.329781 -0.4891532 0.5925953 -1.567047 -0.2508592 -0.04427635 -1.729219 -0.2405148 -0.3597993 -1.508811 0.3044083 0.5414105 -1.483653 0.3735878 -0.1158054 -1.694964 0.2041189 -0.619536 -1.370522 0.924642 0.5136442 -1.190284 0.9810228 0.09217369 -1.400157 0.7347977 -0.4991487 -1.216844 -0.7857666 -1.264727 -0.5004728 0.9643 -1.571197 -0.7248368 0.252934 -1.68799 -0.8620694 -0.2414852 -1.448945 -0.7105065 -1.111405 -1.547958 -0.01822191 0.7862769 -1.761853 0.1305734 0.2561674 -1.90666 0.2154897 -0.3705619 -1.80047 0.07171881 -0.9922656 -1.298861 0.7903157 1.047313 -1.412494 0.6580861 0.4197861 -1.570132 0.7233183 -0.1685715 -1.401441 0.7183423 0.4190335 -1.542069 -0.9327528 -0.02899384 -1.451944 -1.073164 -0.3708685 -1.233357 -0.8052839 0.4838821 -1.983648 -0.2915266 0.01272904 -1.773104 -0.3629471 -0.6628367 -1.581273 -0.3140915 0.5473883 -1.82508 0.4983066 0.1428767 -1.66628 0.447465 -0.7072222 -1.616058 0.406308 0.5398094 -1.532999 0.9758214 0.1156771 -1.265778 0.8409924 -0.4472931 -1.302427 0.9926725 1.549538 -1.066875 -0.7002173 1.108878 0.8548627 -0.7117521 1.322214 0.1354078 -0.8573687 1.61017 -0.5435801 -0.8889564 1.2901 -1.259024 -0.006153821 1.19343 0.9144673 0.02546095 1.459823 0.2137337 0.0715754 1.641627 -0.54698 -0.002268135 1.480119 -1.053315 0.6075384 1.476254 0.9043785 0.5433581 1.742254 0.5018448 0.6446622 1.899048 -0.3306261 0.7282658 1.184678 0.465313 -0.9229553 1.399364 -0.07187539 -1.077398 1.460017 -0.5147257 -1.063872 1.164112 0.4634446 -0.3333187 1.573759 -0.1443168 -0.4490991 1.631958 -0.9590033 -0.3951772 1.41381 0.5551522 0.3189843 1.830825 0.1709939 0.355929 1.548487 -1.014175 0.3182187 1.364417 0.5758092 0.8411707 1.623571 0.2641582 1.138036 1.378464 -0.7080678 0.9347121 0.8091868 1.283661 -0.5720406 -1.056492 1.686979 -0.5135785 -0.4979165 1.840853 -0.7283871 0.2319791 1.596099 -0.6674771 0.8026666 1.531631 0.02828073 -0.903896 1.323462 0.0490638 -0.3102977 1.650086 0.1094682 0.2746219 1.691703 0.1664389 1.080988 1.379367 0.6409255 -0.8286359 1.533791 0.770918 -0.1470537 1.669741 0.7003591 0.4239833 1.547535 0.6975962 -0.7124103 1.56646 -0.9290456 -0.008413791 1.462079 -1.065854 0.4969681 1.285781 -0.7544555 -0.7309487 1.687643 -0.2893897 -0.0614835 1.825235 -0.2895491 0.5723448 1.514439 -0.208197 -0.5453047 1.623268 0.3717813 0.0832073 1.673781 0.4365097 0.6240411 1.581148 0.4274244 -0.508413 1.357473 0.9388495 0.07399117 1.520003 0.8679648 0.4883334 1.405929 0.934026 -1.435659 1.125582 -0.4904773 -1.315254 -0.7142127 -0.6363771 -1.642447 -0.1053823 -0.6601986 -1.667688 0.4135349 -0.5317003 -1.337079 0.7456052 0.08813732 -1.598649 -1.045964 -0.04958975 -1.710889 -0.2951356 -0.04079169 -1.529344 0.2132667 0.05535155 -1.250014 1.101776 0.8692585 -1.484918 -0.8166435 0.7752677 -1.590004 -0.1750822 0.9485434 -1.471015 0.5692962 1.032197 -1.325246 -0.3560144 -0.9970194 -1.526117 0.1184983 -0.8633179 -1.340154 0.6924883 -0.9148973 -1.650726 -0.4821474 -0.4656559 -1.682003 0.0679081 -0.2197299 -1.537444 0.5562607 -0.2408943 -1.703141 -0.6211676 0.3753154 -1.617684 0.1330026 0.5433322 -1.449655 0.6563358 0.5324384 -1.410397 -0.4814312 1.024055 -1.565273 0.1043459 1.194594 -1.260396 0.7621756 1.046995 -1.438859 0.4504804 1.143784 -1.510353 -0.199399 1.126164 -1.320703 -0.8094045 0.9975939 -1.548203 0.3994267 0.542263 -1.706552 -0.2409749 0.4688428 -1.597263 -0.9578049 0.3803006 -1.621894 0.3156564 -0.2310141 -1.701042 -0.2062819 -0.348977 -1.484758 -0.8929356 -0.3645782 -1.446157 0.4089819 -0.8972331 -1.44315 -0.1224381 -0.9433536 -1.261794 -0.7080853 -0.8719329 -1.321413 0.9360606 0.4788615 -1.404687 0.9415103 -0.1951278 -1.272669 1.020289 -0.8667976 0.2829842 1.474756 0.9099269 -0.2197839 1.452919 0.9147829 -0.844198 1.306103 0.9203922 0.3569387 1.646397 0.43623 -0.2342003 1.677524 0.4121173 -0.876932 1.446352 0.4059689 0.2662103 1.690739 -0.253005 -0.4044457 1.796474 -0.2951596 -0.9928008 1.52342 -0.2184982 0.2552854 1.387432 -0.9203764 -0.360816 1.552469 -1.028673 -0.9476405 1.46762 -0.8734441 0.9602577 1.490015 0.331247 0.8161805 1.42365 -0.2793796 0.7896949 1.171515 -0.807379 1.578806 -0.2530481 1.091278 1.506289 0.4354434 0.9950992 1.303281 0.8198077 0.8196905 1.813267 -0.4511325 0.3400539 1.63314 0.3749185 0.3384664 1.348348 0.934868 0.2761931 1.662949 -0.5485752 -0.4403856 1.381423 0.1694146 -0.3987368 1.14091 0.879646 -0.353454 1.44929 -0.2912389 -1.091022 1.305026 0.2042194 -1.008187 1.133532 0.7409277 -0.8893137 1.403681 -1.176506 0.3032797 1.448902 -1.195115 -0.3520969 1.268733 -0.8627136 -0.9541665 -0.1675067 -1.276274 0.9124189 0.3167875 -1.409405 0.9230169 0.847944 -1.330943 0.9049276 -0.2820223 -1.642004 0.4227614 0.3357201 -1.766471 0.4828338 0.930534 -1.6136 0.409682 -0.325703 -1.67911 -0.3399511 0.2370924 -1.906197 -0.3352797 0.8968787 -1.739615 -0.3082237 -0.2092934 -1.347905 -0.9468845 0.1972731 -1.518054 -1.023658 0.7422556 -1.371524 -0.884611 -1.084094 -1.482563 0.398801 -0.9585413 -1.431382 -0.2788187 -0.7633513 -1.142984 -0.7649331 0.8810076 -0.2231598 -1.340934 0.9643614 0.3106465 -1.307662 0.8429987 0.7763106 -1.115155 0.2940629 -0.3846396 -1.556368 0.3503772 0.2271056 -1.630068 0.2849912 0.8519055 -1.321451 -0.2475342 -0.2100991 -1.630469 -0.3803886 0.2804256 -1.687997 -0.3575896 0.9013242 -1.418107 -0.8649715 -0.1017478 -1.344962 -0.9422959 0.4065209 -1.332453 -0.8829061 0.9238448 -1.223543 0.1785334 -0.9682302 -1.259977 -0.2087175 -0.7856822 -1.354509 -0.7970047 -0.6960593 -1.192759 -1.033279 -0.3738182 1.458354 -1.016919 0.2818819 1.387192 -0.8520645 0.7965607 1.136292 -0.2978823 -0.4583176 1.626403 -0.3607289 0.3242035 1.542101 -0.2815605 0.9143246 1.214302 0.2344944 -0.4843643 1.715269 0.1684023 0.3224648 1.634644 0.1597487 1.102074 1.253414 0.8354602 -0.3716842 1.557293 0.8111381 0.2612838 1.477239 0.7256205 0.8894613 1.177886 -0.1683768 -1.010511 1.278953 0.2646637 -0.997224 1.378211 0.7530229 -0.8969385 1.305526 -0.7790574 -0.9605968 1.300215 0.6348392 -0.819647 -1.09342 -0.8279086 -1.248266 0.9922576 1.240189 -0.8992648 0.8597987 0.8956291 1.280034 0.9040763 -1.220372 0.9940434 0.9641368</float_array>
          <technique_common>
            <accessor source="#Cube_026-mesh-positions-array" count="386" stride="3">
              <param name="X" type="float"/>
              <param name="Y" type="float"/>
              <param name="Z" type="float"/>
            </accessor>
          </technique_common>
        </source>
        <source id="Cube_026-mesh-normals">
          <float_array id="Cube_026-mesh-normals-array" count="2304">-0.6759383 0.4253647 0.6018075 0.4741855 0.4351769 0.7653556 0.3273965 -0.6302666 0.7039714 -0.3719667 -0.71906 0.5870209 0.2454186 -0.4368947 -0.8653859 -0.3175271 -0.6249297 0.7131896 0.62622 -0.5586776 0.5438087 -0.6066638 -0.5460783 0.5777176 0.4130927 -0.7412641 0.5290388 0.6323716 0.3424875 0.6948442 0.3532032 0.2942693 0.8880614 0.6845968 -0.3260007 0.6519591 -0.4470058 0.3605583 0.8186475 0.4371327 0.1942138 0.8781777 -0.5044007 -0.5067085 0.6991612 -0.2961387 0.4156294 0.8599733 -0.2789654 0.4025203 0.8718691 0.2277942 -0.3594193 0.9049462 -0.324653 0.4450276 0.8345962 -0.3341113 0.3238029 0.8851674 -0.6138199 -0.3937261 0.6842549 -0.1205742 -0.5094219 -0.8520277 -0.4142934 -0.4077057 -0.8137181 0.6493775 -0.2786756 -0.7075653 -0.6589644 0.4392177 -0.6106176 -0.5253306 -0.1290534 -0.8410547 -0.3109025 -0.1020938 -0.9449426 0.009279608 0.43128 -0.9021704 -0.2658815 0.01630121 -0.9638679 -0.1856945 -0.6249335 -0.7582716 0.4389976 0.437438 -0.7848115 0.6170041 0.1864532 -0.7645528 0.4626445 -0.652228 -0.6004654 0.3788571 0.3614366 -0.851957 0.481939 0.3725176 -0.7930734 0.4414553 -0.5519477 -0.7074397 -0.3147627 -0.934521 -0.1661168 -0.5400424 -0.6034204 -0.5867182 -0.5188828 -0.7206358 0.459831 0.2958024 -0.3050866 -0.9052199 -0.2431311 -0.9558271 -0.1651722 -0.7265464 -0.5904927 -0.3513527 0.5094164 -0.8563115 0.08500373 -0.5076726 -0.8611661 -0.02572333 -0.2870276 -0.9098941 -0.2995129 0.5127595 -0.811343 0.2807142 -0.4394147 -0.6144477 0.6552624 -0.07206517 -0.8381541 0.5406519 0.4800749 -0.4728741 0.7388628 -0.6341264 -0.6983894 0.3318676 0.2390568 -0.7791119 0.5795139 0.3959555 -0.5917055 -0.7022137 0.6595464 -0.7327896 0.1673855 0.5762991 -0.7612856 0.2971928 0.9816609 0.1868079 -0.03801029 0.9483858 0.3151049 0.03568398 0.7545167 -0.04333639 -0.6548486 0.9887626 0.04827558 -0.1414846 0.7957622 0.5337752 -0.2860884 0.9963648 -0.06986552 0.04874366 0.9014204 0.1081614 -0.4192166 0.6569796 0.5975078 -0.4597414 0.90373 -0.4222605 -0.07048487 0.5224313 0.2037881 0.827971 0.1762661 0.6990249 0.6930329 0.2182425 -0.4020593 0.8892236 0.4042882 0.7718669 -0.4906858 0.4416281 0.8405422 -0.313773 0.549001 0.831678 0.0831241 -0.4227969 0.6523779 -0.6290039 0.0864064 0.6480983 -0.7566391 0.5981407 0.6443302 -0.4765147 -0.2993785 0.7382748 0.6044194 -0.08387118 0.9306358 0.3562059 0.5103576 0.8429693 -0.1701111 -0.4773029 0.8667753 -0.1445083 0.009944736 0.9996627 0.02398806 0.2361143 0.9273751 0.2902161 -0.09727424 0.2942334 0.9507704 -0.1203259 0.865847 0.4856241 0.1459084 0.6851851 0.7136051 -0.7838475 0.4202955 -0.4570939 -0.7406489 0.3478355 0.5748476 -0.8490753 0.4970832 -0.1788281 -0.8578971 -0.3022458 -0.4155237 -0.8168784 -0.09214311 -0.5694026 -0.8440229 0.2873661 -0.4528202 -0.7502654 -0.4272664 -0.504525 -0.99719 0.07417702 -0.01047533 -0.9024692 0.3282128 0.2789726 -0.8940295 -0.2759609 0.3529262 -0.9602028 0.1868169 0.2076295 -0.9331379 0.3588071 0.0226078 -0.6489105 -0.2358279 0.7233951 -0.9092366 -0.240882 0.3395067 -0.0402109 0.3172441 0.9474911 -0.3510081 0.3156602 0.8815622 -0.7638927 0.3197262 0.5605739 -0.5261605 0.308488 0.7924584 -0.9759378 -0.08893179 0.1990898 -0.8215107 -0.375972 0.4286782 -0.6520425 -0.4515888 0.6090223 -0.7979846 -0.1079816 0.5929255 -0.7652849 -0.2899344 0.5746973 -0.5886033 -0.4163777 0.6929472 -0.9812586 0.1642312 -0.1007958 -0.9828654 0.0838834 -0.1641314 -0.9676333 0.2523341 -0.003663599 -0.8910779 0.4520435 -0.0404576 -0.9729738 0.1726239 0.153372 -0.8890423 -0.1168698 0.4426571 -0.8923346 -0.4415977 0.09343749 -0.7460404 -0.665748 -0.0142582 -0.8329503 -0.5058124 0.2243828 -0.8789618 0.4431636 0.1761598 -0.9005353 0.3540261 0.2523921 -0.8972688 0.2347301 0.3739123 -0.8719167 -0.3933057 -0.2916709 -0.7170286 -0.3072984 -0.6256499 -0.9861268 -0.1484351 -0.07430374 -0.6280066 -0.4313247 -0.6477397 -0.4229394 -0.6133205 -0.6670534 -0.5786705 -0.631536 -0.5160455 -0.7184687 0.07913249 -0.6910433 -0.6550115 -0.03160881 -0.7549574 -0.84153 0.1718465 -0.5121483 -0.6277105 0.1236863 -0.7685579 -0.7332256 -0.0204243 -0.6796787 -0.8524277 -0.3387925 -0.3982294 -0.7451072 -0.1030267 -0.6589393 -0.9419876 -0.1496173 -0.3004561 -0.8760211 -0.434098 -0.2101094 -0.8169865 0.5305802 -0.2258712 -0.8999181 0.411096 -0.1454217 -0.9024465 0.4260081 0.06409049 -0.8528208 0.2790315 0.4414047 -0.9673627 0.1567215 0.1991173 -0.8839898 0.2583331 0.3896486 -0.5148181 0.4435627 -0.733631 -0.6505672 0.3233981 -0.6871505 -0.8568691 0.2431129 -0.4546114 0.1656581 0.8652668 0.4731499 0.03600639 0.9377846 0.3453457 0.05306887 0.7997214 0.5980212 0.3621467 0.8796687 0.3082739 0.2396841 0.6408367 0.729301 -0.09245091 0.4971107 0.8627478 -0.1838635 0.4819915 0.8566671 -0.4314473 0.5155116 0.7403385 -0.2988299 0.6624233 0.6869471 0.3217984 0.9448742 0.06048464 0.2353991 0.9444113 0.2295094 0.09141093 0.9096102 0.4052819 -0.2182006 0.9753267 -0.03356117 -0.3504051 0.9101811 -0.2208769 -0.1471387 0.9735665 -0.1746954 -0.5636826 0.793172 -0.2305217 -0.7363992 0.6093294 -0.2939966 -0.6570605 0.7209714 -0.2201634 0.5799949 0.7824775 -0.2265723 0.442839 0.876735 -0.1876949 0.3694929 0.9248234 0.09042477 0.2116758 0.9758307 0.05429244 -0.02769929 0.993789 0.1077783 -0.2430132 0.7609509 0.6015799 -0.2870192 0.8637353 0.414224 -0.4235028 0.7504699 0.5073859 -0.4724246 0.6235038 0.6229431 0.5708315 0.5117092 -0.6421098 0.4728801 0.504278 -0.7225567 0.4881034 0.6947599 -0.5282649 0.0835402 0.426808 -0.9004755 -0.1702402 0.3972082 -0.9018004 -0.1782093 0.6677987 -0.7226938 -0.2326984 0.4285158 -0.8730553 -0.4058564 0.400929 -0.8213018 -0.6131452 0.5784153 -0.5380415 0.4611622 0.8792867 -0.1190977 0.2797976 0.9600396 0.006115913 0.3175957 0.9169962 0.2413525 0.3772718 0.8470054 -0.3744967 0.1751449 0.8865295 -0.4282402 0.2506489 0.9168382 -0.310778 0.406589 0.6948167 -0.5932244 0.2727766 0.8157997 -0.5099644 0.258795 0.8634879 -0.4329133 0.5402028 -0.3191741 0.7786583 0.8571398 0.04338747 0.5132532 0.6224383 -0.1237404 0.7728252 0.5179996 0.706232 0.4826102 0.4112235 0.758815 0.5050693 0.01592755 0.7460815 0.665664 0.7272877 0.3799833 0.5715464 0.8070948 0.354259 0.472333 0.6512145 0.1800808 0.7372181 0.8953498 -0.3591548 -0.2633565 0.8960332 -0.02057212 -0.4435101 0.977638 -0.02225494 -0.209114 0.5543137 0.5272941 -0.6439698 0.4612913 0.5605454 -0.6877494 0.574922 0.6452516 -0.5031054 0.7644091 -0.05585956 -0.6423073 0.8354278 0.1422559 -0.5308706 0.9147402 0.1839767 -0.3597263 0.9089469 0.4041287 -0.1024467 0.8070836 0.4688997 -0.3588163 0.9752398 0.2161687 0.04667419 0.8902917 0.2979591 -0.344385 0.9139502 0.3786294 -0.1460642 0.7699629 0.6104167 -0.1858729 0.9700671 0.2203909 -0.1019688 0.9177989 0.3819416 -0.1084703 0.9567176 0.2461619 -0.1552282 0.2583315 -0.3671072 -0.8935866 0.6875952 -0.2750749 -0.6719722 0.9666125 0.210965 0.1454444 0.8344921 0.5510115 -0.003064095 0.7867932 0.6159006 0.04028671 0.9147747 0.3966155 0.07670396 0.9696535 0.1168457 -0.2147536 0.9920571 0.1105251 -0.06005781 0.9642128 0.2628389 -0.03477746 0.718011 -0.6959821 0.008305132 0.823104 -0.5458846 -0.1565561 0.7396985 -0.6676149 0.08447802 0.5595369 -0.8170282 -0.1392244 0.7556228 -0.6544393 0.02726507 0.7776197 -0.5459989 0.3117575 0.1176875 -0.3854885 -0.9151766 0.1312441 -0.3474962 -0.9284511 0.3380602 -0.4469322 -0.8282312 0.07396662 -0.8382639 0.5402244 0.04882323 -0.7241858 0.6878744 0.2060576 -0.6632249 0.719495 -0.5201627 -0.776152 0.3563968 -0.2748549 -0.9238131 0.2665034 -0.5116649 -0.8324781 0.2125542 0.5304765 -0.5785345 0.6195907 0.6029894 -0.3223044 0.7297422 0.5742895 -0.1232846 0.8093161 -0.2476074 -0.9320396 0.2645614 -0.217452 -0.8678939 0.4466258 -0.08094048 -0.7576157 0.6476628 -0.3442555 -0.7309186 0.589276 -0.2099367 -0.8388086 0.5023213 -0.2443796 -0.7075321 0.6630815 0.4146858 -0.902774 0.1141697 0.7018398 -0.7121654 0.0155344 0.7295252 -0.6572753 0.1891617 -0.5370293 -0.6564438 -0.5297935 -0.4468717 -0.7934622 -0.413187 -0.2741647 -0.9139223 -0.2992987 -0.5322655 -0.7540964 -0.3847494 -0.3138262 -0.87383 -0.3713949 -0.3009721 -0.9535844 0.009621143 0.5448818 -0.8043297 -0.2369757 0.7016508 -0.7022817 -0.1203607 0.726394 -0.673698 0.1359516 -0.8848552 -0.2843524 -0.369019 -0.833841 -0.5177651 -0.1913858 -0.5637137 -0.8151469 -0.1332761 0.4718066 -0.8141602 -0.3384402 0.769251 -0.2016111 -0.6063051 0.2360213 -0.6279048 -0.7416397 0.1689577 -0.1197395 -0.9783229 0.1640925 -0.176354 -0.9705529 0.3848058 -0.2766807 -0.8805522 -0.6491701 -0.743807 0.1591518 -0.5140891 -0.8415914 0.1656392 -0.3042534 -0.8329525 0.4621905 -0.4526492 -0.5066519 -0.733766 -0.3499498 -0.5724855 -0.7414819 -0.4128064 -0.668912 -0.6181809 -0.1396705 -0.8695783 -0.4736304 -0.06731897 -0.7398495 -0.6693959 -0.2381018 -0.7694144 -0.5927132 0.3570318 -0.4878892 -0.7965503 0.2376025 -0.286327 -0.9282037 0.360298 -0.2813162 -0.889408 0.1914227 0.2876055 -0.9384245 0.3328149 0.419407 -0.8445898 0.5506497 0.4959706 -0.6714152 0.2260619 0.4366905 -0.8707454 0.1223084 0.5034491 -0.8553243 0.2400293 0.3940808 -0.8871787 0.08042931 -0.9450175 -0.3169746 0.1741073 -0.8711953 -0.4590265 0.5361075 -0.5066741 -0.6751815 0.4106927 0.2032314 -0.8888355 0.2870478 0.4541552 -0.8434137 0.4811036 0.4270244 -0.7656301 0.3004323 0.3822996 -0.8738349 0.3317266 0.5130053 -0.7916964 0.4478026 0.5462657 -0.7078606 -0.5366541 -0.2589989 -0.8030704 -0.6357143 -0.1414856 -0.7588472 -0.4715467 -0.4581657 -0.7534773 -0.5925776 -0.270895 -0.7585959 -0.4002845 0.03954112 -0.9155375 -0.08902001 0.3327264 -0.9388124 -0.2528325 0.468175 -0.8466923 -0.1722521 0.5834765 -0.7936526 0.05825281 0.5614802 -0.8254372 -0.4277913 -0.004740476 -0.9038652 -0.5080804 0.1280388 -0.8517397 -0.4744006 0.01640707 -0.8801562 -0.5748573 -0.0523926 -0.8165746 -0.6582108 0.06134867 -0.7503299 -0.6434758 -0.01389676 -0.7653403 -0.7673327 0.325676 -0.5523909 -0.6104568 0.4521052 -0.6503409 -0.4701974 0.5524018 -0.6883072 0.5035427 -0.2520653 -0.8263824 0.4284902 -0.2481672 -0.8687976 0.5099346 -0.2937341 -0.8085091 -0.6242994 -0.5502953 -0.5544595 -0.350466 -0.4672963 -0.8116697 -0.1278532 -0.3462721 -0.9293811 -0.2196755 -0.407926 -0.8861935 -0.2347645 -0.2418552 -0.9414838 -0.1400976 -0.3785971 -0.9148972 -0.3107103 -0.3334302 0.890103 -0.2411414 0.02295094 0.9702185 -0.4915823 -0.1166273 0.8629861 -0.2406221 0.2119835 0.9471874 -0.2927501 0.4212602 0.8583921 -0.2846366 0.5350146 0.7954505 -0.2116801 0.5962918 0.7743562 -0.05255025 0.6246761 0.7791138 -0.165044 0.4751678 0.8642778 -0.05548381 -0.6181203 0.7841231 -0.1184963 -0.341272 0.9324656 -0.1630141 -0.1659272 0.9725711 -0.228057 0.4633588 0.8563227 -0.1758721 0.6135116 0.7698522 -0.1454204 0.5554437 0.8187401 -0.09407168 0.2410258 0.9659488 -0.3335567 0.3809539 0.8623306 -0.4857332 0.4546377 0.7465707 -0.4106826 -0.2571046 0.8747782 0.1286652 0.4971166 0.8580911 -0.2285331 -0.2523513 0.9402614 0.441578 -0.02468711 0.8968831 0.06341296 0.295811 0.9531393 -0.06036883 0.4414535 0.895251 -0.2397485 0.4782713 0.8448534 -0.08192968 0.6645461 0.7427422 -0.2709959 0.5149489 0.8132582 0.7471837 -0.5387594 0.389172 0.5649551 -0.3806337 0.7320818 0.2356775 -0.2585957 0.9367947 0.3471782 0.7311904 0.5872206 0.6583409 0.7087349 0.2535392 0.6434126 0.4283757 0.6344403 0.6455178 0.02273863 0.7634068 0.41082 -0.07390856 0.9087159 0.4387623 0.3864893 0.811242 0.3493148 -0.7725606 0.5302162 0.3097099 -0.6924324 0.6516266 0.3514849 -0.6681736 0.6557458 -0.5078191 -0.5015357 0.7004154 -0.3288477 -0.4394842 0.8358904 -0.5152414 -0.480946 0.7093781 0.7929509 -0.5330052 0.295185 0.7654895 -0.4853397 0.4224585 0.6665038 -0.444866 0.5982198 -0.1030316 -0.8297619 0.548525 -0.3116412 -0.7059518 0.6360124 -0.5000258 -0.4910518 0.7133318 0.2756312 -0.4526889 -0.8479977 0.2883315 -0.4503414 -0.8450193 0.2631589 -0.4170876 -0.8699342 -0.4527843 -0.7875216 0.4180862 -0.1649171 -0.916721 0.3639024 -0.1236311 -0.8650814 0.4861578 0.123896 -0.7900941 0.6003343 0.2042908 -0.736945 0.6443426 0.258358 -0.5086426 0.8213001 0.6248956 0.6020486 0.4970341 0.339162 0.7759779 0.5318152 0.2423964 0.6034883 0.7596353 -0.7595798 0.5524114 0.3433368 -0.4240546 0.5300332 0.7343313 -0.3153119 0.3671414 0.8750918 -0.4489755 0.2911071 0.8447945 0.4006843 0.4243867 0.8120024 0.3264178 -0.4281016 0.8427221 -0.3216457 -0.7168265 0.6186307 0.2678492 -0.4242528 -0.8650239 -0.4962944 -0.4773263 0.7251561 0.5601478 -0.6253119 0.543341 -0.7268205 -0.5374525 0.4276409 0.387259 -0.7292389 0.5641287 0.5002356 0.6131614 0.6113898 0.08471029 0.01501321 0.9962925 0.2127406 0.3552383 0.9102458 -0.3063225 0.2594161 0.9158983 -0.04001641 0.4809626 0.8758273 -0.318585 -0.6225239 0.7148199 -0.1899082 0.5987843 0.7780696 -0.405381 0.2762829 0.8713978 -0.1417584 -0.280153 0.9494308 -0.2394198 0.2639564 0.9343475 -0.3497518 0.311977 0.8833709 -0.5578304 -0.5196374 0.6471493 -0.06763839 -0.5486546 -0.8333086 -0.7102968 -0.1608846 -0.6852698 0.7752119 -0.3946436 -0.4932574 -0.4688998 0.52154 -0.7128317 -0.4556205 -0.1793789 -0.8719134 -0.3579719 -0.2288565 -0.9052518 -0.02007621 0.49469 -0.8688376 -0.2627436 0.01015549 -0.9648123 -0.4397753 -0.7791092 -0.4467512 0.4713122 0.5010001 -0.7258538 0.5972526 0.147884 -0.7883018 0.3268106 -0.4865168 -0.8102446 0.4747751 0.1664296 -0.8642278 0.3722026 0.5176157 -0.770415 0.4424951 -0.5472033 -0.7104693 -0.5169243 -0.7601097 -0.3937289 -0.6164413 -0.5888227 -0.5227696 -0.4544709 -0.8023471 0.3869046 0.3460679 -0.3206803 -0.8817036 -0.4763763 -0.6827833 -0.5539608 -0.5613294 -0.5913901 -0.5789361 0.4221037 -0.891237 0.1659068 -0.3520597 -0.935908 0.01140534 -0.06931412 -0.8890228 -0.4525861 0.5766279 -0.7460889 0.332944 -0.4835467 -0.5533115 0.6782543 0.09018629 -0.7891018 0.6076058 0.5020499 -0.4727793 0.7241724 -0.7292844 -0.5849069 0.3550044 0.373913 -0.860429 0.346195 0.1996195 -0.6440313 -0.7384955 0.7194452 -0.682047 0.1311891 0.3591813 -0.8929599 0.2713142 0.9777716 0.2096689 0.001222252 0.9675049 0.2089402 0.1424024 0.7630129 0.1176941 -0.635578 0.9941083 0.02010631 -0.1065097 0.7270848 0.6615582 -0.1835444 0.8454389 -0.3788326 0.3764557 0.8130522 0.2047707 -0.5449908 0.6761175 0.5636058 -0.4745668 0.9042196 -0.4214615 -0.06897187 0.4811381 -0.01017761 0.8765857 0.1696431 0.7490439 0.640433 0.3016529 -0.6371988 0.7092131 0.3486512 0.8345549 -0.4265682 0.4176754 0.8629025 -0.2845113 0.5585739 0.8247422 0.08829218 -0.5320464 0.6418779 -0.552195 -0.05895441 0.7064184 -0.7053349 0.6035877 0.6462867 -0.4668999 -0.3190785 0.7052581 0.6330876 -0.2992041 0.928269 0.2208924 0.3030092 0.9529518 -0.008264899 -0.4044318 0.9108023 -0.08291018 0.365564 0.8694319 0.3323421 0.2186422 0.9352889 0.2782629 -0.01566612 0.2137538 0.9767619 -0.4066901 0.4900031 0.7710385 0.3205052 0.634456 0.703379 -0.7817915 0.4395087 -0.4423054 -0.7276768 0.4705251 0.4990918 -0.9244185 0.3813117 0.007206857 -0.9078087 -0.3598465 -0.2153923 -0.8140634 -0.09658664 -0.5726881 -0.8036488 0.3359131 -0.4912341 -0.7498323 -0.4466522 -0.488112 -0.817691 0.3055297 0.4878863 -0.9366437 0.09574574 0.3369441 -0.8927595 -0.0960071 0.4401853 -0.9984771 -0.04064154 0.03730577 -0.8885707 0.4568508 0.0415883 -0.7062553 -0.3568806 0.6114244 -0.7363609 -0.4241952 0.5270969 -0.1990508 0.5202954 0.8304646 -0.5145211 0.5088984 0.690138 -0.7927659 0.3615624 0.4907085 -0.5794617 0.3671187 0.7276318 -0.8967014 -0.2451572 0.3685438 -0.8489221 -0.4179784 0.3234583 -0.688624 -0.5460017 0.4771573 -0.8655254 -0.2707026 0.4214095 -0.6253211 -0.4246373 0.6547188 -0.4820761 -0.4715042 0.7384351 -0.9297842 0.3526155 -0.1056587 -0.9592227 0.2496232 -0.1325901 -0.9407281 0.3377319 0.03111076 -0.9465748 0.2623012 -0.1876012 -0.9998883 -0.01136064 0.009715795 -0.9049704 -0.3324438 0.265537 -0.9356347 -0.2913214 0.1992976 -0.8509863 -0.5139343 0.1081385 -0.8974404 -0.2674149 0.3508421 -0.9113183 0.3299732 0.2462046 -0.9027504 0.2354274 0.3600218 -0.8694472 -0.02095419 0.4935812 -0.9311809 -0.1005259 0.3504236 -0.9733521 -0.08796113 -0.2117744 -0.9455865 0.2264941 -0.2335951 -0.624028 -0.4150294 -0.6620723 -0.4125903 -0.5819044 -0.7008255 -0.5789098 -0.6242306 -0.5245947 -0.6310366 0.1890676 -0.7523605 -0.5944485 0.07010084 -0.8010723 -0.811239 0.2197605 -0.5418455 -0.5946013 0.06155073 -0.8016613 -0.6391649 -0.1493 -0.7544387 -0.7470687 -0.4387456 -0.4993902 -0.9156472 -0.2706284 -0.2972382 -0.949087 -0.3046811 0.08001971 -0.8733868 -0.4851333 0.04291141 -0.8420811 0.4714891 -0.2619112 -0.9091325 0.3875929 -0.1524786 -0.9602349 0.2727007 0.05986058 -0.8327964 0.4263757 0.3530637 -0.9441533 0.3131885 0.1024094 -0.86987 0.3853351 0.3079658 -0.5204222 0.390657 -0.7593076 -0.6386393 0.238816 -0.7315099 -0.8588314 0.2561193 -0.4436345 0.2355033 0.8606857 0.4513961 0.1478199 0.9470639 0.28499 0.2796944 0.7987657 0.5326768 -0.05049639 0.7107796 0.7016 -0.08228385 0.470369 0.8786253 -0.3149065 0.2165701 0.924084 -0.1295319 0.5503435 0.8248295 -0.3068336 0.8441891 0.4395429 -0.0435025 0.2977342 0.9536571 0.2379609 0.9710037 0.02294188 0.09876257 0.985854 0.1354174 0.03596997 0.937738 0.3454761 -0.01067304 0.9581954 0.2859154 -0.1656095 0.9850389 -0.04766505 0.13867 0.9902222 -0.01518541 -0.4774146 0.861469 -0.1730501 -0.659716 0.7245165 -0.1996268 -0.5850366 0.8028223 -0.1149285 0.505743 0.7902456 -0.3460287 0.391377 0.8895984 -0.2354543 0.1720955 0.9850636 -0.005713284 -0.08232975 0.9944676 -0.0652399 -0.2812723 0.8657809 0.4138955 -0.5041118 0.7679483 0.3951287 -0.3533032 0.7838055 0.5107111 -0.4816825 0.6285708 0.6106396 -0.495815 0.5564867 0.6667009 0.6215015 0.5171771 -0.588442 0.5193997 0.5327791 -0.6681095 0.4835823 0.6989184 -0.5269356 0.02516466 0.4626277 -0.8861956 -0.2303407 0.4294869 -0.8732034 -0.3039489 0.705655 -0.6400516 -0.3731995 0.4239658 -0.8252122 -0.5490052 0.3591136 -0.7547389 -0.701035 0.5430997 -0.4621608 0.5001839 0.8600956 -0.1002578 0.2607993 0.9653882 -0.003049731 0.2833687 0.9327705 0.2228031 0.4054744 0.8208146 -0.4023109 0.1960883 0.8744831 -0.443654 0.2107329 0.9385106 -0.2734767 0.3819867 0.7450247 -0.5468313 0.2139778 0.8046736 -0.5538176 0.2140172 0.9097525 -0.3557344 0.6024732 -0.4837113 0.6348618 0.7308322 -0.1239356 0.6712111 0.3998911 -0.4016086 0.8238919 0.5047743 0.7300567 0.4606735 0.3761748 0.8305666 0.4106723 0.02126741 0.8344441 0.5506821 0.7033929 0.2352865 0.6707299 0.801652 0.2004988 0.5631647 0.627772 -0.02971762 0.7778298 0.8614791 -0.392637 -0.3220094 0.8998656 -0.01427215 -0.4359335 0.9852115 0.006915271 -0.1712028 0.5649188 0.4908339 -0.6632865 0.509816 0.5487926 -0.6625062 0.6136839 0.6277315 -0.4789001 0.8444209 0.08599305 -0.5287328 0.8370651 0.1408805 -0.5286538 0.8892263 0.221098 -0.40049 0.9549838 -0.03972756 0.2939859 0.9708902 0.2117916 -0.1118768 0.978105 -0.05719083 -0.2000998 0.8325744 0.534029 -0.1470813 0.8107663 0.5759564 0.1045576 0.6655889 0.7458617 -0.02611106 0.9970949 0.05797499 0.04940348 0.9346341 0.2442105 -0.2584961 0.958489 0.2127225 -0.1898635 0.3414592 -0.09717869 -0.9348593 0.7281047 0.2063108 -0.6536815 0.825949 0.5620065 0.04423761 0.946919 0.2874858 0.1438623 0.8079444 0.4827285 -0.3379336 0.925466 0.3677058 -0.09113353 0.9721471 0.1960746 -0.1283935 0.9674146 0.2515653 0.02869993 0.9343168 0.3474283 0.07966041 0.6292482 -0.7768397 -0.02380979 0.7391885 -0.6401135 -0.2094163 0.5988875 -0.8001416 0.03327476 0.6103133 -0.7721879 -0.1767583 0.790561 -0.6123762 0.002950131 0.8206266 -0.4951986 0.2852197 0.161777 -0.4970341 -0.852517 0.1345098 -0.3644354 -0.921463 0.3262 -0.5272678 -0.7845906 0.1799834 -0.9284662 0.3248949 0.1653956 -0.8292199 0.53389 0.3542501 -0.7515588 0.5564766 -0.634969 -0.6570171 0.4063779 -0.5159903 -0.7774584 0.3596003 -0.7194237 -0.6511641 0.2416918 0.5232478 -0.5783575 0.6258709 0.6878604 -0.3079085 0.6572977 0.6863397 -0.09317654 0.7212877 -0.07151114 -0.9022176 0.425311 -0.08060443 -0.7824366 0.6174916 0.06139814 -0.6774817 0.7329727 -0.4675915 -0.7179735 0.5156279 -0.2659732 -0.8320727 0.4867373 -0.2366864 -0.706813 0.6666296 0.5073363 -0.8416866 0.184861 0.7073257 -0.7066047 0.02000504 0.7138553 -0.6778436 0.1758944 -0.2454515 -0.6575121 -0.7123422 -0.2578214 -0.7933987 -0.5514043 -0.08235186 -0.9874467 -0.134786 -0.4444215 -0.8228222 -0.3541937 -0.2312733 -0.9183541 -0.3211516 -0.2023145 -0.9776263 0.05758154 0.4933761 -0.8481745 -0.1928213 0.7289636 -0.6674938 -0.1518687 0.7181462 -0.6802892 0.1465362 -0.7423392 -0.3182029 -0.5896434 -0.6683545 -0.5487907 -0.5021266 -0.4408738 -0.8020684 -0.4028854 0.03984105 -0.5079776 -0.8604484 0.3760728 -0.03256702 -0.9260177 0.00608474 -0.4415359 -0.8972229 0.213436 -0.1312324 -0.9681029 0.3351962 -0.1803278 -0.9247299 0.5430318 -0.2903538 -0.7879157 -0.5595045 -0.8253188 0.07618093 -0.3249664 -0.9013125 0.2864135 -0.1458041 -0.8131714 0.5634655 -0.4965539 -0.5103793 -0.7021019 -0.3777516 -0.5743216 -0.7262634 -0.4835113 -0.6575634 -0.5777779 -0.3152633 -0.933462 -0.1710487 -0.2435676 -0.8461128 -0.474097 -0.4064891 -0.8163635 -0.4102649 0.3307708 -0.527168 -0.7827417 0.262141 -0.2577992 -0.9299579 0.4747693 -0.06451141 -0.8777428 0.2609159 0.3931704 -0.8816689 0.2481212 0.5208408 -0.8167991 0.4342076 0.6444841 -0.6293681 0.3199095 0.3511296 -0.8799807 0.2090295 0.3864508 -0.8983109 0.2933058 0.177608 -0.9393759 -0.0204184 -0.6155197 -0.7878571 0.6623272 -0.4886974 -0.5678887 0.7797354 -0.2768386 -0.5615809 0.4072124 0.1963673 -0.8919742 0.2794384 0.4387276 -0.8540682 0.4591996 0.3800475 -0.8029319 0.3635639 0.4491012 -0.8161675 0.4384661 0.5482695 -0.7121433 0.5035229 0.6012194 -0.6204836 -0.3709591 -0.5960881 -0.7120875 -0.574402 -0.4273048 -0.6981927 -0.4214683 -0.6812525 -0.5985477 -0.6419372 -0.1609054 -0.749684 -0.4656577 0.1739481 -0.867701 -0.109058 0.3638466 -0.9250524 -0.2074292 0.4953551 -0.8435618 -0.1122735 0.6142884 -0.7810533 0.1321118 0.5906676 -0.7960266 -0.4817659 -0.1221979 -0.867738 -0.5786248 0.005917668 -0.8155725 -0.3827375 -0.09808945 -0.9186351 -0.6320012 -0.1539201 -0.7595281 -0.7423553 -0.04129016 -0.6687329 -0.5368044 -0.05405646 -0.8419733 -0.6095155 0.4356788 -0.6623254 -0.4489226 0.5492759 -0.7048153 -0.2848817 0.616602 -0.733924 0.5782316 -0.2917419 -0.7619284 0.4848179 -0.2964366 -0.8228469 0.5847721 -0.437706 -0.6829751 -0.8822465 -0.2679919 -0.3870677 -0.5736103 -0.3165506 -0.7554912 -0.3288202 -0.2189697 -0.9186564 -0.1303652 -0.5102845 -0.8500675 -0.3310419 -0.3763338 -0.8653231 -0.2046331 -0.4579943 -0.8650819 -0.3273023 -0.3135138 0.8913935 -0.1825479 -0.02250725 0.9829393 -0.35872 -0.2992601 0.8841738 -0.1750284 0.2690219 0.9470968 -0.1737483 0.4977061 0.8497648 -0.2669724 0.5444211 0.7951926 -0.125501 0.4545825 0.8818187 0.06378561 0.4664667 0.882236 -0.05061513 0.2745874 0.960229 0.1744771 -0.3789186 0.9088335 -0.3402078 -0.203635 0.9180368 -0.4259202 -0.03789639 0.9039667 -0.3018117 0.4026154 0.864182 -0.2477892 0.5577872 0.7921325 -0.2821649 0.4174512 0.863781 0.01075953 0.4159225 0.9093365 -0.2802077 0.4823618 0.8299462 -0.4269022 0.5721238 0.7003062 -0.112122 -0.4631609 0.8791534 0.4309056 -0.03727883 0.9016266 -0.100008 -0.3389559 0.9354718 0.03261816 0.2264559 0.9734751 -0.2447507 0.4326507 0.8677042 -0.4211923 0.5627492 0.7112738 -0.1273556 0.4241287 0.8966022 0.2865782 0.5482324 0.7856934 0.08933496 0.3379268 0.9369231 0.651137 -0.3432231 0.6769183 0.6175265 -0.1408236 0.7738409 0.1324619 0.4995233 0.8561135 0.2127562 0.3110059 0.9262884 0.4750202 0.480406 0.7372693 0.3601608 0.2599844 0.895931 0.589388 0.3415984 0.732074 0.3784203 0.3800019 0.8440359 0.2815486 0.7292534 0.6236344 0.3360338 -0.7677593 0.545552 0.3242058 -0.6749666 0.6628052 0.3746213 -0.6276637 0.6824201 -0.7012345 -0.4750241 0.5316222 -0.5104165 -0.4832821 0.7112759 -0.6114631 -0.5188553 0.5974127 0.8269261 -0.482895 0.288107 0.8176936 -0.4078795 0.406216 0.6306995 -0.486034 0.6049704 -0.2864878 -0.6181497 0.7319944 -0.3735842 -0.4671576 0.801373 -0.5791054 -0.309172 0.7543538 0.2836489 -0.4432533 -0.8503351 0.2955818 -0.4222025 -0.8569577 0.2882397 -0.3864343 -0.8761202 -0.3792419 -0.7765039 0.503207 -0.1288924 -0.9026325 0.4106597 -0.1028792 -0.8572035 0.504597 0.4230315 -0.6678729 0.6123645 0.3103221 -0.5328773 0.7872369 0.2763874 -0.3465625 0.8963841 0.527729 0.602204 0.599043 0.2786633 0.7626813 0.5836643 0.2183838 0.5964628 0.7723604 -0.5851045 0.4393251 0.6816497 -0.2124016 0.3611375 0.9080007 -0.1764279 0.2604321 0.9492357</float_array>
          <technique_common>
            <accessor source="#Cube_026-mesh-normals-array" count="768" stride="3">
              <param name="X" type="float"/>
              <param name="Y" type="float"/>
              <param name="Z" type="float"/>
            </accessor>
          </technique_common>
        </source>
        <source id="Cube_026-mesh-map-0">
          <float_array id="Cube_026-mesh-map-0-array" count="4608">0.59375 0.21875 0.625 0.25 0.59375 0.25 0.59375 0.46875 0.625 0.5 0.59375 0.5 0.59375 0.71875 0.625 0.75 0.59375 0.75 0.59375 0.96875 0.625 1 0.59375 1 0.34375 0.71875 0.375 0.75 0.34375 0.75 0.84375 0.71875 0.875 0.75 0.84375 0.75 0.6875 0.71875 0.65625 0.75 0.65625 0.71875 0.75 0.71875 0.71875 0.75 0.71875 0.71875 0.78125 0.71875 0.8125 0.75 0.78125 0.75 0.65625 0.53125 0.6875 0.5625 0.65625 0.5625 0.6875 0.59375 0.65625 0.625 0.65625 0.59375 0.65625 0.65625 0.6875 0.6875 0.65625 0.6875 0.71875 0.53125 0.75 0.5625 0.71875 0.5625 0.71875 0.59375 0.75 0.625 0.71875 0.625 0.71875 0.65625 0.75 0.6875 0.71875 0.6875 0.8125 0.53125 0.78125 0.5625 0.78125 0.53125 0.8125 0.59375 0.78125 0.625 0.78125 0.59375 0.78125 0.65625 0.8125 0.6875 0.78125 0.6875 0.84375 0.53125 0.875 0.5625 0.84375 0.5625 0.875 0.59375 0.84375 0.625 0.84375 0.59375 0.84375 0.65625 0.875 0.6875 0.84375 0.6875 0.1875 0.71875 0.15625 0.75 0.15625 0.71875 0.25 0.71875 0.21875 0.75 0.21875 0.71875 0.3125 0.71875 0.28125 0.75 0.28125 0.71875 0.15625 0.53125 0.1875 0.5625 0.15625 0.5625 0.1875 0.59375 0.15625 0.625 0.15625 0.59375 0.15625 0.65625 0.1875 0.6875 0.15625 0.6875 0.25 0.53125 0.21875 0.5625 0.21875 0.53125 0.25 0.59375 0.21875 0.625 0.21875 0.59375 0.21875 0.65625 0.25 0.6875 0.21875 0.6875 0.28125 0.53125 0.3125 0.5625 0.28125 0.5625 0.28125 0.59375 0.3125 0.625 0.28125 0.625 0.3125 0.65625 0.28125 0.6875 0.28125 0.65625 0.375 0.53125 0.34375 0.5625 0.34375 0.53125 0.375 0.59375 0.34375 0.625 0.34375 0.59375 0.34375 0.65625 0.375 0.6875 0.34375 0.6875 0.40625 0.96875 0.4375 1 0.40625 1 0.5 0.96875 0.46875 1 0.46875 0.96875 0.5625 0.96875 0.53125 1 0.53125 0.96875 0.40625 0.78125 0.4375 0.8125 0.40625 0.8125 0.40625 0.84375 0.4375 0.875 0.40625 0.875 0.4375 0.90625 0.40625 0.9375 0.40625 0.90625 0.5 0.78125 0.46875 0.8125 0.46875 0.78125 0.46875 0.84375 0.5 0.875 0.46875 0.875 0.5 0.90625 0.46875 0.9375 0.46875 0.90625 0.53125 0.78125 0.5625 0.8125 0.53125 0.8125 0.5625 0.84375 0.53125 0.875 0.53125 0.84375 0.53125 0.90625 0.5625 0.9375 0.53125 0.9375 0.625 0.78125 0.59375 0.8125 0.59375 0.78125 0.625 0.84375 0.59375 0.875 0.59375 0.84375 0.625 0.90625 0.59375 0.9375 0.59375 0.90625 0.40625 0.71875 0.4375 0.75 0.40625 0.75 0.5 0.71875 0.46875 0.75 0.46875 0.71875 0.53125 0.71875 0.5625 0.75 0.53125 0.75 0.40625 0.53125 0.4375 0.5625 0.40625 0.5625 0.4375 0.59375 0.40625 0.625 0.40625 0.59375 0.4375 0.65625 0.40625 0.6875 0.40625 0.65625 0.5 0.53125 0.46875 0.5625 0.46875 0.53125 0.46875 0.59375 0.5 0.625 0.46875 0.625 0.5 0.65625 0.46875 0.6875 0.46875 0.65625 0.5625 0.53125 0.53125 0.5625 0.53125 0.53125 0.53125 0.59375 0.5625 0.625 0.53125 0.625 0.53125 0.65625 0.5625 0.6875 0.53125 0.6875 0.625 0.53125 0.59375 0.5625 0.59375 0.53125 0.625 0.59375 0.59375 0.625 0.59375 0.59375 0.59375 0.65625 0.625 0.6875 0.59375 0.6875 0.40625 0.46875 0.4375 0.5 0.40625 0.5 0.46875 0.46875 0.5 0.5 0.46875 0.5 0.5625 0.46875 0.53125 0.5 0.53125 0.46875 0.40625 0.28125 0.4375 0.3125 0.40625 0.3125 0.40625 0.34375 0.4375 0.375 0.40625 0.375 0.4375 0.40625 0.40625 0.4375 0.40625 0.40625 0.46875 0.28125 0.5 0.3125 0.46875 0.3125 0.5 0.34375 0.46875 0.375 0.46875 0.34375 0.46875 0.40625 0.5 0.4375 0.46875 0.4375 0.5625 0.28125 0.53125 0.3125 0.53125 0.28125 0.5625 0.34375 0.53125 0.375 0.53125 0.34375 0.5625 0.40625 0.53125 0.4375 0.53125 0.40625 0.625 0.28125 0.59375 0.3125 0.59375 0.28125 0.59375 0.34375 0.625 0.375 0.59375 0.375 0.59375 0.40625 0.625 0.4375 0.59375 0.4375 0.4375 0.21875 0.40625 0.25 0.40625 0.21875 0.46875 0.21875 0.5 0.25 0.46875 0.25 0.53125 0.21875 0.5625 0.25 0.53125 0.25 0.40625 0.03125 0.4375 0.0625 0.40625 0.0625 0.4375 0.09375 0.40625 0.125 0.40625 0.09375 0.40625 0.15625 0.4375 0.1875 0.40625 0.1875 0.46875 0.03125 0.5 0.0625 0.46875 0.0625 0.5 0.09375 0.46875 0.125 0.46875 0.09375 0.46875 0.15625 0.5 0.1875 0.46875 0.1875 0.5625 0.03125 0.53125 0.0625 0.53125 0.03125 0.5625 0.09375 0.53125 0.125 0.53125 0.09375 0.5625 0.15625 0.53125 0.1875 0.53125 0.15625 0.625 0.03125 0.59375 0.0625 0.59375 0.03125 0.59375 0.09375 0.625 0.125 0.59375 0.125 0.59375 0.15625 0.625 0.1875 0.59375 0.1875 0.5625 0.15625 0.59375 0.1875 0.5625 0.1875 0.5625 0.125 0.59375 0.15625 0.5625 0.15625 0.59375 0.125 0.625 0.15625 0.59375 0.15625 0.5625 0.09375 0.59375 0.125 0.5625 0.125 0.59375 0.0625 0.5625 0.09375 0.5625 0.0625 0.625 0.0625 0.59375 0.09375 0.59375 0.0625 0.59375 0.03125 0.5625 0.0625 0.5625 0.03125 0.5625 0 0.59375 0.03125 0.5625 0.03125 0.59375 0 0.625 0.03125 0.59375 0.03125 0.53125 0.15625 0.5 0.1875 0.5 0.15625 0.53125 0.125 0.5 0.15625 0.5 0.125 0.5625 0.125 0.53125 0.15625 0.53125 0.125 0.53125 0.09375 0.5 0.125 0.5 0.09375 0.53125 0.0625 0.5 0.09375 0.5 0.0625 0.5625 0.0625 0.53125 0.09375 0.53125 0.0625 0.53125 0.03125 0.5 0.0625 0.5 0.03125 0.53125 0 0.5 0.03125 0.5 0 0.5625 0 0.53125 0.03125 0.53125 0 0.4375 0.15625 0.46875 0.1875 0.4375 0.1875 0.4375 0.125 0.46875 0.15625 0.4375 0.15625 0.46875 0.125 0.5 0.15625 0.46875 0.15625 0.46875 0.09375 0.4375 0.125 0.4375 0.09375 0.46875 0.0625 0.4375 0.09375 0.4375 0.0625 0.46875 0.0625 0.5 0.09375 0.46875 0.09375 0.4375 0.03125 0.46875 0.0625 0.4375 0.0625 0.4375 0 0.46875 0.03125 0.4375 0.03125 0.46875 0 0.5 0.03125 0.46875 0.03125 0.375 0.15625 0.40625 0.1875 0.375 0.1875 0.375 0.125 0.40625 0.15625 0.375 0.15625 0.40625 0.125 0.4375 0.15625 0.40625 0.15625 0.40625 0.09375 0.375 0.125 0.375 0.09375 0.40625 0.0625 0.375 0.09375 0.375 0.0625 0.4375 0.0625 0.40625 0.09375 0.40625 0.0625 0.375 0.03125 0.40625 0.0625 0.375 0.0625 0.375 0 0.40625 0.03125 0.375 0.03125 0.40625 0 0.4375 0.03125 0.40625 0.03125 0.53125 0.21875 0.5 0.25 0.5 0.21875 0.53125 0.1875 0.5 0.21875 0.5 0.1875 0.5625 0.1875 0.53125 0.21875 0.53125 0.1875 0.4375 0.21875 0.46875 0.25 0.4375 0.25 0.4375 0.1875 0.46875 0.21875 0.4375 0.21875 0.46875 0.1875 0.5 0.21875 0.46875 0.21875 0.40625 0.21875 0.375 0.25 0.375 0.21875 0.40625 0.1875 0.375 0.21875 0.375 0.1875 0.4375 0.1875 0.40625 0.21875 0.40625 0.1875 0.5625 0.40625 0.59375 0.4375 0.5625 0.4375 0.5625 0.375 0.59375 0.40625 0.5625 0.40625 0.59375 0.375 0.625 0.40625 0.59375 0.40625 0.5625 0.34375 0.59375 0.375 0.5625 0.375 0.5625 0.3125 0.59375 0.34375 0.5625 0.34375 0.59375 0.3125 0.625 0.34375 0.59375 0.34375 0.5625 0.28125 0.59375 0.3125 0.5625 0.3125 0.5625 0.25 0.59375 0.28125 0.5625 0.28125 0.625 0.25 0.59375 0.28125 0.59375 0.25 0.53125 0.40625 0.5 0.4375 0.5 0.40625 0.53125 0.375 0.5 0.40625 0.5 0.375 0.5625 0.375 0.53125 0.40625 0.53125 0.375 0.53125 0.34375 0.5 0.375 0.5 0.34375 0.53125 0.3125 0.5 0.34375 0.5 0.3125 0.5625 0.3125 0.53125 0.34375 0.53125 0.3125 0.53125 0.28125 0.5 0.3125 0.5 0.28125 0.53125 0.25 0.5 0.28125 0.5 0.25 0.5625 0.25 0.53125 0.28125 0.53125 0.25 0.46875 0.40625 0.4375 0.4375 0.4375 0.40625 0.46875 0.375 0.4375 0.40625 0.4375 0.375 0.5 0.375 0.46875 0.40625 0.46875 0.375 0.46875 0.34375 0.4375 0.375 0.4375 0.34375 0.4375 0.3125 0.46875 0.34375 0.4375 0.34375 0.5 0.3125 0.46875 0.34375 0.46875 0.3125 0.4375 0.28125 0.46875 0.3125 0.4375 0.3125 0.4375 0.25 0.46875 0.28125 0.4375 0.28125 0.46875 0.25 0.5 0.28125 0.46875 0.28125 0.40625 0.40625 0.375 0.4375 0.375 0.40625 0.40625 0.375 0.375 0.40625 0.375 0.375 0.40625 0.375 0.4375 0.40625 0.40625 0.40625 0.375 0.34375 0.40625 0.375 0.375 0.375 0.375 0.3125 0.40625 0.34375 0.375 0.34375 0.40625 0.3125 0.4375 0.34375 0.40625 0.34375 0.375 0.28125 0.40625 0.3125 0.375 0.3125 0.375 0.25 0.40625 0.28125 0.375 0.28125 0.40625 0.25 0.4375 0.28125 0.40625 0.28125 0.53125 0.46875 0.5 0.5 0.5 0.46875 0.53125 0.4375 0.5 0.46875 0.5 0.4375 0.5625 0.4375 0.53125 0.46875 0.53125 0.4375 0.4375 0.46875 0.46875 0.5 0.4375 0.5 0.4375 0.4375 0.46875 0.46875 0.4375 0.46875 0.46875 0.4375 0.5 0.46875 0.46875 0.46875 0.375 0.46875 0.40625 0.5 0.375 0.5 0.40625 0.4375 0.375 0.46875 0.375 0.4375 0.40625 0.4375 0.4375 0.46875 0.40625 0.46875 0.5625 0.65625 0.59375 0.6875 0.5625 0.6875 0.59375 0.625 0.5625 0.65625 0.5625 0.625 0.625 0.625 0.59375 0.65625 0.59375 0.625 0.59375 0.59375 0.5625 0.625 0.5625 0.59375 0.59375 0.5625 0.5625 0.59375 0.5625 0.5625 0.625 0.5625 0.59375 0.59375 0.59375 0.5625 0.59375 0.53125 0.5625 0.5625 0.5625 0.53125 0.59375 0.5 0.5625 0.53125 0.5625 0.5 0.625 0.5 0.59375 0.53125 0.59375 0.5 0.5 0.65625 0.53125 0.6875 0.5 0.6875 0.5 0.625 0.53125 0.65625 0.5 0.65625 0.53125 0.625 0.5625 0.65625 0.53125 0.65625 0.5 0.59375 0.53125 0.625 0.5 0.625 0.53125 0.5625 0.5 0.59375 0.5 0.5625 0.5625 0.5625 0.53125 0.59375 0.53125 0.5625 0.5 0.53125 0.53125 0.5625 0.5 0.5625 0.53125 0.5 0.5 0.53125 0.5 0.5 0.5625 0.5 0.53125 0.53125 0.53125 0.5 0.46875 0.65625 0.4375 0.6875 0.4375 0.65625 0.46875 0.625 0.4375 0.65625 0.4375 0.625 0.46875 0.625 0.5 0.65625 0.46875 0.65625 0.4375 0.59375 0.46875 0.625 0.4375 0.625 0.4375 0.5625 0.46875 0.59375 0.4375 0.59375 0.46875 0.5625 0.5 0.59375 0.46875 0.59375 0.46875 0.53125 0.4375 0.5625 0.4375 0.53125 0.4375 0.5 0.46875 0.53125 0.4375 0.53125 0.46875 0.5 0.5 0.53125 0.46875 0.53125 0.40625 0.65625 0.375 0.6875 0.375 0.65625 0.40625 0.625 0.375 0.65625 0.375 0.625 0.4375 0.625 0.40625 0.65625 0.40625 0.625 0.40625 0.59375 0.375 0.625 0.375 0.59375 0.375 0.5625 0.40625 0.59375 0.375 0.59375 0.40625 0.5625 0.4375 0.59375 0.40625 0.59375 0.375 0.53125 0.40625 0.5625 0.375 0.5625 0.375 0.5 0.40625 0.53125 0.375 0.53125 0.40625 0.5 0.4375 0.53125 0.40625 0.53125 0.5 0.71875 0.53125 0.75 0.5 0.75 0.5 0.6875 0.53125 0.71875 0.5 0.71875 0.53125 0.6875 0.5625 0.71875 0.53125 0.71875 0.46875 0.71875 0.4375 0.75 0.4375 0.71875 0.46875 0.6875 0.4375 0.71875 0.4375 0.6875 0.5 0.6875 0.46875 0.71875 0.46875 0.6875 0.40625 0.71875 0.375 0.75 0.375 0.71875 0.40625 0.6875 0.375 0.71875 0.375 0.6875 0.4375 0.6875 0.40625 0.71875 0.40625 0.6875 0.59375 0.90625 0.5625 0.9375 0.5625 0.90625 0.59375 0.875 0.5625 0.90625 0.5625 0.875 0.625 0.875 0.59375 0.90625 0.59375 0.875 0.59375 0.84375 0.5625 0.875 0.5625 0.84375 0.59375 0.8125 0.5625 0.84375 0.5625 0.8125 0.625 0.8125 0.59375 0.84375 0.59375 0.8125 0.59375 0.78125 0.5625 0.8125 0.5625 0.78125 0.59375 0.75 0.5625 0.78125 0.5625 0.75 0.625 0.75 0.59375 0.78125 0.59375 0.75 0.5 0.90625 0.53125 0.9375 0.5 0.9375 0.5 0.875 0.53125 0.90625 0.5 0.90625 0.53125 0.875 0.5625 0.90625 0.53125 0.90625 0.5 0.84375 0.53125 0.875 0.5 0.875 0.5 0.8125 0.53125 0.84375 0.5 0.84375 0.53125 0.8125 0.5625 0.84375 0.53125 0.84375 0.5 0.78125 0.53125 0.8125 0.5 0.8125 0.5 0.75 0.53125 0.78125 0.5 0.78125 0.53125 0.75 0.5625 0.78125 0.53125 0.78125 0.46875 0.90625 0.4375 0.9375 0.4375 0.90625 0.46875 0.875 0.4375 0.90625 0.4375 0.875 0.46875 0.875 0.5 0.90625 0.46875 0.90625 0.4375 0.84375 0.46875 0.875 0.4375 0.875 0.4375 0.8125 0.46875 0.84375 0.4375 0.84375 0.46875 0.8125 0.5 0.84375 0.46875 0.84375 0.46875 0.78125 0.4375 0.8125 0.4375 0.78125 0.46875 0.75 0.4375 0.78125 0.4375 0.75 0.5 0.75 0.46875 0.78125 0.46875 0.75 0.40625 0.90625 0.375 0.9375 0.375 0.90625 0.40625 0.875 0.375 0.90625 0.375 0.875 0.4375 0.875 0.40625 0.90625 0.40625 0.875 0.375 0.84375 0.40625 0.875 0.375 0.875 0.375 0.8125 0.40625 0.84375 0.375 0.84375 0.40625 0.8125 0.4375 0.84375 0.40625 0.84375 0.375 0.78125 0.40625 0.8125 0.375 0.8125 0.375 0.75 0.40625 0.78125 0.375 0.78125 0.40625 0.75 0.4375 0.78125 0.40625 0.78125 0.53125 0.96875 0.5 1 0.5 0.96875 0.5 0.9375 0.53125 0.96875 0.5 0.96875 0.53125 0.9375 0.5625 0.96875 0.53125 0.96875 0.46875 0.96875 0.4375 1 0.4375 0.96875 0.46875 0.9375 0.4375 0.96875 0.4375 0.9375 0.5 0.9375 0.46875 0.96875 0.46875 0.9375 0.40625 0.96875 0.375 1 0.375 0.96875 0.40625 0.9375 0.375 0.96875 0.375 0.9375 0.4375 0.9375 0.40625 0.96875 0.40625 0.9375 0.3125 0.65625 0.34375 0.6875 0.3125 0.6875 0.3125 0.625 0.34375 0.65625 0.3125 0.65625 0.34375 0.625 0.375 0.65625 0.34375 0.65625 0.3125 0.59375 0.34375 0.625 0.3125 0.625 0.34375 0.5625 0.3125 0.59375 0.3125 0.5625 0.375 0.5625 0.34375 0.59375 0.34375 0.5625 0.34375 0.53125 0.3125 0.5625 0.3125 0.53125 0.34375 0.5 0.3125 0.53125 0.3125 0.5 0.375 0.5 0.34375 0.53125 0.34375 0.5 0.28125 0.65625 0.25 0.6875 0.25 0.65625 0.25 0.625 0.28125 0.65625 0.25 0.65625 0.28125 0.625 0.3125 0.65625 0.28125 0.65625 0.25 0.59375 0.28125 0.625 0.25 0.625 0.25 0.5625 0.28125 0.59375 0.25 0.59375 0.28125 0.5625 0.3125 0.59375 0.28125 0.59375 0.25 0.53125 0.28125 0.5625 0.25 0.5625 0.25 0.5 0.28125 0.53125 0.25 0.53125 0.28125 0.5 0.3125 0.53125 0.28125 0.53125 0.21875 0.65625 0.1875 0.6875 0.1875 0.65625 0.21875 0.625 0.1875 0.65625 0.1875 0.625 0.25 0.625 0.21875 0.65625 0.21875 0.625 0.21875 0.59375 0.1875 0.625 0.1875 0.59375 0.21875 0.5625 0.1875 0.59375 0.1875 0.5625 0.25 0.5625 0.21875 0.59375 0.21875 0.5625 0.1875 0.53125 0.21875 0.5625 0.1875 0.5625 0.1875 0.5 0.21875 0.53125 0.1875 0.53125 0.21875 0.5 0.25 0.53125 0.21875 0.53125 0.125 0.65625 0.15625 0.6875 0.125 0.6875 0.125 0.625 0.15625 0.65625 0.125 0.65625 0.1875 0.625 0.15625 0.65625 0.15625 0.625 0.125 0.59375 0.15625 0.625 0.125 0.625 0.125 0.5625 0.15625 0.59375 0.125 0.59375 0.1875 0.5625 0.15625 0.59375 0.15625 0.5625 0.125 0.53125 0.15625 0.5625 0.125 0.5625 0.125 0.5 0.15625 0.53125 0.125 0.53125 0.15625 0.5 0.1875 0.53125 0.15625 0.53125 0.28125 0.71875 0.25 0.75 0.25 0.71875 0.28125 0.6875 0.25 0.71875 0.25 0.6875 0.3125 0.6875 0.28125 0.71875 0.28125 0.6875 0.21875 0.71875 0.1875 0.75 0.1875 0.71875 0.21875 0.6875 0.1875 0.71875 0.1875 0.6875 0.25 0.6875 0.21875 0.71875 0.21875 0.6875 0.15625 0.71875 0.125 0.75 0.125 0.71875 0.125 0.6875 0.15625 0.71875 0.125 0.71875 0.15625 0.6875 0.1875 0.71875 0.15625 0.71875 0.8125 0.65625 0.84375 0.6875 0.8125 0.6875 0.8125 0.625 0.84375 0.65625 0.8125 0.65625 0.84375 0.625 0.875 0.65625 0.84375 0.65625 0.84375 0.59375 0.8125 0.625 0.8125 0.59375 0.84375 0.5625 0.8125 0.59375 0.8125 0.5625 0.875 0.5625 0.84375 0.59375 0.84375 0.5625 0.8125 0.53125 0.84375 0.5625 0.8125 0.5625 0.8125 0.5 0.84375 0.53125 0.8125 0.53125 0.84375 0.5 0.875 0.53125 0.84375 0.53125 0.78125 0.65625 0.75 0.6875 0.75 0.65625 0.75 0.625 0.78125 0.65625 0.75 0.65625 0.78125 0.625 0.8125 0.65625 0.78125 0.65625 0.78125 0.59375 0.75 0.625 0.75 0.59375 0.78125 0.5625 0.75 0.59375 0.75 0.5625 0.8125 0.5625 0.78125 0.59375 0.78125 0.5625 0.78125 0.53125 0.75 0.5625 0.75 0.53125 0.78125 0.5 0.75 0.53125 0.75 0.5 0.8125 0.5 0.78125 0.53125 0.78125 0.5 0.6875 0.65625 0.71875 0.6875 0.6875 0.6875 0.6875 0.625 0.71875 0.65625 0.6875 0.65625 0.71875 0.625 0.75 0.65625 0.71875 0.65625 0.6875 0.59375 0.71875 0.625 0.6875 0.625 0.6875 0.5625 0.71875 0.59375 0.6875 0.59375 0.71875 0.5625 0.75 0.59375 0.71875 0.59375 0.6875 0.53125 0.71875 0.5625 0.6875 0.5625 0.6875 0.5 0.71875 0.53125 0.6875 0.53125 0.71875 0.5 0.75 0.53125 0.71875 0.53125 0.625 0.65625 0.65625 0.6875 0.625 0.6875 0.65625 0.625 0.625 0.65625 0.625 0.625 0.6875 0.625 0.65625 0.65625 0.65625 0.625 0.65625 0.59375 0.625 0.625 0.625 0.59375 0.65625 0.5625 0.625 0.59375 0.625 0.5625 0.6875 0.5625 0.65625 0.59375 0.65625 0.5625 0.625 0.53125 0.65625 0.5625 0.625 0.5625 0.625 0.5 0.65625 0.53125 0.625 0.53125 0.65625 0.5 0.6875 0.53125 0.65625 0.53125 0.75 0.71875 0.78125 0.75 0.75 0.75 0.78125 0.6875 0.75 0.71875 0.75 0.6875 0.8125 0.6875 0.78125 0.71875 0.78125 0.6875 0.71875 0.71875 0.6875 0.75 0.6875 0.71875 0.71875 0.6875 0.6875 0.71875 0.6875 0.6875 0.75 0.6875 0.71875 0.71875 0.71875 0.6875 0.65625 0.71875 0.625 0.75 0.625 0.71875 0.65625 0.6875 0.625 0.71875 0.625 0.6875 0.6875 0.6875 0.65625 0.71875 0.65625 0.6875 0.8125 0.71875 0.84375 0.75 0.8125 0.75 0.8125 0.6875 0.84375 0.71875 0.8125 0.71875 0.84375 0.6875 0.875 0.71875 0.84375 0.71875 0.3125 0.71875 0.34375 0.75 0.3125 0.75 0.3125 0.6875 0.34375 0.71875 0.3125 0.71875 0.34375 0.6875 0.375 0.71875 0.34375 0.71875 0.5625 0.96875 0.59375 1 0.5625 1 0.5625 0.9375 0.59375 0.96875 0.5625 0.96875 0.59375 0.9375 0.625 0.96875 0.59375 0.96875 0.59375 0.71875 0.5625 0.75 0.5625 0.71875 0.5625 0.6875 0.59375 0.71875 0.5625 0.71875 0.59375 0.6875 0.625 0.71875 0.59375 0.71875 0.5625 0.46875 0.59375 0.5 0.5625 0.5 0.5625 0.4375 0.59375 0.46875 0.5625 0.46875 0.59375 0.4375 0.625 0.46875 0.59375 0.46875 0.5625 0.21875 0.59375 0.25 0.5625 0.25 0.5625 0.1875 0.59375 0.21875 0.5625 0.21875 0.59375 0.1875 0.625 0.21875 0.59375 0.21875 0.59375 0.21875 0.625 0.21875 0.625 0.25 0.59375 0.46875 0.625 0.46875 0.625 0.5 0.59375 0.71875 0.625 0.71875 0.625 0.75 0.59375 0.96875 0.625 0.96875 0.625 1 0.34375 0.71875 0.375 0.71875 0.375 0.75 0.84375 0.71875 0.875 0.71875 0.875 0.75 0.6875 0.71875 0.6875 0.75 0.65625 0.75 0.75 0.71875 0.75 0.75 0.71875 0.75 0.78125 0.71875 0.8125 0.71875 0.8125 0.75 0.65625 0.53125 0.6875 0.53125 0.6875 0.5625 0.6875 0.59375 0.6875 0.625 0.65625 0.625 0.65625 0.65625 0.6875 0.65625 0.6875 0.6875 0.71875 0.53125 0.75 0.53125 0.75 0.5625 0.71875 0.59375 0.75 0.59375 0.75 0.625 0.71875 0.65625 0.75 0.65625 0.75 0.6875 0.8125 0.53125 0.8125 0.5625 0.78125 0.5625 0.8125 0.59375 0.8125 0.625 0.78125 0.625 0.78125 0.65625 0.8125 0.65625 0.8125 0.6875 0.84375 0.53125 0.875 0.53125 0.875 0.5625 0.875 0.59375 0.875 0.625 0.84375 0.625 0.84375 0.65625 0.875 0.65625 0.875 0.6875 0.1875 0.71875 0.1875 0.75 0.15625 0.75 0.25 0.71875 0.25 0.75 0.21875 0.75 0.3125 0.71875 0.3125 0.75 0.28125 0.75 0.15625 0.53125 0.1875 0.53125 0.1875 0.5625 0.1875 0.59375 0.1875 0.625 0.15625 0.625 0.15625 0.65625 0.1875 0.65625 0.1875 0.6875 0.25 0.53125 0.25 0.5625 0.21875 0.5625 0.25 0.59375 0.25 0.625 0.21875 0.625 0.21875 0.65625 0.25 0.65625 0.25 0.6875 0.28125 0.53125 0.3125 0.53125 0.3125 0.5625 0.28125 0.59375 0.3125 0.59375 0.3125 0.625 0.3125 0.65625 0.3125 0.6875 0.28125 0.6875 0.375 0.53125 0.375 0.5625 0.34375 0.5625 0.375 0.59375 0.375 0.625 0.34375 0.625 0.34375 0.65625 0.375 0.65625 0.375 0.6875 0.40625 0.96875 0.4375 0.96875 0.4375 1 0.5 0.96875 0.5 1 0.46875 1 0.5625 0.96875 0.5625 1 0.53125 1 0.40625 0.78125 0.4375 0.78125 0.4375 0.8125 0.40625 0.84375 0.4375 0.84375 0.4375 0.875 0.4375 0.90625 0.4375 0.9375 0.40625 0.9375 0.5 0.78125 0.5 0.8125 0.46875 0.8125 0.46875 0.84375 0.5 0.84375 0.5 0.875 0.5 0.90625 0.5 0.9375 0.46875 0.9375 0.53125 0.78125 0.5625 0.78125 0.5625 0.8125 0.5625 0.84375 0.5625 0.875 0.53125 0.875 0.53125 0.90625 0.5625 0.90625 0.5625 0.9375 0.625 0.78125 0.625 0.8125 0.59375 0.8125 0.625 0.84375 0.625 0.875 0.59375 0.875 0.625 0.90625 0.625 0.9375 0.59375 0.9375 0.40625 0.71875 0.4375 0.71875 0.4375 0.75 0.5 0.71875 0.5 0.75 0.46875 0.75 0.53125 0.71875 0.5625 0.71875 0.5625 0.75 0.40625 0.53125 0.4375 0.53125 0.4375 0.5625 0.4375 0.59375 0.4375 0.625 0.40625 0.625 0.4375 0.65625 0.4375 0.6875 0.40625 0.6875 0.5 0.53125 0.5 0.5625 0.46875 0.5625 0.46875 0.59375 0.5 0.59375 0.5 0.625 0.5 0.65625 0.5 0.6875 0.46875 0.6875 0.5625 0.53125 0.5625 0.5625 0.53125 0.5625 0.53125 0.59375 0.5625 0.59375 0.5625 0.625 0.53125 0.65625 0.5625 0.65625 0.5625 0.6875 0.625 0.53125 0.625 0.5625 0.59375 0.5625 0.625 0.59375 0.625 0.625 0.59375 0.625 0.59375 0.65625 0.625 0.65625 0.625 0.6875 0.40625 0.46875 0.4375 0.46875 0.4375 0.5 0.46875 0.46875 0.5 0.46875 0.5 0.5 0.5625 0.46875 0.5625 0.5 0.53125 0.5 0.40625 0.28125 0.4375 0.28125 0.4375 0.3125 0.40625 0.34375 0.4375 0.34375 0.4375 0.375 0.4375 0.40625 0.4375 0.4375 0.40625 0.4375 0.46875 0.28125 0.5 0.28125 0.5 0.3125 0.5 0.34375 0.5 0.375 0.46875 0.375 0.46875 0.40625 0.5 0.40625 0.5 0.4375 0.5625 0.28125 0.5625 0.3125 0.53125 0.3125 0.5625 0.34375 0.5625 0.375 0.53125 0.375 0.5625 0.40625 0.5625 0.4375 0.53125 0.4375 0.625 0.28125 0.625 0.3125 0.59375 0.3125 0.59375 0.34375 0.625 0.34375 0.625 0.375 0.59375 0.40625 0.625 0.40625 0.625 0.4375 0.4375 0.21875 0.4375 0.25 0.40625 0.25 0.46875 0.21875 0.5 0.21875 0.5 0.25 0.53125 0.21875 0.5625 0.21875 0.5625 0.25 0.40625 0.03125 0.4375 0.03125 0.4375 0.0625 0.4375 0.09375 0.4375 0.125 0.40625 0.125 0.40625 0.15625 0.4375 0.15625 0.4375 0.1875 0.46875 0.03125 0.5 0.03125 0.5 0.0625 0.5 0.09375 0.5 0.125 0.46875 0.125 0.46875 0.15625 0.5 0.15625 0.5 0.1875 0.5625 0.03125 0.5625 0.0625 0.53125 0.0625 0.5625 0.09375 0.5625 0.125 0.53125 0.125 0.5625 0.15625 0.5625 0.1875 0.53125 0.1875 0.625 0.03125 0.625 0.0625 0.59375 0.0625 0.59375 0.09375 0.625 0.09375 0.625 0.125 0.59375 0.15625 0.625 0.15625 0.625 0.1875 0.5625 0.15625 0.59375 0.15625 0.59375 0.1875 0.5625 0.125 0.59375 0.125 0.59375 0.15625 0.59375 0.125 0.625 0.125 0.625 0.15625 0.5625 0.09375 0.59375 0.09375 0.59375 0.125 0.59375 0.0625 0.59375 0.09375 0.5625 0.09375 0.625 0.0625 0.625 0.09375 0.59375 0.09375 0.59375 0.03125 0.59375 0.0625 0.5625 0.0625 0.5625 0 0.59375 0 0.59375 0.03125 0.59375 0 0.625 0 0.625 0.03125 0.53125 0.15625 0.53125 0.1875 0.5 0.1875 0.53125 0.125 0.53125 0.15625 0.5 0.15625 0.5625 0.125 0.5625 0.15625 0.53125 0.15625 0.53125 0.09375 0.53125 0.125 0.5 0.125 0.53125 0.0625 0.53125 0.09375 0.5 0.09375 0.5625 0.0625 0.5625 0.09375 0.53125 0.09375 0.53125 0.03125 0.53125 0.0625 0.5 0.0625 0.53125 0 0.53125 0.03125 0.5 0.03125 0.5625 0 0.5625 0.03125 0.53125 0.03125 0.4375 0.15625 0.46875 0.15625 0.46875 0.1875 0.4375 0.125 0.46875 0.125 0.46875 0.15625 0.46875 0.125 0.5 0.125 0.5 0.15625 0.46875 0.09375 0.46875 0.125 0.4375 0.125 0.46875 0.0625 0.46875 0.09375 0.4375 0.09375 0.46875 0.0625 0.5 0.0625 0.5 0.09375 0.4375 0.03125 0.46875 0.03125 0.46875 0.0625 0.4375 0 0.46875 0 0.46875 0.03125 0.46875 0 0.5 0 0.5 0.03125 0.375 0.15625 0.40625 0.15625 0.40625 0.1875 0.375 0.125 0.40625 0.125 0.40625 0.15625 0.40625 0.125 0.4375 0.125 0.4375 0.15625 0.40625 0.09375 0.40625 0.125 0.375 0.125 0.40625 0.0625 0.40625 0.09375 0.375 0.09375 0.4375 0.0625 0.4375 0.09375 0.40625 0.09375 0.375 0.03125 0.40625 0.03125 0.40625 0.0625 0.375 0 0.40625 0 0.40625 0.03125 0.40625 0 0.4375 0 0.4375 0.03125 0.53125 0.21875 0.53125 0.25 0.5 0.25 0.53125 0.1875 0.53125 0.21875 0.5 0.21875 0.5625 0.1875 0.5625 0.21875 0.53125 0.21875 0.4375 0.21875 0.46875 0.21875 0.46875 0.25 0.4375 0.1875 0.46875 0.1875 0.46875 0.21875 0.46875 0.1875 0.5 0.1875 0.5 0.21875 0.40625 0.21875 0.40625 0.25 0.375 0.25 0.40625 0.1875 0.40625 0.21875 0.375 0.21875 0.4375 0.1875 0.4375 0.21875 0.40625 0.21875 0.5625 0.40625 0.59375 0.40625 0.59375 0.4375 0.5625 0.375 0.59375 0.375 0.59375 0.40625 0.59375 0.375 0.625 0.375 0.625 0.40625 0.5625 0.34375 0.59375 0.34375 0.59375 0.375 0.5625 0.3125 0.59375 0.3125 0.59375 0.34375 0.59375 0.3125 0.625 0.3125 0.625 0.34375 0.5625 0.28125 0.59375 0.28125 0.59375 0.3125 0.5625 0.25 0.59375 0.25 0.59375 0.28125 0.625 0.25 0.625 0.28125 0.59375 0.28125 0.53125 0.40625 0.53125 0.4375 0.5 0.4375 0.53125 0.375 0.53125 0.40625 0.5 0.40625 0.5625 0.375 0.5625 0.40625 0.53125 0.40625 0.53125 0.34375 0.53125 0.375 0.5 0.375 0.53125 0.3125 0.53125 0.34375 0.5 0.34375 0.5625 0.3125 0.5625 0.34375 0.53125 0.34375 0.53125 0.28125 0.53125 0.3125 0.5 0.3125 0.53125 0.25 0.53125 0.28125 0.5 0.28125 0.5625 0.25 0.5625 0.28125 0.53125 0.28125 0.46875 0.40625 0.46875 0.4375 0.4375 0.4375 0.46875 0.375 0.46875 0.40625 0.4375 0.40625 0.5 0.375 0.5 0.40625 0.46875 0.40625 0.46875 0.34375 0.46875 0.375 0.4375 0.375 0.4375 0.3125 0.46875 0.3125 0.46875 0.34375 0.5 0.3125 0.5 0.34375 0.46875 0.34375 0.4375 0.28125 0.46875 0.28125 0.46875 0.3125 0.4375 0.25 0.46875 0.25 0.46875 0.28125 0.46875 0.25 0.5 0.25 0.5 0.28125 0.40625 0.40625 0.40625 0.4375 0.375 0.4375 0.40625 0.375 0.40625 0.40625 0.375 0.40625 0.40625 0.375 0.4375 0.375 0.4375 0.40625 0.375 0.34375 0.40625 0.34375 0.40625 0.375 0.375 0.3125 0.40625 0.3125 0.40625 0.34375 0.40625 0.3125 0.4375 0.3125 0.4375 0.34375 0.375 0.28125 0.40625 0.28125 0.40625 0.3125 0.375 0.25 0.40625 0.25 0.40625 0.28125 0.40625 0.25 0.4375 0.25 0.4375 0.28125 0.53125 0.46875 0.53125 0.5 0.5 0.5 0.53125 0.4375 0.53125 0.46875 0.5 0.46875 0.5625 0.4375 0.5625 0.46875 0.53125 0.46875 0.4375 0.46875 0.46875 0.46875 0.46875 0.5 0.4375 0.4375 0.46875 0.4375 0.46875 0.46875 0.46875 0.4375 0.5 0.4375 0.5 0.46875 0.375 0.46875 0.40625 0.46875 0.40625 0.5 0.40625 0.4375 0.40625 0.46875 0.375 0.46875 0.40625 0.4375 0.4375 0.4375 0.4375 0.46875 0.5625 0.65625 0.59375 0.65625 0.59375 0.6875 0.59375 0.625 0.59375 0.65625 0.5625 0.65625 0.625 0.625 0.625 0.65625 0.59375 0.65625 0.59375 0.59375 0.59375 0.625 0.5625 0.625 0.59375 0.5625 0.59375 0.59375 0.5625 0.59375 0.625 0.5625 0.625 0.59375 0.59375 0.59375 0.59375 0.53125 0.59375 0.5625 0.5625 0.5625 0.59375 0.5 0.59375 0.53125 0.5625 0.53125 0.625 0.5 0.625 0.53125 0.59375 0.53125 0.5 0.65625 0.53125 0.65625 0.53125 0.6875 0.5 0.625 0.53125 0.625 0.53125 0.65625 0.53125 0.625 0.5625 0.625 0.5625 0.65625 0.5 0.59375 0.53125 0.59375 0.53125 0.625 0.53125 0.5625 0.53125 0.59375 0.5 0.59375 0.5625 0.5625 0.5625 0.59375 0.53125 0.59375 0.5 0.53125 0.53125 0.53125 0.53125 0.5625 0.53125 0.5 0.53125 0.53125 0.5 0.53125 0.5625 0.5 0.5625 0.53125 0.53125 0.53125 0.46875 0.65625 0.46875 0.6875 0.4375 0.6875 0.46875 0.625 0.46875 0.65625 0.4375 0.65625 0.46875 0.625 0.5 0.625 0.5 0.65625 0.4375 0.59375 0.46875 0.59375 0.46875 0.625 0.4375 0.5625 0.46875 0.5625 0.46875 0.59375 0.46875 0.5625 0.5 0.5625 0.5 0.59375 0.46875 0.53125 0.46875 0.5625 0.4375 0.5625 0.4375 0.5 0.46875 0.5 0.46875 0.53125 0.46875 0.5 0.5 0.5 0.5 0.53125 0.40625 0.65625 0.40625 0.6875 0.375 0.6875 0.40625 0.625 0.40625 0.65625 0.375 0.65625 0.4375 0.625 0.4375 0.65625 0.40625 0.65625 0.40625 0.59375 0.40625 0.625 0.375 0.625 0.375 0.5625 0.40625 0.5625 0.40625 0.59375 0.40625 0.5625 0.4375 0.5625 0.4375 0.59375 0.375 0.53125 0.40625 0.53125 0.40625 0.5625 0.375 0.5 0.40625 0.5 0.40625 0.53125 0.40625 0.5 0.4375 0.5 0.4375 0.53125 0.5 0.71875 0.53125 0.71875 0.53125 0.75 0.5 0.6875 0.53125 0.6875 0.53125 0.71875 0.53125 0.6875 0.5625 0.6875 0.5625 0.71875 0.46875 0.71875 0.46875 0.75 0.4375 0.75 0.46875 0.6875 0.46875 0.71875 0.4375 0.71875 0.5 0.6875 0.5 0.71875 0.46875 0.71875 0.40625 0.71875 0.40625 0.75 0.375 0.75 0.40625 0.6875 0.40625 0.71875 0.375 0.71875 0.4375 0.6875 0.4375 0.71875 0.40625 0.71875 0.59375 0.90625 0.59375 0.9375 0.5625 0.9375 0.59375 0.875 0.59375 0.90625 0.5625 0.90625 0.625 0.875 0.625 0.90625 0.59375 0.90625 0.59375 0.84375 0.59375 0.875 0.5625 0.875 0.59375 0.8125 0.59375 0.84375 0.5625 0.84375 0.625 0.8125 0.625 0.84375 0.59375 0.84375 0.59375 0.78125 0.59375 0.8125 0.5625 0.8125 0.59375 0.75 0.59375 0.78125 0.5625 0.78125 0.625 0.75 0.625 0.78125 0.59375 0.78125 0.5 0.90625 0.53125 0.90625 0.53125 0.9375 0.5 0.875 0.53125 0.875 0.53125 0.90625 0.53125 0.875 0.5625 0.875 0.5625 0.90625 0.5 0.84375 0.53125 0.84375 0.53125 0.875 0.5 0.8125 0.53125 0.8125 0.53125 0.84375 0.53125 0.8125 0.5625 0.8125 0.5625 0.84375 0.5 0.78125 0.53125 0.78125 0.53125 0.8125 0.5 0.75 0.53125 0.75 0.53125 0.78125 0.53125 0.75 0.5625 0.75 0.5625 0.78125 0.46875 0.90625 0.46875 0.9375 0.4375 0.9375 0.46875 0.875 0.46875 0.90625 0.4375 0.90625 0.46875 0.875 0.5 0.875 0.5 0.90625 0.4375 0.84375 0.46875 0.84375 0.46875 0.875 0.4375 0.8125 0.46875 0.8125 0.46875 0.84375 0.46875 0.8125 0.5 0.8125 0.5 0.84375 0.46875 0.78125 0.46875 0.8125 0.4375 0.8125 0.46875 0.75 0.46875 0.78125 0.4375 0.78125 0.5 0.75 0.5 0.78125 0.46875 0.78125 0.40625 0.90625 0.40625 0.9375 0.375 0.9375 0.40625 0.875 0.40625 0.90625 0.375 0.90625 0.4375 0.875 0.4375 0.90625 0.40625 0.90625 0.375 0.84375 0.40625 0.84375 0.40625 0.875 0.375 0.8125 0.40625 0.8125 0.40625 0.84375 0.40625 0.8125 0.4375 0.8125 0.4375 0.84375 0.375 0.78125 0.40625 0.78125 0.40625 0.8125 0.375 0.75 0.40625 0.75 0.40625 0.78125 0.40625 0.75 0.4375 0.75 0.4375 0.78125 0.53125 0.96875 0.53125 1 0.5 1 0.5 0.9375 0.53125 0.9375 0.53125 0.96875 0.53125 0.9375 0.5625 0.9375 0.5625 0.96875 0.46875 0.96875 0.46875 1 0.4375 1 0.46875 0.9375 0.46875 0.96875 0.4375 0.96875 0.5 0.9375 0.5 0.96875 0.46875 0.96875 0.40625 0.96875 0.40625 1 0.375 1 0.40625 0.9375 0.40625 0.96875 0.375 0.96875 0.4375 0.9375 0.4375 0.96875 0.40625 0.96875 0.3125 0.65625 0.34375 0.65625 0.34375 0.6875 0.3125 0.625 0.34375 0.625 0.34375 0.65625 0.34375 0.625 0.375 0.625 0.375 0.65625 0.3125 0.59375 0.34375 0.59375 0.34375 0.625 0.34375 0.5625 0.34375 0.59375 0.3125 0.59375 0.375 0.5625 0.375 0.59375 0.34375 0.59375 0.34375 0.53125 0.34375 0.5625 0.3125 0.5625 0.34375 0.5 0.34375 0.53125 0.3125 0.53125 0.375 0.5 0.375 0.53125 0.34375 0.53125 0.28125 0.65625 0.28125 0.6875 0.25 0.6875 0.25 0.625 0.28125 0.625 0.28125 0.65625 0.28125 0.625 0.3125 0.625 0.3125 0.65625 0.25 0.59375 0.28125 0.59375 0.28125 0.625 0.25 0.5625 0.28125 0.5625 0.28125 0.59375 0.28125 0.5625 0.3125 0.5625 0.3125 0.59375 0.25 0.53125 0.28125 0.53125 0.28125 0.5625 0.25 0.5 0.28125 0.5 0.28125 0.53125 0.28125 0.5 0.3125 0.5 0.3125 0.53125 0.21875 0.65625 0.21875 0.6875 0.1875 0.6875 0.21875 0.625 0.21875 0.65625 0.1875 0.65625 0.25 0.625 0.25 0.65625 0.21875 0.65625 0.21875 0.59375 0.21875 0.625 0.1875 0.625 0.21875 0.5625 0.21875 0.59375 0.1875 0.59375 0.25 0.5625 0.25 0.59375 0.21875 0.59375 0.1875 0.53125 0.21875 0.53125 0.21875 0.5625 0.1875 0.5 0.21875 0.5 0.21875 0.53125 0.21875 0.5 0.25 0.5 0.25 0.53125 0.125 0.65625 0.15625 0.65625 0.15625 0.6875 0.125 0.625 0.15625 0.625 0.15625 0.65625 0.1875 0.625 0.1875 0.65625 0.15625 0.65625 0.125 0.59375 0.15625 0.59375 0.15625 0.625 0.125 0.5625 0.15625 0.5625 0.15625 0.59375 0.1875 0.5625 0.1875 0.59375 0.15625 0.59375 0.125 0.53125 0.15625 0.53125 0.15625 0.5625 0.125 0.5 0.15625 0.5 0.15625 0.53125 0.15625 0.5 0.1875 0.5 0.1875 0.53125 0.28125 0.71875 0.28125 0.75 0.25 0.75 0.28125 0.6875 0.28125 0.71875 0.25 0.71875 0.3125 0.6875 0.3125 0.71875 0.28125 0.71875 0.21875 0.71875 0.21875 0.75 0.1875 0.75 0.21875 0.6875 0.21875 0.71875 0.1875 0.71875 0.25 0.6875 0.25 0.71875 0.21875 0.71875 0.15625 0.71875 0.15625 0.75 0.125 0.75 0.125 0.6875 0.15625 0.6875 0.15625 0.71875 0.15625 0.6875 0.1875 0.6875 0.1875 0.71875 0.8125 0.65625 0.84375 0.65625 0.84375 0.6875 0.8125 0.625 0.84375 0.625 0.84375 0.65625 0.84375 0.625 0.875 0.625 0.875 0.65625 0.84375 0.59375 0.84375 0.625 0.8125 0.625 0.84375 0.5625 0.84375 0.59375 0.8125 0.59375 0.875 0.5625 0.875 0.59375 0.84375 0.59375 0.8125 0.53125 0.84375 0.53125 0.84375 0.5625 0.8125 0.5 0.84375 0.5 0.84375 0.53125 0.84375 0.5 0.875 0.5 0.875 0.53125 0.78125 0.65625 0.78125 0.6875 0.75 0.6875 0.75 0.625 0.78125 0.625 0.78125 0.65625 0.78125 0.625 0.8125 0.625 0.8125 0.65625 0.78125 0.59375 0.78125 0.625 0.75 0.625 0.78125 0.5625 0.78125 0.59375 0.75 0.59375 0.8125 0.5625 0.8125 0.59375 0.78125 0.59375 0.78125 0.53125 0.78125 0.5625 0.75 0.5625 0.78125 0.5 0.78125 0.53125 0.75 0.53125 0.8125 0.5 0.8125 0.53125 0.78125 0.53125 0.6875 0.65625 0.71875 0.65625 0.71875 0.6875 0.6875 0.625 0.71875 0.625 0.71875 0.65625 0.71875 0.625 0.75 0.625 0.75 0.65625 0.6875 0.59375 0.71875 0.59375 0.71875 0.625 0.6875 0.5625 0.71875 0.5625 0.71875 0.59375 0.71875 0.5625 0.75 0.5625 0.75 0.59375 0.6875 0.53125 0.71875 0.53125 0.71875 0.5625 0.6875 0.5 0.71875 0.5 0.71875 0.53125 0.71875 0.5 0.75 0.5 0.75 0.53125 0.625 0.65625 0.65625 0.65625 0.65625 0.6875 0.65625 0.625 0.65625 0.65625 0.625 0.65625 0.6875 0.625 0.6875 0.65625 0.65625 0.65625 0.65625 0.59375 0.65625 0.625 0.625 0.625 0.65625 0.5625 0.65625 0.59375 0.625 0.59375 0.6875 0.5625 0.6875 0.59375 0.65625 0.59375 0.625 0.53125 0.65625 0.53125 0.65625 0.5625 0.625 0.5 0.65625 0.5 0.65625 0.53125 0.65625 0.5 0.6875 0.5 0.6875 0.53125 0.75 0.71875 0.78125 0.71875 0.78125 0.75 0.78125 0.6875 0.78125 0.71875 0.75 0.71875 0.8125 0.6875 0.8125 0.71875 0.78125 0.71875 0.71875 0.71875 0.71875 0.75 0.6875 0.75 0.71875 0.6875 0.71875 0.71875 0.6875 0.71875 0.75 0.6875 0.75 0.71875 0.71875 0.71875 0.65625 0.71875 0.65625 0.75 0.625 0.75 0.65625 0.6875 0.65625 0.71875 0.625 0.71875 0.6875 0.6875 0.6875 0.71875 0.65625 0.71875 0.8125 0.71875 0.84375 0.71875 0.84375 0.75 0.8125 0.6875 0.84375 0.6875 0.84375 0.71875 0.84375 0.6875 0.875 0.6875 0.875 0.71875 0.3125 0.71875 0.34375 0.71875 0.34375 0.75 0.3125 0.6875 0.34375 0.6875 0.34375 0.71875 0.34375 0.6875 0.375 0.6875 0.375 0.71875 0.5625 0.96875 0.59375 0.96875 0.59375 1 0.5625 0.9375 0.59375 0.9375 0.59375 0.96875 0.59375 0.9375 0.625 0.9375 0.625 0.96875 0.59375 0.71875 0.59375 0.75 0.5625 0.75 0.5625 0.6875 0.59375 0.6875 0.59375 0.71875 0.59375 0.6875 0.625 0.6875 0.625 0.71875 0.5625 0.46875 0.59375 0.46875 0.59375 0.5 0.5625 0.4375 0.59375 0.4375 0.59375 0.46875 0.59375 0.4375 0.625 0.4375 0.625 0.46875 0.5625 0.21875 0.59375 0.21875 0.59375 0.25 0.5625 0.1875 0.59375 0.1875 0.59375 0.21875 0.59375 0.1875 0.625 0.1875 0.625 0.21875</float_array>
          <technique_common>
            <accessor source="#Cube_026-mesh-map-0-array" count="2304" stride="2">
              <param name="S" type="float"/>
              <param name="T" type="float"/>
            </accessor>
          </technique_common>
        </source>
        <vertices id="Cube_026-mesh-vertices">
          <input semantic="POSITION" source="#Cube_026-mesh-positions"/>
        </vertices>
        <triangles material="Material-material" count="768">
          <input semantic="VERTEX" source="#Cube_026-mesh-vertices" offset="0"/>
          <input semantic="NORMAL" source="#Cube_026-mesh-normals" offset="1"/>
          <input semantic="TEXCOORD" source="#Cube_026-mesh-map-0" offset="2" set="0"/>
          <p>385 0 0 3 0 1 119 0 2 384 1 3 7 1 4 128 1 5 383 2 6 5 2 7 137 2 8 382 3 9 1 3 10 99 3 11 381 4 12 4 4 13 108 4 14 380 5 15 1 5 16 109 5 17 146 6 18 143 6 19 379 6 20 150 7 21 144 7 22 378 7 23 377 8 24 43 8 25 145 8 26 376 9 27 44 9 28 158 9 29 148 10 30 159 10 31 375 10 32 374 11 33 46 11 34 160 11 35 373 12 36 47 12 37 161 12 38 372 13 39 48 13 40 162 13 41 371 14 42 49 14 43 163 14 44 155 15 45 164 15 46 370 15 47 156 16 48 165 16 49 369 16 50 368 17 51 52 17 52 166 17 53 367 18 54 16 18 55 167 18 56 118 19 57 168 19 58 366 19 59 365 20 60 14 20 61 169 20 62 170 21 63 140 21 64 364 21 65 174 22 66 141 22 67 363 22 68 178 23 69 142 23 70 362 23 71 361 24 72 53 24 73 182 24 74 172 25 75 183 25 76 360 25 77 359 26 78 55 26 79 184 26 80 175 27 81 185 27 82 358 27 83 176 28 84 186 28 85 357 28 86 356 29 87 58 29 88 187 29 89 355 30 90 59 30 91 188 30 92 354 31 93 60 31 94 189 31 95 181 32 96 190 32 97 353 32 98 105 33 99 191 33 100 352 33 101 133 34 102 192 34 103 351 34 104 350 35 105 29 35 106 193 35 107 349 36 108 11 36 109 113 36 110 198 37 111 114 37 112 348 37 113 202 38 114 115 38 115 347 38 116 346 39 117 62 39 118 206 39 119 345 40 120 63 40 121 207 40 122 197 41 123 208 41 124 344 41 125 199 42 126 209 42 127 343 42 128 342 43 129 66 43 130 210 43 131 201 44 132 211 44 133 341 44 134 340 45 135 68 45 136 212 45 137 204 46 138 213 46 139 339 46 140 338 47 141 70 47 142 214 47 143 143 48 144 215 48 145 337 48 146 144 49 147 216 49 148 336 49 149 145 50 150 217 50 151 335 50 152 334 51 153 37 51 154 107 51 155 222 52 156 139 52 157 333 52 158 332 53 159 35 53 160 138 53 161 331 54 162 71 54 163 230 54 164 220 55 165 231 55 166 330 55 167 221 56 168 232 56 169 329 56 170 223 57 171 233 57 172 328 57 173 327 58 174 75 58 175 234 58 176 225 59 177 235 59 178 326 59 179 227 60 180 236 60 181 325 60 182 324 61 183 78 61 184 237 61 185 323 62 186 79 62 187 238 62 188 134 63 189 239 63 190 322 63 191 135 64 192 240 64 193 321 64 194 320 65 195 34 65 196 241 65 197 319 66 198 28 66 199 104 66 200 318 67 201 27 67 202 130 67 203 250 68 204 129 68 205 317 68 206 316 69 207 80 69 208 254 69 209 315 70 210 81 70 211 255 70 212 245 71 213 256 71 214 314 71 215 313 72 216 83 72 217 257 72 218 248 73 219 258 73 220 312 73 221 311 74 222 85 74 223 259 74 224 251 75 225 260 75 226 310 75 227 252 76 228 261 76 229 309 76 230 253 77 231 262 77 232 308 77 233 125 78 234 263 78 235 307 78 236 306 79 237 24 79 238 264 79 239 305 80 240 25 80 241 265 80 242 266 81 243 101 81 244 304 81 245 303 82 246 18 82 247 121 82 248 302 83 249 17 83 250 120 83 251 301 84 252 89 84 253 278 84 254 268 85 255 279 85 256 300 85 257 299 86 258 91 86 259 280 86 260 298 87 261 92 87 262 281 87 263 272 88 264 282 88 265 297 88 266 296 89 267 94 89 268 283 89 269 275 90 270 284 90 271 295 90 272 276 91 273 285 91 274 294 91 275 277 92 276 286 92 277 293 92 278 116 93 279 287 93 280 292 93 281 291 94 282 15 94 283 288 94 284 290 95 285 16 95 286 289 95 287 277 96 288 289 96 289 97 96 290 96 97 291 290 97 292 277 97 293 288 98 294 118 98 295 290 98 296 276 99 297 288 99 298 96 99 299 287 100 300 276 100 301 95 100 302 14 101 303 291 101 304 287 101 305 292 102 306 95 102 307 275 102 308 13 103 309 292 103 310 275 103 311 99 104 312 116 104 313 292 104 314 293 105 315 94 105 316 273 105 317 285 106 318 273 106 319 93 106 320 96 107 321 293 107 322 285 107 323 294 108 324 93 108 325 272 108 326 284 109 327 272 109 328 92 109 329 95 110 330 294 110 331 284 110 332 295 111 333 92 111 334 271 111 335 115 112 336 271 112 337 12 112 338 13 113 339 295 113 340 115 113 341 269 114 342 283 114 343 91 114 344 90 115 345 296 115 346 269 115 347 282 116 348 273 116 349 296 116 350 297 117 351 90 117 352 268 117 353 281 118 354 268 118 355 89 118 356 281 119 357 272 119 358 297 119 359 267 120 360 281 120 361 89 120 362 11 121 363 298 121 364 267 121 365 114 122 366 271 122 367 298 122 368 111 123 369 280 123 370 8 123 371 9 124 372 299 124 373 111 124 374 279 125 375 269 125 376 299 125 377 300 126 378 9 126 379 112 126 380 278 127 381 112 127 382 10 127 383 89 128 384 300 128 385 278 128 386 98 129 387 278 129 388 10 129 389 0 130 390 301 130 391 98 130 392 113 131 393 267 131 394 301 131 395 302 132 396 18 132 397 270 132 398 286 133 399 270 133 400 94 133 401 97 134 402 302 134 403 286 134 404 266 135 405 121 135 406 19 135 407 91 136 408 303 136 409 266 136 410 283 137 411 270 137 412 303 137 413 304 138 414 2 138 415 110 138 416 280 139 417 110 139 418 8 139 419 91 140 420 304 140 421 280 140 422 253 141 423 265 141 424 88 141 425 87 142 426 305 142 427 253 142 428 264 143 429 127 143 430 305 143 431 252 144 432 264 144 433 87 144 434 86 145 435 306 145 436 252 145 437 263 146 438 126 146 439 306 146 440 251 147 441 263 147 442 86 147 443 17 148 444 307 148 445 251 148 446 3 149 447 307 149 448 119 149 449 308 150 450 85 150 451 249 150 452 261 151 453 249 151 454 84 151 455 87 152 456 308 152 457 261 152 458 309 153 459 84 153 460 248 153 461 260 154 462 248 154 463 83 154 464 86 155 465 309 155 466 260 155 467 310 156 468 83 156 469 247 156 470 120 157 471 247 157 472 18 157 473 17 158 474 310 158 475 120 158 476 311 159 477 82 159 478 245 159 479 258 160 480 245 160 481 81 160 482 84 161 483 311 161 484 258 161 485 312 162 486 81 162 487 244 162 488 80 163 489 312 163 490 244 163 491 83 164 492 312 164 493 257 164 494 243 165 495 257 165 496 80 165 497 19 166 498 313 166 499 243 166 500 121 167 501 247 167 502 313 167 503 314 168 504 20 168 505 123 168 506 255 169 507 123 169 508 21 169 509 255 170 510 245 170 511 314 170 512 124 171 513 255 171 514 21 171 515 22 172 516 315 172 517 124 172 518 254 173 519 244 173 520 315 173 521 102 174 522 254 174 523 22 174 524 2 175 525 316 175 526 102 175 527 101 176 528 243 176 529 316 176 530 317 177 531 27 177 532 246 177 533 262 178 534 246 178 535 85 178 536 88 179 537 317 179 538 262 179 539 242 180 540 130 180 541 28 180 542 82 181 543 318 181 544 242 181 545 259 182 546 246 182 547 318 182 548 122 183 549 104 183 550 6 183 551 256 184 552 122 184 553 20 184 554 256 185 555 242 185 556 319 185 557 229 186 558 241 186 559 79 186 560 240 187 561 229 187 562 78 187 563 33 188 564 320 188 565 240 188 566 321 189 567 78 189 568 228 189 569 239 190 570 228 190 571 77 190 572 32 191 573 321 191 574 239 191 575 322 192 576 77 192 577 227 192 578 128 193 579 227 193 580 26 193 581 7 194 582 322 194 583 128 194 584 225 195 585 238 195 586 76 195 587 75 196 588 323 196 589 225 196 590 237 197 591 229 197 592 323 197 593 224 198 594 237 198 595 75 198 596 236 199 597 224 199 598 74 199 599 77 200 600 324 200 601 236 200 602 223 201 603 236 201 604 74 201 605 129 202 606 223 202 607 27 202 608 26 203 609 325 203 610 129 203 611 326 204 612 73 204 613 221 204 614 234 205 615 221 205 616 72 205 617 234 206 618 225 206 619 326 206 620 220 207 621 234 207 622 72 207 623 71 208 624 327 208 625 220 208 626 233 209 627 224 209 628 327 209 629 328 210 630 71 210 631 219 210 632 28 211 633 328 211 634 219 211 635 130 212 636 223 212 637 328 212 638 329 213 639 29 213 640 132 213 641 231 214 642 132 214 643 30 214 644 72 215 645 329 215 646 231 215 647 330 216 648 30 216 649 133 216 650 31 217 651 330 217 652 133 217 653 230 218 654 220 218 655 330 218 656 105 219 657 230 219 658 31 219 659 6 220 660 331 220 661 105 220 662 104 221 663 219 221 664 331 221 665 222 222 666 138 222 667 36 222 668 76 223 669 332 223 670 222 223 671 238 224 672 226 224 673 332 224 674 333 225 675 37 225 676 218 225 677 235 226 678 218 226 679 73 226 680 76 227 681 333 227 682 235 227 683 334 228 684 4 228 685 131 228 686 232 229 687 131 229 688 29 229 689 73 230 690 334 230 691 232 230 692 335 231 693 70 231 694 205 231 695 216 232 696 205 232 697 69 232 698 42 233 699 335 233 700 216 233 701 336 234 702 69 234 703 204 234 704 215 235 705 204 235 706 68 235 707 41 236 708 336 236 709 215 236 710 337 237 711 68 237 712 203 237 713 137 238 714 203 238 715 35 238 716 5 239 717 337 239 718 137 239 719 201 240 720 214 240 721 67 240 722 66 241 723 338 241 724 201 241 725 213 242 726 205 242 727 338 242 728 200 243 729 213 243 730 66 243 731 65 244 732 339 244 733 200 244 734 212 245 735 204 245 736 339 245 737 199 246 738 212 246 739 65 246 740 36 247 741 340 247 742 199 247 743 138 248 744 203 248 745 340 248 746 341 249 747 64 249 748 197 249 749 210 250 750 197 250 751 63 250 752 210 251 753 201 251 754 341 251 755 196 252 756 210 252 757 63 252 758 62 253 759 342 253 760 196 253 761 209 254 762 200 254 763 342 254 764 343 255 765 62 255 766 195 255 767 139 256 768 195 256 769 37 256 770 36 257 771 343 257 772 139 257 773 344 258 774 38 258 775 141 258 776 207 259 777 141 259 778 39 259 779 63 260 780 344 260 781 207 260 782 142 261 783 207 261 784 39 261 785 40 262 786 345 262 787 142 262 788 206 263 789 196 263 790 345 263 791 108 264 792 206 264 793 40 264 794 4 265 795 346 265 796 108 265 797 107 266 798 195 266 799 346 266 800 347 267 801 12 267 802 198 267 803 67 268 804 347 268 805 198 268 806 214 269 807 202 269 808 347 269 809 348 270 810 11 270 811 194 270 812 211 271 813 194 271 814 64 271 815 67 272 816 348 272 817 211 272 818 349 273 819 0 273 820 140 273 821 208 274 822 140 274 823 38 274 824 64 275 825 349 275 826 208 275 827 181 276 828 193 276 829 61 276 830 60 277 831 350 277 832 181 277 833 192 278 834 132 278 835 350 278 836 180 279 837 192 279 838 60 279 839 191 280 840 180 280 841 59 280 842 31 281 843 351 281 844 191 281 845 352 282 846 59 282 847 179 282 848 122 283 849 179 283 850 20 283 851 6 284 852 352 284 853 122 284 854 353 285 855 58 285 856 177 285 857 57 286 858 353 286 859 177 286 860 189 287 861 181 287 862 353 287 863 176 288 864 189 288 865 57 288 866 56 289 867 354 289 868 176 289 869 188 290 870 180 290 871 354 290 872 175 291 873 188 291 874 56 291 875 21 292 876 355 292 877 175 292 878 123 293 879 179 293 880 355 293 881 356 294 882 55 294 883 173 294 884 186 295 885 173 295 886 54 295 887 57 296 888 356 296 889 186 296 890 357 297 891 54 297 892 172 297 893 185 298 894 172 298 895 53 298 896 56 299 897 357 299 898 185 299 899 171 300 900 185 300 901 53 300 902 22 301 903 358 301 904 171 301 905 124 302 906 175 302 907 358 302 908 112 303 909 184 303 910 10 303 911 9 304 912 359 304 913 112 304 914 54 305 915 359 305 916 183 305 917 111 306 918 183 306 919 9 306 920 8 307 921 360 307 922 111 307 923 53 308 924 360 308 925 182 308 926 110 309 927 182 309 928 8 309 929 2 310 930 361 310 931 110 310 932 102 311 933 171 311 934 361 311 935 362 312 936 39 312 937 174 312 938 190 313 939 174 313 940 58 313 941 61 314 942 362 314 943 190 314 944 363 315 945 38 315 946 170 315 947 187 316 948 170 316 949 55 316 950 58 317 951 363 317 952 187 317 953 364 318 954 0 318 955 98 318 956 10 319 957 364 319 958 98 319 959 184 320 960 170 320 961 364 320 962 157 321 963 169 321 964 52 321 965 51 322 966 365 322 967 157 322 968 168 323 969 117 323 970 365 323 971 366 324 972 51 324 973 156 324 974 167 325 975 156 325 976 50 325 977 16 326 978 366 326 979 167 326 980 155 327 981 167 327 982 50 327 983 23 328 984 367 328 985 155 328 986 125 329 987 100 329 988 367 329 989 368 330 990 49 330 991 153 330 992 48 331 993 368 331 994 153 331 995 165 332 996 157 332 997 368 332 998 369 333 999 48 333 1000 152 333 1001 164 334 1002 152 334 1003 47 334 1004 50 335 1005 369 335 1006 164 335 1007 370 336 1008 47 336 1009 151 336 1010 126 337 1011 151 337 1012 24 337 1013 23 338 1014 370 338 1015 126 338 1016 149 339 1017 163 339 1018 46 339 1019 45 340 1020 371 340 1021 149 340 1022 162 341 1023 153 341 1024 371 341 1025 148 342 1026 162 342 1027 45 342 1028 44 343 1029 372 343 1030 148 343 1031 161 344 1032 152 344 1033 372 344 1034 147 345 1035 161 345 1036 44 345 1037 25 346 1038 373 346 1039 147 346 1040 127 347 1041 151 347 1042 373 347 1043 136 348 1044 160 348 1045 34 348 1046 159 349 1047 136 349 1048 33 349 1049 45 350 1050 374 350 1051 159 350 1052 375 351 1053 33 351 1054 135 351 1055 158 352 1056 135 352 1057 32 352 1058 44 353 1059 375 353 1060 158 353 1061 134 354 1062 158 354 1063 32 354 1064 7 355 1065 376 355 1066 134 355 1067 103 356 1068 147 356 1069 376 356 1070 150 357 1071 145 357 1072 42 357 1073 166 358 1074 150 358 1075 49 358 1076 52 359 1077 377 359 1078 166 359 1079 378 360 1080 41 360 1081 146 360 1082 163 361 1083 146 361 1084 46 361 1085 49 362 1086 378 362 1087 163 362 1088 379 363 1089 5 363 1090 106 363 1091 160 364 1092 106 364 1093 34 364 1094 46 365 1095 379 365 1096 160 365 1097 154 366 1098 109 366 1099 43 366 1100 52 367 1101 380 367 1102 154 367 1103 169 368 1104 116 368 1105 380 368 1106 178 369 1107 108 369 1108 40 369 1109 61 370 1110 381 370 1111 178 370 1112 193 371 1113 131 371 1114 381 371 1115 202 372 1116 99 372 1117 13 372 1118 70 373 1119 382 373 1120 202 373 1121 217 374 1122 109 374 1123 382 374 1124 383 375 1125 35 375 1126 226 375 1127 79 376 1128 383 376 1129 226 376 1130 241 377 1131 106 377 1132 383 377 1133 250 378 1134 128 378 1135 26 378 1136 88 379 1137 384 379 1138 250 379 1139 265 380 1140 103 380 1141 384 380 1142 274 381 1143 119 381 1144 17 381 1145 97 382 1146 385 382 1147 274 382 1148 289 383 1149 100 383 1150 385 383 1151 385 384 1152 100 384 1153 3 384 1154 384 385 1155 103 385 1156 7 385 1157 383 386 1158 106 386 1159 5 386 1160 382 387 1161 109 387 1162 1 387 1163 381 388 1164 131 388 1165 4 388 1166 380 389 1167 116 389 1168 1 389 1169 146 390 1170 41 390 1171 143 390 1172 150 391 1173 42 391 1174 144 391 1175 377 392 1176 154 392 1177 43 392 1178 376 393 1179 147 393 1180 44 393 1181 148 394 1182 45 394 1183 159 394 1184 374 395 1185 149 395 1186 46 395 1187 373 396 1188 151 396 1189 47 396 1190 372 397 1191 152 397 1192 48 397 1193 371 398 1194 153 398 1195 49 398 1196 155 399 1197 50 399 1198 164 399 1199 156 400 1200 51 400 1201 165 400 1202 368 401 1203 157 401 1204 52 401 1205 367 402 1206 100 402 1207 16 402 1208 118 403 1209 15 403 1210 168 403 1211 365 404 1212 117 404 1213 14 404 1214 170 405 1215 38 405 1216 140 405 1217 174 406 1218 39 406 1219 141 406 1220 178 407 1221 40 407 1222 142 407 1223 361 408 1224 171 408 1225 53 408 1226 172 409 1227 54 409 1228 183 409 1229 359 410 1230 173 410 1231 55 410 1232 175 411 1233 56 411 1234 185 411 1235 176 412 1236 57 412 1237 186 412 1238 356 413 1239 177 413 1240 58 413 1241 355 414 1242 179 414 1243 59 414 1244 354 415 1245 180 415 1246 60 415 1247 181 416 1248 61 416 1249 190 416 1250 105 417 1251 31 417 1252 191 417 1253 133 418 1254 30 418 1255 192 418 1256 350 419 1257 132 419 1258 29 419 1259 349 420 1260 194 420 1261 11 420 1262 198 421 1263 12 421 1264 114 421 1265 202 422 1266 13 422 1267 115 422 1268 346 423 1269 195 423 1270 62 423 1271 345 424 1272 196 424 1273 63 424 1274 197 425 1275 64 425 1276 208 425 1277 199 426 1278 65 426 1279 209 426 1280 342 427 1281 200 427 1282 66 427 1283 201 428 1284 67 428 1285 211 428 1286 340 429 1287 203 429 1288 68 429 1289 204 430 1290 69 430 1291 213 430 1292 338 431 1293 205 431 1294 70 431 1295 143 432 1296 41 432 1297 215 432 1298 144 433 1299 42 433 1300 216 433 1301 145 434 1302 43 434 1303 217 434 1304 334 435 1305 218 435 1306 37 435 1307 222 436 1308 36 436 1309 139 436 1310 332 437 1311 226 437 1312 35 437 1313 331 438 1314 219 438 1315 71 438 1316 220 439 1317 72 439 1318 231 439 1319 221 440 1320 73 440 1321 232 440 1322 223 441 1323 74 441 1324 233 441 1325 327 442 1326 224 442 1327 75 442 1328 225 443 1329 76 443 1330 235 443 1331 227 444 1332 77 444 1333 236 444 1334 324 445 1335 228 445 1336 78 445 1337 323 446 1338 229 446 1339 79 446 1340 134 447 1341 32 447 1342 239 447 1343 135 448 1344 33 448 1345 240 448 1346 320 449 1347 136 449 1348 34 449 1349 319 450 1350 242 450 1351 28 450 1352 318 451 1353 246 451 1354 27 451 1355 250 452 1356 26 452 1357 129 452 1358 316 453 1359 243 453 1360 80 453 1361 315 454 1362 244 454 1363 81 454 1364 245 455 1365 82 455 1366 256 455 1367 313 456 1368 247 456 1369 83 456 1370 248 457 1371 84 457 1372 258 457 1373 311 458 1374 249 458 1375 85 458 1376 251 459 1377 86 459 1378 260 459 1379 252 460 1380 87 460 1381 261 460 1382 253 461 1383 88 461 1384 262 461 1385 125 462 1386 23 462 1387 263 462 1388 306 463 1389 126 463 1390 24 463 1391 305 464 1392 127 464 1393 25 464 1394 266 465 1395 19 465 1396 101 465 1397 303 466 1398 270 466 1399 18 466 1400 302 467 1401 274 467 1402 17 467 1403 301 468 1404 267 468 1405 89 468 1406 268 469 1407 90 469 1408 279 469 1409 299 470 1410 269 470 1411 91 470 1412 298 471 1413 271 471 1414 92 471 1415 272 472 1416 93 472 1417 282 472 1418 296 473 1419 273 473 1420 94 473 1421 275 474 1422 95 474 1423 284 474 1424 276 475 1425 96 475 1426 285 475 1427 277 476 1428 97 476 1429 286 476 1430 116 477 1431 14 477 1432 287 477 1433 291 478 1434 117 478 1435 15 478 1436 290 479 1437 118 479 1438 16 479 1439 277 480 1440 290 480 1441 289 480 1442 96 481 1443 288 481 1444 290 481 1445 288 482 1446 15 482 1447 118 482 1448 276 483 1449 291 483 1450 288 483 1451 287 484 1452 291 484 1453 276 484 1454 14 485 1455 117 485 1456 291 485 1457 292 486 1458 287 486 1459 95 486 1460 13 487 1461 99 487 1462 292 487 1463 99 488 1464 1 488 1465 116 488 1466 293 489 1467 286 489 1468 94 489 1469 285 490 1470 293 490 1471 273 490 1472 96 491 1473 277 491 1474 293 491 1475 294 492 1476 285 492 1477 93 492 1478 284 493 1479 294 493 1480 272 493 1481 95 494 1482 276 494 1483 294 494 1484 295 495 1485 284 495 1486 92 495 1487 115 496 1488 295 496 1489 271 496 1490 13 497 1491 275 497 1492 295 497 1493 269 498 1494 296 498 1495 283 498 1496 90 499 1497 282 499 1498 296 499 1499 282 500 1500 93 500 1501 273 500 1502 297 501 1503 282 501 1504 90 501 1505 281 502 1506 297 502 1507 268 502 1508 281 503 1509 92 503 1510 272 503 1511 267 504 1512 298 504 1513 281 504 1514 11 505 1515 114 505 1516 298 505 1517 114 506 1518 12 506 1519 271 506 1520 111 507 1521 299 507 1522 280 507 1523 9 508 1524 279 508 1525 299 508 1526 279 509 1527 90 509 1528 269 509 1529 300 510 1530 279 510 1531 9 510 1532 278 511 1533 300 511 1534 112 511 1535 89 512 1536 268 512 1537 300 512 1538 98 513 1539 301 513 1540 278 513 1541 0 514 1542 113 514 1543 301 514 1544 113 515 1545 11 515 1546 267 515 1547 302 516 1548 120 516 1549 18 516 1550 286 517 1551 302 517 1552 270 517 1553 97 518 1554 274 518 1555 302 518 1556 266 519 1557 303 519 1558 121 519 1559 91 520 1560 283 520 1561 303 520 1562 283 521 1563 94 521 1564 270 521 1565 304 522 1566 101 522 1567 2 522 1568 280 523 1569 304 523 1570 110 523 1571 91 524 1572 266 524 1573 304 524 1574 253 525 1575 305 525 1576 265 525 1577 87 526 1578 264 526 1579 305 526 1580 264 527 1581 24 527 1582 127 527 1583 252 528 1584 306 528 1585 264 528 1586 86 529 1587 263 529 1588 306 529 1589 263 530 1590 23 530 1591 126 530 1592 251 531 1593 307 531 1594 263 531 1595 17 532 1596 119 532 1597 307 532 1598 3 533 1599 125 533 1600 307 533 1601 308 534 1602 262 534 1603 85 534 1604 261 535 1605 308 535 1606 249 535 1607 87 536 1608 253 536 1609 308 536 1610 309 537 1611 261 537 1612 84 537 1613 260 538 1614 309 538 1615 248 538 1616 86 539 1617 252 539 1618 309 539 1619 310 540 1620 260 540 1621 83 540 1622 120 541 1623 310 541 1624 247 541 1625 17 542 1626 251 542 1627 310 542 1628 311 543 1629 259 543 1630 82 543 1631 258 544 1632 311 544 1633 245 544 1634 84 545 1635 249 545 1636 311 545 1637 312 546 1638 258 546 1639 81 546 1640 80 547 1641 257 547 1642 312 547 1643 83 548 1644 248 548 1645 312 548 1646 243 549 1647 313 549 1648 257 549 1649 19 550 1650 121 550 1651 313 550 1652 121 551 1653 18 551 1654 247 551 1655 314 552 1656 256 552 1657 20 552 1658 255 553 1659 314 553 1660 123 553 1661 255 554 1662 81 554 1663 245 554 1664 124 555 1665 315 555 1666 255 555 1667 22 556 1668 254 556 1669 315 556 1670 254 557 1671 80 557 1672 244 557 1673 102 558 1674 316 558 1675 254 558 1676 2 559 1677 101 559 1678 316 559 1679 101 560 1680 19 560 1681 243 560 1682 317 561 1683 129 561 1684 27 561 1685 262 562 1686 317 562 1687 246 562 1688 88 563 1689 250 563 1690 317 563 1691 242 564 1692 318 564 1693 130 564 1694 82 565 1695 259 565 1696 318 565 1697 259 566 1698 85 566 1699 246 566 1700 122 567 1701 319 567 1702 104 567 1703 256 568 1704 319 568 1705 122 568 1706 256 569 1707 82 569 1708 242 569 1709 229 570 1710 320 570 1711 241 570 1712 240 571 1713 320 571 1714 229 571 1715 33 572 1716 136 572 1717 320 572 1718 321 573 1719 240 573 1720 78 573 1721 239 574 1722 321 574 1723 228 574 1724 32 575 1725 135 575 1726 321 575 1727 322 576 1728 239 576 1729 77 576 1730 128 577 1731 322 577 1732 227 577 1733 7 578 1734 134 578 1735 322 578 1736 225 579 1737 323 579 1738 238 579 1739 75 580 1740 237 580 1741 323 580 1742 237 581 1743 78 581 1744 229 581 1745 224 582 1746 324 582 1747 237 582 1748 236 583 1749 324 583 1750 224 583 1751 77 584 1752 228 584 1753 324 584 1754 223 585 1755 325 585 1756 236 585 1757 129 586 1758 325 586 1759 223 586 1760 26 587 1761 227 587 1762 325 587 1763 326 588 1764 235 588 1765 73 588 1766 234 589 1767 326 589 1768 221 589 1769 234 590 1770 75 590 1771 225 590 1772 220 591 1773 327 591 1774 234 591 1775 71 592 1776 233 592 1777 327 592 1778 233 593 1779 74 593 1780 224 593 1781 328 594 1782 233 594 1783 71 594 1784 28 595 1785 130 595 1786 328 595 1787 130 596 1788 27 596 1789 223 596 1790 329 597 1791 232 597 1792 29 597 1793 231 598 1794 329 598 1795 132 598 1796 72 599 1797 221 599 1798 329 599 1799 330 600 1800 231 600 1801 30 600 1802 31 601 1803 230 601 1804 330 601 1805 230 602 1806 71 602 1807 220 602 1808 105 603 1809 331 603 1810 230 603 1811 6 604 1812 104 604 1813 331 604 1814 104 605 1815 28 605 1816 219 605 1817 222 606 1818 332 606 1819 138 606 1820 76 607 1821 238 607 1822 332 607 1823 238 608 1824 79 608 1825 226 608 1826 333 609 1827 139 609 1828 37 609 1829 235 610 1830 333 610 1831 218 610 1832 76 611 1833 222 611 1834 333 611 1835 334 612 1836 107 612 1837 4 612 1838 232 613 1839 334 613 1840 131 613 1841 73 614 1842 218 614 1843 334 614 1844 335 615 1845 217 615 1846 70 615 1847 216 616 1848 335 616 1849 205 616 1850 42 617 1851 145 617 1852 335 617 1853 336 618 1854 216 618 1855 69 618 1856 215 619 1857 336 619 1858 204 619 1859 41 620 1860 144 620 1861 336 620 1862 337 621 1863 215 621 1864 68 621 1865 137 622 1866 337 622 1867 203 622 1868 5 623 1869 143 623 1870 337 623 1871 201 624 1872 338 624 1873 214 624 1874 66 625 1875 213 625 1876 338 625 1877 213 626 1878 69 626 1879 205 626 1880 200 627 1881 339 627 1882 213 627 1883 65 628 1884 212 628 1885 339 628 1886 212 629 1887 68 629 1888 204 629 1889 199 630 1890 340 630 1891 212 630 1892 36 631 1893 138 631 1894 340 631 1895 138 632 1896 35 632 1897 203 632 1898 341 633 1899 211 633 1900 64 633 1901 210 634 1902 341 634 1903 197 634 1904 210 635 1905 66 635 1906 201 635 1907 196 636 1908 342 636 1909 210 636 1910 62 637 1911 209 637 1912 342 637 1913 209 638 1914 65 638 1915 200 638 1916 343 639 1917 209 639 1918 62 639 1919 139 640 1920 343 640 1921 195 640 1922 36 641 1923 199 641 1924 343 641 1925 344 642 1926 208 642 1927 38 642 1928 207 643 1929 344 643 1930 141 643 1931 63 644 1932 197 644 1933 344 644 1934 142 645 1935 345 645 1936 207 645 1937 40 646 1938 206 646 1939 345 646 1940 206 647 1941 62 647 1942 196 647 1943 108 648 1944 346 648 1945 206 648 1946 4 649 1947 107 649 1948 346 649 1949 107 650 1950 37 650 1951 195 650 1952 347 651 1953 115 651 1954 12 651 1955 67 652 1956 214 652 1957 347 652 1958 214 653 1959 70 653 1960 202 653 1961 348 654 1962 114 654 1963 11 654 1964 211 655 1965 348 655 1966 194 655 1967 67 656 1968 198 656 1969 348 656 1970 349 657 1971 113 657 1972 0 657 1973 208 658 1974 349 658 1975 140 658 1976 64 659 1977 194 659 1978 349 659 1979 181 660 1980 350 660 1981 193 660 1982 60 661 1983 192 661 1984 350 661 1985 192 662 1986 30 662 1987 132 662 1988 180 663 1989 351 663 1990 192 663 1991 191 664 1992 351 664 1993 180 664 1994 31 665 1995 133 665 1996 351 665 1997 352 666 1998 191 666 1999 59 666 2000 122 667 2001 352 667 2002 179 667 2003 6 668 2004 105 668 2005 352 668 2006 353 669 2007 190 669 2008 58 669 2009 57 670 2010 189 670 2011 353 670 2012 189 671 2013 60 671 2014 181 671 2015 176 672 2016 354 672 2017 189 672 2018 56 673 2019 188 673 2020 354 673 2021 188 674 2022 59 674 2023 180 674 2024 175 675 2025 355 675 2026 188 675 2027 21 676 2028 123 676 2029 355 676 2030 123 677 2031 20 677 2032 179 677 2033 356 678 2034 187 678 2035 55 678 2036 186 679 2037 356 679 2038 173 679 2039 57 680 2040 177 680 2041 356 680 2042 357 681 2043 186 681 2044 54 681 2045 185 682 2046 357 682 2047 172 682 2048 56 683 2049 176 683 2050 357 683 2051 171 684 2052 358 684 2053 185 684 2054 22 685 2055 124 685 2056 358 685 2057 124 686 2058 21 686 2059 175 686 2060 112 687 2061 359 687 2062 184 687 2063 9 688 2064 183 688 2065 359 688 2066 54 689 2067 173 689 2068 359 689 2069 111 690 2070 360 690 2071 183 690 2072 8 691 2073 182 691 2074 360 691 2075 53 692 2076 172 692 2077 360 692 2078 110 693 2079 361 693 2080 182 693 2081 2 694 2082 102 694 2083 361 694 2084 102 695 2085 22 695 2086 171 695 2087 362 696 2088 142 696 2089 39 696 2090 190 697 2091 362 697 2092 174 697 2093 61 698 2094 178 698 2095 362 698 2096 363 699 2097 141 699 2098 38 699 2099 187 700 2100 363 700 2101 170 700 2102 58 701 2103 174 701 2104 363 701 2105 364 702 2106 140 702 2107 0 702 2108 10 703 2109 184 703 2110 364 703 2111 184 704 2112 55 704 2113 170 704 2114 157 705 2115 365 705 2116 169 705 2117 51 706 2118 168 706 2119 365 706 2120 168 707 2121 15 707 2122 117 707 2123 366 708 2124 168 708 2125 51 708 2126 167 709 2127 366 709 2128 156 709 2129 16 710 2130 118 710 2131 366 710 2132 155 711 2133 367 711 2134 167 711 2135 23 712 2136 125 712 2137 367 712 2138 125 713 2139 3 713 2140 100 713 2141 368 714 2142 166 714 2143 49 714 2144 48 715 2145 165 715 2146 368 715 2147 165 716 2148 51 716 2149 157 716 2150 369 717 2151 165 717 2152 48 717 2153 164 718 2154 369 718 2155 152 718 2156 50 719 2157 156 719 2158 369 719 2159 370 720 2160 164 720 2161 47 720 2162 126 721 2163 370 721 2164 151 721 2165 23 722 2166 155 722 2167 370 722 2168 149 723 2169 371 723 2170 163 723 2171 45 724 2172 162 724 2173 371 724 2174 162 725 2175 48 725 2176 153 725 2177 148 726 2178 372 726 2179 162 726 2180 44 727 2181 161 727 2182 372 727 2183 161 728 2184 47 728 2185 152 728 2186 147 729 2187 373 729 2188 161 729 2189 25 730 2190 127 730 2191 373 730 2192 127 731 2193 24 731 2194 151 731 2195 136 732 2196 374 732 2197 160 732 2198 159 733 2199 374 733 2200 136 733 2201 45 734 2202 149 734 2203 374 734 2204 375 735 2205 159 735 2206 33 735 2207 158 736 2208 375 736 2209 135 736 2210 44 737 2211 148 737 2212 375 737 2213 134 738 2214 376 738 2215 158 738 2216 7 739 2217 103 739 2218 376 739 2219 103 740 2220 25 740 2221 147 740 2222 150 741 2223 377 741 2224 145 741 2225 166 742 2226 377 742 2227 150 742 2228 52 743 2229 154 743 2230 377 743 2231 378 744 2232 144 744 2233 41 744 2234 163 745 2235 378 745 2236 146 745 2237 49 746 2238 150 746 2239 378 746 2240 379 747 2241 143 747 2242 5 747 2243 160 748 2244 379 748 2245 106 748 2246 46 749 2247 146 749 2248 379 749 2249 154 750 2250 380 750 2251 109 750 2252 52 751 2253 169 751 2254 380 751 2255 169 752 2256 14 752 2257 116 752 2258 178 753 2259 381 753 2260 108 753 2261 61 754 2262 193 754 2263 381 754 2264 193 755 2265 29 755 2266 131 755 2267 202 756 2268 382 756 2269 99 756 2270 70 757 2271 217 757 2272 382 757 2273 217 758 2274 43 758 2275 109 758 2276 383 759 2277 137 759 2278 35 759 2279 79 760 2280 241 760 2281 383 760 2282 241 761 2283 34 761 2284 106 761 2285 250 762 2286 384 762 2287 128 762 2288 88 763 2289 265 763 2290 384 763 2291 265 764 2292 25 764 2293 103 764 2294 274 765 2295 385 765 2296 119 765 2297 97 766 2298 289 766 2299 385 766 2300 289 767 2301 16 767 2302 100 767 2303</p>
        </triangles>
      </mesh>
    </geometry>
  </library_geometries>
  <library_visual_scenes>
    <visual_scene id="Scene" name="Scene">
      <node id="Cube_014" name="Cube.014" type="NODE">
        <matrix sid="transform">-1.329398 2.341248 0.8489273 -2.142896 1.515156 2.34691 -0.4912407 1.875038 -0.9975635 0.4445679 -1.877443 2.001417 0 0 0 1</matrix>
        <instance_geometry url="#Cube_026-mesh" name="Cube.014">
          <bind_material>
            <technique_common>
              <instance_material symbol="Material-material" target="#Material-material">
                <bind_vertex_input semantic="UVMap" input_semantic="TEXCOORD" input_set="0"/>
              </instance_material>
            </technique_common>
          </bind_material>
        </instance_geometry>
      </node>
    </visual_scene>
  </library_visual_scenes>
  <scene>
    <instance_visual_scene url="#Scene"/>
  </scene>
</COLLADA>