<?xml version="1.0" encoding="utf-8"?>
<COLLADA xmlns="http://www.collada.org/2005/11/COLLADASchema" version="1.4.1" xmlns:xsi="http://www.w3.org/2001/XMLSchema-instance">
  <asset>
    <contributor>
      <author>Blender User</author>
      <authoring_tool>Blender 4.4.0 commit date:2025-03-17, commit time:17:00, hash:05377985c527</authoring_tool>
    </contributor>
    <created>2026-08-22T21:49:24</created>
    <modified>2026-08-22T21:49:24</modified>
    <unit name="meter" meter="1"/>
    <up_axis>Z_UP</up_axis>
  </asset>
  <library_effects>
    <effect id="WoodBright_020-effect">
      <profile_COMMON>
        <technique sid="common">
          <lambert>
            <emission>
              <color sid="emission">0 0 0 1</color>
            </emission>
            <diffuse>
              <color sid="diffuse">0.2529429 0.1492706 0.04937002 1</color>
            </diffuse>
            <index_of_refraction>
              <float sid="ior">1.45</float>
            </index_of_refraction>
          </lambert>
        </technique>
      </profile_COMMON>
    </effect>
    <effect id="WoodDark_021-effect">
      <profile_COMMON>
        <technique sid="common">
          <lambert>
            <emission>
              <color sid="emission">0 0 0 1</color>
            </emission>
            <diffuse>
              <color sid="diffuse">0.08353172 0.05347686 0.01402403 1</color>
            </diffuse>
            <index_of_refraction>
              <float sid="ior">1.45</float>
            </index_of_refraction>
          </lambert>
        </technique>
      </profile_COMMON>
    </effect>
    <effect id="Metal_003-effect">
      <profile_COMMON>
        <technique sid="common">
          <lambert>
            <emission>
              <color sid="emission">0 0 0 1</color>
            </emission>
            <diffuse>
              <color sid="diffuse">0.0946258 0.05999191 0.04902903 1</color>
            </diffuse>
            <reflectivity>
              <float sid="specular">1</float>
            </reflectivity>
            <index_of_refraction>
              <float sid="ior">1.45</float>
            </index_of_refraction>
          </lambert>
        </technique>
      </profile_COMMON>
    </effect>
  </library_effects>
  <library_images/>
  <library_materials>
    <material id="WoodBright_020-material" name="WoodBright.020">
      <instance_effect url="#WoodBright_020-effect"/>
    </material>
    <material id="WoodDark_021-material" name="WoodDark.021">
      <instance_effect url="#WoodDark_021-effect"/>
    </material>
    <material id="Metal_003-material" name="Metal.003">
      <instance_effect url="#Metal_003-effect"/>
    </material>
  </library_materials>
  <library_geometries>
    <geometry id="Cylinder_017-mesh" name="Cylinder.017">
      <mesh>
        <source id="Cylinder_017-mesh-positions">
          <float_array id="Cylinder_017-mesh-positions-array" count="4704">0 1 -1 0 0.7918361 1 0.1950903 0.9807853 -1 0.1544796 0.7766212 1 0.3826835 0.9238795 -1 0.3030226 0.7315611 1 0.5555703 0.8314696 -1 0.4399206 0.6583877 1 0.7071068 0.7071068 -1 0.5599128 0.5599127 1 0.8314697 0.5555702 -1 0.6583878 0.4399206 1 0.9238795 0.3826834 -1 0.7315611 0.3030226 1 0.9807853 0.1950903 -1 0.7766212 0.1544796 1 1 0 -1 0.7918361 1.27179e-7 1 0.9807853 -0.1950902 -1 0.7766212 -0.1544793 1 0.9238796 -0.3826833 -1 0.7315611 -0.3030223 1 0.8314697 -0.5555702 -1 0.6583878 -0.4399204 1 0.7071068 -0.7071068 -1 0.5599128 -0.5599126 1 0.5555702 -0.8314697 -1 0.4399206 -0.6583876 1 0.3826833 -0.9238796 -1 0.3030224 -0.7315611 1 0.1950901 -0.9807853 -1 0.1544794 -0.7766211 1 -3.25841e-7 -1 -1 -2.18637e-7 -0.7918361 1 -0.1950907 -0.9807852 -1 -0.1544798 -0.776621 1 -0.3826839 -0.9238793 -1 -0.3030229 -0.7315609 1 -0.5555707 -0.8314693 -1 -0.4399209 -0.6583873 1 -0.7071073 -0.7071064 -1 -0.5599129 -0.5599123 1 -0.83147 -0.5555697 -1 -0.6583878 -0.43992 1 -0.9238799 -0.3826827 -1 -0.7315614 -0.3030219 1 -0.9807854 -0.1950894 -1 -0.7766212 -0.1544788 1 -1 9.65599e-7 -1 -0.791836 8.31993e-7 1 -0.9807851 0.1950913 -1 -0.7766209 0.1544804 1 -0.9238791 0.3826845 -1 -0.7315607 0.3030234 1 -0.8314689 0.5555713 -1 -0.658387 0.4399214 1 -0.7071059 0.7071077 -1 -0.5599118 0.5599134 1 -0.5555691 0.8314704 -1 -0.4399196 0.6583883 1 -0.3826821 0.9238801 -1 -0.3030214 0.7315617 1 -0.1950888 0.9807856 -1 -0.1544783 0.7766214 1 0 1 0.5265003 0.1950903 0.9807853 0.5265003 0.3826835 0.9238795 0.5265003 0.5555703 0.8314696 0.5265003 0.7071068 0.7071068 0.5265003 0.8314697 0.5555702 0.5265003 0.9238795 0.3826834 0.5265003 0.9807853 0.1950903 0.5265003 1 0 0.5265003 0.9807853 -0.1950902 0.5265003 0.9238796 -0.3826833 0.5265003 0.8314697 -0.5555702 0.5265003 0.7071068 -0.7071068 0.5265003 0.5555702 -0.8314697 0.5265003 0.3826833 -0.9238796 0.5265003 0.1950901 -0.9807853 0.5265003 -3.25841e-7 -1 0.5265003 -0.1950907 -0.9807852 0.5265003 -0.3826839 -0.9238793 0.5265003 -0.5555707 -0.8314693 0.5265003 -0.7071073 -0.7071064 0.5265003 -0.83147 -0.5555697 0.5265003 -0.9238799 -0.3826827 0.5265003 -0.9807854 -0.1950894 0.5265003 -1 9.65599e-7 0.5265003 -0.9807851 0.1950913 0.5265003 -0.9238791 0.3826845 0.5265003 -0.8314689 0.5555713 0.5265003 -0.7071059 0.7071077 0.5265003 -0.5555691 0.8314704 0.5265003 -0.3826821 0.9238801 0.5265003 -0.1950888 0.9807856 0.5265003 0.1080678 0.5432935 1.048789 0 0.5539372 1.048789 0.2119826 0.5117713 1.048789 0.307751 0.460582 1.048789 0.3916928 0.3916928 1.048789 0.460582 0.3077511 1.048789 0.5117712 0.2119826 1.048789 0.5432934 0.1080679 1.048789 0.5539371 1.61022e-7 1.048789 0.5432934 -0.1080676 1.048789 0.5117712 -0.2119823 1.048789 0.460582 -0.3077508 1.048789 0.3916928 -0.3916926 1.048789 0.3077509 -0.4605818 1.048789 0.2119824 -0.5117711 1.048789 0.1080676 -0.5432932 1.048789 -1.25262e-7 -0.553937 1.048789 -0.1080679 -0.5432932 1.048789 -0.2119827 -0.5117709 1.048789 -0.3077512 -0.4605816 1.048789 -0.3916928 -0.3916923 1.048789 -0.460582 -0.3077505 1.048789 -0.5117713 -0.211982 1.048789 -0.5432934 -0.1080672 1.048789 -0.553937 6.54083e-7 1.048789 -0.5432932 0.1080684 1.048789 -0.5117709 0.2119832 1.048789 -0.4605814 0.3077516 1.048789 -0.3916921 0.3916932 1.048789 -0.3077503 0.4605824 1.048789 -0.2119817 0.5117716 1.048789 -0.1080669 0.5432936 1.048789 0.1080678 0.5432935 1.573277 0 0.5539372 1.573277 0.2119825 0.5117713 1.573277 0.3077509 0.460582 1.573277 0.3916927 0.3916928 1.573277 0.460582 0.3077511 1.573277 0.5117712 0.2119826 1.573277 0.5432934 0.1080679 1.573277 0.5539371 1.61022e-7 1.573277 0.5432934 -0.1080676 1.573277 0.5117712 -0.2119823 1.573277 0.460582 -0.3077508 1.573277 0.3916927 -0.3916926 1.573277 0.3077509 -0.4605818 1.573277 0.2119824 -0.5117711 1.573277 0.1080676 -0.5432932 1.573277 -1.78301e-7 -0.553937 1.573277 -0.1080679 -0.5432932 1.573277 -0.2119828 -0.5117709 1.573277 -0.3077512 -0.4605816 1.573277 -0.3916929 -0.3916923 1.573277 -0.460582 -0.3077505 1.573277 -0.5117713 -0.211982 1.573277 -0.5432934 -0.1080672 1.573277 -0.5539371 6.54083e-7 1.573277 -0.5432932 0.1080684 1.573277 -0.5117709 0.2119832 1.573277 -0.4605814 0.3077516 1.573277 -0.3916921 0.3916932 1.573277 -0.3077504 0.4605824 1.573277 -0.2119818 0.5117716 1.573277 -0.1080669 0.5432936 1.573277 0 0.80663 0.8862655 0.1573657 0.7911309 0.8862655 0.3086839 0.7452289 0.8862655 0.4481397 0.6706884 0.8862655 0.5703737 0.5703735 0.8862655 0.6706885 0.4481396 0.8862655 0.745229 0.308684 0.8862655 0.7911309 0.1573657 0.8862655 0.80663 1.20389e-7 0.8862655 0.7911309 -0.1573655 0.8862655 0.745229 -0.3086837 0.8862655 0.6706885 -0.4481395 0.8862655 0.5703737 -0.5703735 0.8862655 0.4481396 -0.6706883 0.8862655 0.3086838 -0.745229 0.8862655 0.1573655 -0.7911308 0.8862655 -2.24279e-7 -0.80663 0.8862655 -0.157366 -0.7911307 0.8862655 -0.3086842 -0.7452287 0.8862655 -0.4481399 -0.670688 0.8862655 -0.5703738 -0.5703731 0.8862655 -0.6706885 -0.4481391 0.8862655 -0.7452292 -0.3086832 0.8862655 -0.7911309 -0.1573649 0.8862655 -0.80663 8.38371e-7 0.8862655 -0.7911306 0.1573666 0.8862655 -0.7452285 0.3086848 0.8862655 -0.6706876 0.4481405 0.8862655 -0.5703727 0.5703743 0.8862655 -0.4481387 0.670689 0.8862655 -0.3086828 0.7452295 0.8862655 -0.1573644 0.7911311 0.8862655 0 0.8066301 1.542246 0.1573657 0.7911309 1.542246 0.3086839 0.745229 1.542246 0.4481397 0.6706885 1.542246 0.5703737 0.5703736 1.542246 0.6706885 0.4481397 1.542246 0.745229 0.308684 1.542246 0.7911309 0.1573658 1.542246 0.80663 1.49063e-7 1.542246 0.7911309 -0.1573655 1.542246 0.745229 -0.3086837 1.542246 0.6706885 -0.4481394 1.542246 0.5703737 -0.5703734 1.542246 0.4481396 -0.6706883 1.542246 0.3086838 -0.7452289 1.542246 0.1573655 -0.7911307 1.542246 -2.24279e-7 -0.80663 1.542246 -0.157366 -0.7911306 1.542246 -0.3086842 -0.7452287 1.542246 -0.4481399 -0.6706879 1.542246 -0.5703738 -0.5703731 1.542246 -0.6706885 -0.448139 1.542246 -0.7452292 -0.3086832 1.542246 -0.7911309 -0.1573649 1.542246 -0.80663 8.67045e-7 1.542246 -0.7911306 0.1573666 1.542246 -0.7452285 0.3086848 1.542246 -0.6706876 0.4481405 1.542246 -0.5703727 0.5703744 1.542246 -0.4481387 0.6706891 1.542246 -0.3086828 0.7452296 1.542246 -0.1573644 0.7911311 1.542246 0.1715357 0.8623681 0.8862655 0 0.8792629 0.8862655 0.3364794 0.8123329 0.8862655 0.4884923 0.7310804 0.8862655 0.6217328 0.6217327 0.8862655 0.7310805 0.4884923 0.8862655 0.812333 0.3364794 0.8862655 0.8623681 0.1715357 0.8862655 0.8792629 0 0.8862655 0.8623681 -0.1715355 0.8862655 0.812333 -0.3364791 0.8862655 0.7310805 -0.4884921 0.8862655 0.6217328 -0.6217327 0.8862655 0.4884923 -0.7310804 0.8862655 0.3364792 -0.812333 0.8862655 0.1715354 -0.8623681 0.8862655 -2.58543e-7 -0.8792629 0.8862655 -0.171536 -0.8623679 0.8862655 -0.3364797 -0.8123328 0.8862655 -0.4884926 -0.73108 0.8862655 -0.6217331 -0.6217323 0.8862655 -0.7310806 -0.4884917 0.8862655 -0.8123332 -0.3364786 0.8862655 -0.8623682 -0.1715348 0.8862655 -0.8792629 8.87103e-7 0.8862655 -0.8623679 0.1715366 0.8862655 -0.8123325 0.3364803 0.8862655 -0.7310796 0.4884932 0.8862655 -0.6217318 0.6217336 0.8862655 -0.4884912 0.7310811 0.8862655 -0.3364781 0.8123335 0.8862655 -0.1715343 0.8623684 0.8862655 0.1715357 0.8623682 1.542246 0 0.8792629 1.542246 0.3364794 0.8123329 1.542246 0.4884923 0.7310805 1.542246 0.6217328 0.6217328 1.542246 0.7310805 0.4884923 1.542246 0.812333 0.3364794 1.542246 0.8623681 0.1715357 1.542246 0.8792629 1.33144e-7 1.542246 0.8623681 -0.1715354 1.542246 0.812333 -0.3364791 1.542246 0.7310805 -0.4884921 1.542246 0.6217328 -0.6217327 1.542246 0.4884923 -0.7310804 1.542246 0.3364792 -0.8123329 1.542246 0.1715354 -0.862368 1.542246 -2.58543e-7 -0.8792629 1.542246 -0.171536 -0.8623679 1.542246 -0.3364797 -0.8123327 1.542246 -0.4884926 -0.7310799 1.542246 -0.6217331 -0.6217322 1.542246 -0.7310806 -0.4884917 1.542246 -0.8123332 -0.3364785 1.542246 -0.8623682 -0.1715348 1.542246 -0.8792629 9.15777e-7 1.542246 -0.8623679 0.1715366 1.542246 -0.8123325 0.3364803 1.542246 -0.7310796 0.4884933 1.542246 -0.6217318 0.6217336 1.542246 -0.4884912 0.7310811 1.542246 -0.3364781 0.8123336 1.542246 -0.1715343 0.8623684 1.542246 0.07840985 0.3941932 1.573277 0 0.4019159 1.573277 0.1538065 0.3713219 1.573277 0.2232924 0.3341808 1.573277 0.2841973 0.2841975 1.573277 0.3341808 0.2232925 1.573277 0.3713217 0.1538066 1.573277 0.3941931 0.07841002 1.573277 0.4019157 1.95023e-7 1.573277 0.3941931 -0.07840961 1.573277 0.3713217 -0.1538062 1.573277 0.3341808 -0.2232922 1.573277 0.2841973 -0.2841972 1.573277 0.2232924 -0.3341805 1.573277 0.1538064 -0.3713216 1.573277 0.07840979 -0.3941928 1.573277 0 -0.4019156 1.573277 -0.07840996 -0.3941928 1.573277 -0.1538066 -0.3713214 1.573277 -0.2232925 -0.3341804 1.573277 -0.2841975 -0.284197 1.573277 -0.3341808 -0.223292 1.573277 -0.3713217 -0.153806 1.573277 -0.394193 -0.07840931 1.573277 -0.4019156 5.52769e-7 1.573277 -0.3941929 0.07841044 1.573277 -0.3713214 0.1538071 1.573277 -0.3341804 0.2232929 1.573277 -0.2841969 0.2841978 1.573277 -0.2232919 0.3341811 1.573277 -0.1538059 0.3713221 1.573277 -0.07840919 0.3941932 1.573277 0.07840973 0.3941932 1.413015 0 0.4019159 1.413015 0.1538063 0.3713219 1.413015 0.2232923 0.3341808 1.413015 0.2841972 0.2841975 1.413015 0.3341807 0.2232925 1.413015 0.3713216 0.1538066 1.413015 0.3941929 0.07841002 1.413015 0.4019156 2.00272e-7 1.413015 0.3941929 -0.07840961 1.413015 0.3713216 -0.1538062 1.413015 0.3341807 -0.2232922 1.413015 0.2841972 -0.2841972 1.413015 0.2232922 -0.3341805 1.413015 0.1538063 -0.3713216 1.413015 0.07840967 -0.3941928 1.413015 -2.21663e-7 -0.4019156 1.413015 -0.07841008 -0.3941928 1.413015 -0.1538068 -0.3713214 1.413015 -0.2232927 -0.3341804 1.413015 -0.2841976 -0.284197 1.413015 -0.3341809 -0.223292 1.413015 -0.3713219 -0.153806 1.413015 -0.3941931 -0.07840931 1.413015 -0.4019157 5.58018e-7 1.413015 -0.394193 0.07841044 1.413015 -0.3713216 0.1538071 1.413015 -0.3341805 0.2232929 1.413015 -0.284197 0.2841978 1.413015 -0.223292 0.3341811 1.413015 -0.153806 0.3713221 1.413015 -0.07840931 0.3941932 1.413015 0 0.8105934 -1.150341 0.1581389 0.7950181 -1.150341 0.3102007 0.7488906 -1.150341 0.4503416 0.6739838 -1.150341 0.5731761 0.5731761 -1.150341 0.6739838 0.4503416 -1.150341 0.7488906 0.3102007 -1.150341 0.795018 0.158139 -1.150341 0.8105934 0 -1.150341 0.7950181 -0.1581388 -1.150341 0.7488907 -0.3102005 -1.150341 0.6739838 -0.4503414 -1.150341 0.5731761 -0.573176 -1.150341 0.4503415 -0.6739838 -1.150341 0.3102005 -0.7488906 -1.150341 0.1581387 -0.795018 -1.150341 -2.38538e-7 -0.8105934 -1.150341 -0.1581392 -0.7950179 -1.150341 -0.310201 -0.7488904 -1.150341 -0.4503419 -0.6739835 -1.150341 -0.5731765 -0.5731757 -1.150341 -0.6739841 -0.450341 -1.150341 -0.7488909 -0.3102 -1.150341 -0.7950181 -0.1581381 -1.150341 -0.8105934 8.36386e-7 -1.150341 -0.7950178 0.1581398 -1.150341 -0.7488902 0.3102015 -1.150341 -0.6739832 0.4503425 -1.150341 -0.5731753 0.5731769 -1.150341 -0.4503406 0.6739844 -1.150341 -0.3101995 0.7488911 -1.150341 -0.1581376 0.7950183 -1.150341 0 10.09053 -0.4174123 0 10.09053 0.7131817 1.968565 9.896647 -0.4174123 1.968565 9.896647 0.7131817 3.86148 9.322438 -0.4174122 3.86148 9.322438 0.7131817 5.606 8.389972 -0.4174122 5.606 8.389972 0.7131817 7.135084 7.135084 -0.4174121 7.135084 7.135084 0.7131817 8.389972 5.605999 -0.4174122 8.389972 5.605999 0.7131818 9.322438 3.86148 -0.4174121 9.322438 3.86148 0.7131818 9.896647 1.968566 -0.4174121 9.896647 1.968566 0.7131818 10.09053 7.89063e-7 -0.4174121 10.09053 7.47493e-7 0.7131819 9.896647 -1.968564 -0.4174119 9.896647 -1.968564 0.7131819 9.322438 -3.861478 -0.4174119 9.322438 -3.861478 0.7131819 8.389972 -5.605999 -0.4174119 8.389972 -5.605999 0.713182 7.135084 -7.135084 -0.4174119 7.135084 -7.135084 0.713182 5.605999 -8.389972 -0.4174119 5.605999 -8.389972 0.713182 3.861478 -9.322439 -0.4174119 3.861478 -9.322439 0.713182 1.968563 -9.896647 -0.4174119 1.968563 -9.896647 0.7131821 -3.28791e-6 -10.09053 -0.4174119 -3.28791e-6 -10.09053 0.7131821 -1.968569 -9.896646 -0.4174119 -1.968569 -9.896646 0.7131821 -3.861484 -9.322436 -0.4174119 -3.861484 -9.322436 0.713182 -5.606005 -8.389969 -0.4174119 -5.606005 -8.389969 0.713182 -7.135089 -7.13508 -0.4174119 -7.135089 -7.13508 0.713182 -8.389976 -5.605994 -0.4174119 -8.389976 -5.605994 0.713182 -9.322441 -3.861472 -0.4174119 -9.322441 -3.861472 0.7131819 -9.896649 -1.968557 -0.4174119 -9.896649 -1.968557 0.7131819 -10.09053 9.77066e-6 -0.4174121 -10.09053 9.72909e-6 0.7131819 -9.896645 1.968576 -0.4174121 -9.896645 1.968576 0.7131818 -9.322433 3.86149 -0.4174121 -9.322433 3.86149 0.7131818 -8.389966 5.60601 -0.4174122 -8.389966 5.60601 0.7131818 -7.135076 7.135093 -0.4174121 -7.135076 7.135093 0.7131817 -5.605988 8.38998 -0.4174122 -5.605988 8.38998 0.7131817 -3.861466 9.322443 -0.4174122 -3.861466 9.322443 0.7131817 -1.96855 9.89665 -0.4174123 -1.96855 9.89665 0.7131817 0 10.62566 -0.4174122 2.072963 10.42149 -0.4174122 2.072963 10.42149 0.7131817 0 10.62566 0.7131817 4.066264 9.816828 -0.4174123 4.066264 9.816828 0.7131817 5.9033 8.834912 -0.4174122 5.9033 8.834912 0.7131817 7.513475 7.513475 -0.4174121 7.513475 7.513475 0.7131817 8.834913 5.903299 -0.4174122 8.834913 5.903299 0.7131816 9.816828 4.066263 -0.4174121 9.816828 4.066263 0.7131818 10.42149 2.072963 -0.4174121 10.42149 2.072963 0.7131818 10.62566 6.61433e-7 -0.4174121 10.62566 6.15037e-7 0.7131819 10.42149 -2.072962 -0.4174119 10.42149 -2.072962 0.7131819 9.816829 -4.066262 -0.4174119 9.816829 -4.066262 0.7131819 8.834913 -5.903299 -0.4174119 8.834913 -5.903299 0.713182 7.513475 -7.513475 -0.4174119 7.513475 -7.513475 0.713182 5.903299 -8.834914 -0.4174119 5.903299 -8.834914 0.713182 4.066262 -9.81683 -0.4174119 4.066262 -9.81683 0.7131821 2.072961 -10.42149 -0.4174119 2.072961 -10.42149 0.713182 -3.49094e-6 -10.62566 -0.4174119 -3.49094e-6 -10.62566 0.713182 -2.072968 -10.42149 -0.4174119 -2.072968 -10.42149 0.713182 -4.066268 -9.816826 -0.4174119 -4.066268 -9.816826 0.7131821 -5.903305 -8.834909 -0.4174119 -5.903305 -8.834909 0.713182 -7.51348 -7.513471 -0.4174119 -7.51348 -7.513471 0.713182 -8.834917 -5.903294 -0.4174119 -8.834917 -5.903294 0.713182 -9.816832 -4.066256 -0.4174119 -9.816832 -4.066256 0.7131819 -10.42149 -2.072954 -0.4174119 -10.42149 -2.072954 0.7131819 -10.62566 1.01193e-5 -0.4174121 -10.62566 1.00729e-5 0.7131819 -10.42149 2.072974 -0.4174121 -10.42149 2.072974 0.7131818 -9.816824 4.066274 -0.4174121 -9.816824 4.066274 0.7131818 -8.834905 5.90331 -0.4174122 -8.834905 5.90331 0.7131816 -7.513466 7.513484 -0.4174121 -7.513466 7.513484 0.7131817 -5.903288 8.83492 -0.4174122 -5.903288 8.83492 0.7131817 -4.066249 9.816835 -0.4174123 -4.066249 9.816835 0.7131817 -2.072947 10.42149 -0.4174122 -2.072947 10.42149 0.7131817 0 10.62566 -0.6191757 2.072963 10.42149 -0.6191757 2.072963 10.42149 0.9149453 0 10.62566 0.9149453 4.066264 9.816828 -0.6191758 4.066264 9.816828 0.9149453 5.9033 8.834912 -0.6191757 5.9033 8.834912 0.9149454 7.513475 7.513475 -0.6191757 7.513475 7.513475 0.9149454 8.834913 5.903299 -0.6191758 8.834913 5.903299 0.9149454 9.816828 4.066263 -0.6191758 9.816828 4.066263 0.9149454 10.42149 2.072963 -0.6191758 10.42149 2.072963 0.9149454 10.62566 6.52614e-7 -0.6191757 10.62566 6.23857e-7 0.9149455 10.42149 -2.072962 -0.6191757 10.42149 -2.072962 0.9149455 9.816829 -4.066262 -0.6191757 9.816829 -4.066262 0.9149455 8.834913 -5.903299 -0.6191757 8.834913 -5.903299 0.9149455 7.513475 -7.513475 -0.6191756 7.513475 -7.513475 0.9149455 5.903299 -8.834914 -0.6191756 5.903299 -8.834914 0.9149455 4.066262 -9.81683 -0.6191756 4.066262 -9.81683 0.9149455 2.072961 -10.42149 -0.6191756 2.072961 -10.42149 0.9149455 -3.49094e-6 -10.62566 -0.6191756 -3.49094e-6 -10.62566 0.9149455 -2.072968 -10.42149 -0.6191756 -2.072968 -10.42149 0.9149455 -4.066268 -9.816826 -0.6191756 -4.066268 -9.816826 0.9149455 -5.903305 -8.834909 -0.6191756 -5.903305 -8.834909 0.9149455 -7.51348 -7.513471 -0.6191756 -7.51348 -7.513471 0.9149455 -8.834917 -5.903294 -0.6191757 -8.834917 -5.903294 0.9149455 -9.816832 -4.066256 -0.6191757 -9.816832 -4.066256 0.9149455 -10.42149 -2.072954 -0.6191757 -10.42149 -2.072954 0.9149455 -10.62566 1.01105e-5 -0.6191757 -10.62566 1.00818e-5 0.9149455 -10.42149 2.072974 -0.6191758 -10.42149 2.072974 0.9149454 -9.816824 4.066274 -0.6191758 -9.816824 4.066274 0.9149454 -8.834905 5.90331 -0.6191758 -8.834905 5.90331 0.9149454 -7.513466 7.513484 -0.6191757 -7.513466 7.513484 0.9149454 -5.903288 8.83492 -0.6191757 -5.903288 8.83492 0.9149454 -4.066249 9.816835 -0.6191758 -4.066249 9.816835 0.9149453 -2.072947 10.42149 -0.6191757 -2.072947 10.42149 0.9149453 0 10.94373 -0.6191757 2.135015 10.73344 -0.6191757 2.135015 10.73344 0.9149453 0 10.94373 0.9149453 4.187982 10.11068 -0.6191758 4.187982 10.11068 0.9149453 6.080008 9.099375 -0.6191758 6.080008 9.099375 0.9149453 7.738382 7.738382 -0.6191757 7.738382 7.738382 0.9149454 9.099375 6.080007 -0.6191758 9.099375 6.080007 0.9149454 10.11068 4.187982 -0.6191758 10.11068 4.187982 0.9149454 10.73344 2.135015 -0.6191758 10.73344 2.135015 0.9149454 10.94372 5.80691e-7 -0.6191757 10.94372 5.49066e-7 0.9149455 10.73344 -2.135014 -0.6191757 10.73344 -2.135014 0.9149455 10.11068 -4.187981 -0.6191757 10.11068 -4.187981 0.9149455 9.099375 -6.080007 -0.6191757 9.099375 -6.080007 0.9149455 7.738382 -7.738382 -0.6191756 7.738382 -7.738382 0.9149455 6.080007 -9.099376 -0.6191756 6.080007 -9.099376 0.9149455 4.187981 -10.11068 -0.6191756 4.187981 -10.11068 0.9149455 2.135012 -10.73344 -0.6191756 2.135012 -10.73344 0.9149455 -3.63214e-6 -10.94373 -0.6191756 -3.63214e-6 -10.94373 0.9149455 -2.135019 -10.73344 -0.6191756 -2.135019 -10.73344 0.9149455 -4.187987 -10.11068 -0.6191756 -4.187987 -10.11068 0.9149455 -6.080013 -9.099371 -0.6191756 -6.080013 -9.099371 0.9149455 -7.738387 -7.738378 -0.6191756 -7.738387 -7.738378 0.9149455 -9.09938 -6.080002 -0.6191757 -9.09938 -6.080002 0.9149455 -10.11069 -4.187974 -0.6191757 -10.11069 -4.187974 0.9149455 -10.73345 -2.135006 -0.6191757 -10.73345 -2.135006 0.9149455 -10.94373 1.03217e-5 -0.6191757 -10.94373 1.02901e-5 0.9149455 -10.73344 2.135026 -0.6191758 -10.73344 2.135026 0.9149454 -10.11068 4.187994 -0.6191758 -10.11068 4.187994 0.9149454 -9.099368 6.080018 -0.6191758 -9.099368 6.080018 0.9149454 -7.738372 7.738391 -0.6191757 -7.738372 7.738391 0.9149454 -6.079996 9.099383 -0.6191758 -6.079996 9.099383 0.9149453 -4.187968 10.11069 -0.6191758 -4.187968 10.11069 0.9149453 -2.134998 10.73345 -0.6191757 -2.134998 10.73345 0.9149453 -0.2556793 -10.47691 0.4550535 -0.3171967 0 -0.08116227 -0.2556793 -10.47691 -0.1937962 -0.3171967 0 -0.8861279 0.2556793 -10.47691 0.4550535 0.3171967 0 -0.08116227 0.2556793 -10.47691 -0.1937962 0.3171967 0 -0.8861279 -0.3653993 -10.47691 0.1306286 -0.4533157 0 -0.483645 0.3653993 -10.47691 0.1306286 0.4533157 0 -0.483645 0 -10.47691 -0.3330172 0 0 -1.058846 0 -10.47691 0.5942745 0 0 0.09155577 0 0 -0.1304249 0 -10.47691 -0.1304244 -0.2542309 -8.82815 0.3566742 -0.3184618 -6.857513 0.3340045 -0.2340635 -5.418482 0.1686983 -0.266047 -3.6528 0.04522794 -0.1801546 -1.588891 -0.05366569 -0.137844 -1.533326 -0.6528396 -0.3373292 -3.702683 -0.6828903 -0.2933573 -5.37573 -0.5453902 -0.2467167 -6.839089 -0.4007883 -0.2737755 -8.854574 -0.3182458 0.1310645 -1.553188 -0.6363711 0.3041564 -3.595414 -0.6594308 0.2873826 -5.370736 -0.5412995 0.2876669 -6.963537 -0.4278017 0.2835304 -8.926456 -0.3340988 0.1742493 -1.597874 -0.03310614 0.3368939 -3.539829 0.1436545 0.3140096 -5.341484 0.2065295 0.2407355 -6.970921 0.251668 0.2171788 -8.891802 0.3503666 0.2359706 -1.606582 -0.3834801 0.3403415 -3.598004 -0.2846723 0.3829253 -5.346643 -0.1794502 0.4280369 -6.975661 -0.07236427 0.4645797 -8.837918 0.0452938 -0.2222774 -1.602319 -0.3759748 -0.4187455 -3.564467 -0.2787988 -0.4777769 -5.358194 -0.1699038 -0.4189997 -6.928072 -0.07253414 -0.3419518 -8.810233 0.03210246 1.35054e-4 -1.603176 0.06148362 -0.008568704 -3.495794 0.305132 0.008117914 -5.460332 0.2959887 0.01342159 -7.023705 0.3651263 -0.001771271 -8.921942 0.4947108 0.001618444 -1.627779 -0.8368857 0.001700699 -3.61155 -0.8228648 -0.01426041 -5.442668 -0.7243321 -0.001261353 -6.888239 -0.5410434 -4.03642e-5 -8.815209 -0.4539151 -10.47691 0.2556785 0.455053 0 0.3171967 -0.08116227 -10.47691 0.2556784 -0.1937967 0 0.3171966 -0.8861279 -10.47691 -0.25568 0.455053 0 -0.3171967 -0.08116221 -10.47691 -0.25568 -0.1937966 0 -0.3171967 -0.8861279 -10.47691 0.3653985 0.1306281 0 0.4533157 -0.4836451 -10.47691 -0.3654001 0.1306282 0 -0.4533158 -0.483645 -10.47691 -8.05542e-7 -0.3330177 0 0 -1.058846 -10.47691 -7.65008e-7 0.5942741 0 0 0.09155577 0 0 -0.1304249 -10.47691 -7.96686e-7 -0.1304249 -8.82815 0.2542303 0.3566738 -6.857513 0.3184614 0.3340042 -5.418482 0.2340632 0.1686981 -3.6528 0.2660467 0.04522776 -1.588891 0.1801545 -0.05366575 -1.533326 0.1378439 -0.6528397 -3.702683 0.3373289 -0.6828905 -5.37573 0.2933568 -0.5453904 -6.839089 0.2467162 -0.4007886 -8.854574 0.2737748 -0.3182462 -1.553188 -0.1310647 -0.6363713 -3.595414 -0.3041567 -0.6594309 -5.370736 -0.287383 -0.5412997 -6.963537 -0.2876675 -0.427802 -8.926456 -0.2835311 -0.3340992 -1.597874 -0.1742495 -0.0331062 -3.539829 -0.3368942 0.1436544 -5.341484 -0.31401 0.2065293 -6.970921 -0.240736 0.2516677 -8.891802 -0.2171794 0.3503662 -1.606582 -0.2359708 -0.3834802 -3.598004 -0.3403417 -0.2846725 -5.346643 -0.3829257 -0.1794505 -6.975661 -0.4280374 -0.07236456 -8.837918 -0.4645803 0.04529345 -1.602319 0.2222773 -0.3759749 -3.564467 0.4187452 -0.2787989 -5.358194 0.4777765 -0.1699041 -6.928072 0.4189991 -0.0725345 -8.810233 0.3419511 0.0321021 -1.603176 -1.35174e-4 0.0614835 -3.495794 0.008568465 0.3051318 -5.460332 -0.008118331 0.2959885 -7.023705 -0.01342213 0.365126 -8.921942 0.001770615 0.4947104 -1.627779 -0.001618564 -0.8368858 -3.61155 -0.001700997 -0.822865 -5.442668 0.01425999 -0.7243323 -6.888239 0.001260817 -0.5410436 -8.815209 3.96788e-5 -0.4539155 0.2556777 10.47691 0.4550526 0.3171967 0 -0.08116227 0.2556777 10.47691 -0.1937971 0.3171967 0 -0.8861279 -0.2556808 10.47691 0.4550526 -0.3171967 0 -0.08116227 -0.2556808 10.47691 -0.1937971 -0.3171967 0 -0.8861279 0.3653977 10.47691 0.1306277 0.4533157 0 -0.483645 -0.3654009 10.47691 0.1306277 -0.4533157 0 -0.483645 -1.58197e-6 10.47691 -0.3330181 0 0 -1.058846 -1.58197e-6 10.47691 0.5942736 0 0 0.09155577 0 0 -0.1304249 -1.58197e-6 10.47691 -0.1304253 0.2542296 8.82815 0.3566734 0.3184608 6.857513 0.3340039 0.2340627 5.418482 0.1686978 0.2660464 3.6528 0.04522764 0.1801543 1.588891 -0.05366581 0.1378439 1.533326 -0.6528397 0.3373286 3.702683 -0.6828907 0.2933564 5.37573 -0.5453907 0.2467156 6.839089 -0.4007889 0.2737742 8.854574 -0.3182466 -0.1310648 1.553188 -0.6363713 -0.3041569 3.595414 -0.6594311 -0.2873834 5.370736 -0.5412999 -0.2876679 6.963537 -0.4278023 -0.2835317 8.926456 -0.3340996 -0.1742495 1.597874 -0.03310632 -0.3368945 3.539829 0.1436542 -0.3140104 5.341484 0.206529 -0.2407366 6.970921 0.2516674 -0.2171801 8.891802 0.3503658 -0.2359709 1.606582 -0.3834802 -0.340342 3.598004 -0.2846726 -0.3829261 5.346643 -0.1794507 -0.4280379 6.975661 -0.07236492 -0.464581 8.837918 0.04529303 0.2222772 1.602319 -0.3759749 0.4187449 3.564467 -0.2787991 0.4777761 5.358194 -0.1699043 0.4189986 6.928072 -0.07253473 0.3419504 8.810233 0.03210169 -1.35292e-4 1.603176 0.06148356 0.008568167 3.495794 0.3051317 -0.008118748 5.460332 0.2959883 -0.01342266 7.023705 0.3651257 0.0017699 8.921942 0.49471 -0.001618683 1.627779 -0.8368858 -0.001701235 3.61155 -0.8228651 0.01425957 5.442668 -0.7243326 0.00126028 6.888239 -0.5410439 3.90332e-5 8.815209 -0.4539158 10.47691 -0.2556793 0.455053 0 -0.3171967 -0.08116221 10.47691 -0.2556794 -0.1937966 0 -0.3171967 -0.8861279 10.47691 0.2556791 0.455053 0 0.3171967 -0.08116227 10.47691 0.2556791 -0.1937967 0 0.3171966 -0.8861279 10.47691 -0.3653994 0.1306282 0 -0.4533158 -0.483645 10.47691 0.3653992 0.1306281 0 0.4533157 -0.4836451 10.47691 -1.39493e-7 -0.3330177 0 0 -1.058846 10.47691 0 0.5942741 0 0 0.09155577 0 0 -0.1304249 10.47691 -1.30637e-7 -0.1304249 8.82815 -0.254231 0.3566738 6.857513 -0.318462 0.3340042 5.418482 -0.2340636 0.1686981 3.6528 -0.266047 0.04522782 1.588891 -0.1801546 -0.05366575 1.533326 -0.1378441 -0.6528397 3.702683 -0.3373292 -0.6828905 5.37573 -0.2933573 -0.5453904 6.839089 -0.2467167 -0.4007886 8.854574 -0.2737756 -0.3182462 1.553188 0.1310645 -0.6363713 3.595414 0.3041563 -0.6594309 5.370736 0.2873825 -0.5412997 6.963537 0.2876668 -0.427802 8.926456 0.2835302 -0.3340992 1.597874 0.1742493 -0.03310632 3.539829 0.3368939 0.1436544 5.341484 0.3140096 0.2065293 6.970921 0.2407354 0.2516677 8.891802 0.2171787 0.3503662 1.606582 0.2359706 -0.3834801 3.598004 0.3403414 -0.2846725 5.346643 0.3829252 -0.1794505 6.975661 0.4280368 -0.07236462 8.837918 0.4645795 0.04529339 1.602319 -0.2222775 -0.3759748 3.564467 -0.4187455 -0.2787989 5.358194 -0.477777 -0.1699041 6.928072 -0.4189997 -0.07253444 8.810233 -0.3419519 0.0321021 1.603176 1.35032e-4 0.0614835 3.495794 -0.008568763 0.3051318 5.460332 0.008117854 0.2959885 7.023705 0.01342153 0.365126 8.921942 -0.00177133 0.4947104 1.627779 0.001618385 -0.8368858 3.61155 0.001700639 -0.822865 5.442668 -0.01426053 -0.7243323 6.888239 -0.001261413 -0.5410436 8.815209 -4.04892e-5 -0.4539155 -7.589089 -7.227505 0.4550534 -0.2242919 0.2242919 -0.08116227 -7.589089 -7.227505 -0.1937963 -0.2242919 0.2242919 -0.8861279 -7.227505 -7.589089 0.4550534 0.2242919 -0.2242919 -0.08116227 -7.227505 -7.589089 -0.1937963 0.2242919 -0.2242919 -0.8861279 -7.666673 -7.149921 0.1306285 -0.3205426 0.3205426 -0.483645 -7.149921 -7.666673 0.1306285 0.3205426 -0.3205427 -0.483645 -7.408297 -7.408297 -0.3330174 0 0 -1.058846 -7.408297 -7.408297 0.5942744 0 0 0.09155577 0 0 -0.1304249 -7.408297 -7.408297 -0.1304246 -6.422213 -6.062676 0.3566741 -5.07418 -4.623807 0.3340044 -3.996953 -3.665937 0.1686983 -2.771043 -2.394796 0.04522788 -1.250904 -0.996127 -0.05366569 -1.181696 -0.9867549 -0.6528396 -2.85672 -2.379665 -0.6828904 -4.00865 -3.59378 -0.5453903 -5.010421 -4.661511 -0.4007883 -6.454718 -6.06754 -0.3182459 -1.005593 -1.190947 -0.6363711 -2.32727 -2.757413 -0.6594308 -3.594474 -4.000894 -0.5412995 -4.720553 -5.127375 -0.4278019 -6.111471 -6.512444 -0.3340989 -1.006654 -1.25308 -0.03310614 -2.264817 -2.741257 0.1436545 -3.554961 -3.999038 0.2065294 -4.75896 -5.099411 0.2516679 -6.133884 -6.441022 0.3503665 -0.9691688 -1.302882 -0.3834801 -2.303515 -2.784831 -0.2846724 -3.509878 -4.051416 -0.1794503 -4.629869 -5.235205 -0.07236438 -5.920844 -6.577858 0.04529374 -1.290184 -0.9758366 -0.3759747 -2.816556 -2.224361 -0.2787988 -4.126655 -3.450976 -0.1699039 -5.195165 -4.60261 -0.07253426 -6.471571 -5.987978 0.03210234 -1.133522 -1.133713 0.06148362 -2.477959 -2.465841 0.3051319 -3.855298 -3.866778 0.2959887 -4.957018 -4.975999 0.3651261 -6.310018 -6.307513 0.4947106 -1.149869 -1.152158 -0.8368857 -2.552549 -2.554954 -0.8228648 -3.858631 -3.838464 -0.7243322 -4.871612 -4.869829 -0.5410434 -6.233322 -6.233264 -0.4539152 -7.227505 7.589089 0.4550527 0.2242919 0.2242919 -0.08116227 -7.227505 7.589089 -0.193797 0.2242919 0.2242919 -0.8861279 -7.589089 7.227505 0.4550527 -0.2242919 -0.2242919 -0.08116227 -7.589089 7.227505 -0.193797 -0.2242919 -0.2242919 -0.8861279 -7.149921 7.666673 0.1306278 0.3205426 0.3205426 -0.483645 -7.666673 7.149921 0.1306278 -0.3205426 -0.3205427 -0.483645 -7.408297 7.408297 -0.333018 0 0 -1.058846 -7.408297 7.408297 0.5942738 0 0 0.09155577 0 0 -0.1304249 -7.408297 7.408297 -0.1304252 -6.062676 6.422213 0.3566735 -4.623807 5.07418 0.334004 -3.665937 3.996953 0.1686979 -2.394796 2.771043 0.0452277 -0.9961268 1.250904 -0.05366581 -0.9867548 1.181696 -0.6528397 -2.379665 2.85672 -0.6828906 -3.59378 4.008649 -0.5453906 -4.661511 5.010421 -0.4007887 -6.06754 6.454718 -0.3182464 -1.190947 1.005593 -0.6363713 -2.757412 2.32727 -0.659431 -4.000894 3.594474 -0.5412999 -5.127375 4.720553 -0.4278023 -6.512444 6.111471 -0.3340995 -1.25308 1.006654 -0.03310626 -2.741257 2.264817 0.1436542 -3.999038 3.554961 0.2065292 -5.099411 4.75896 0.2516675 -6.441022 6.133884 0.3503659 -1.302882 0.9691688 -0.3834802 -2.784831 2.303515 -0.2846726 -4.051416 3.509878 -0.1794506 -5.235205 4.629869 -0.0723648 -6.577858 5.920844 0.04529315 -0.9758366 1.290184 -0.3759748 -2.224361 2.816556 -0.278799 -3.450976 4.126655 -0.1699042 -4.60261 5.195165 -0.07253468 -5.987978 6.471571 0.0321018 -1.133712 1.133522 0.0614835 -2.465841 2.477959 0.3051317 -3.866778 3.855298 0.2959883 -4.975999 4.957018 0.3651257 -6.307513 6.310018 0.4947101 -1.152158 1.149869 -0.8368858 -2.554954 2.552549 -0.8228651 -3.838464 3.858631 -0.7243325 -4.869829 4.871612 -0.5410439 -6.233264 6.233322 -0.4539157 7.589088 7.227505 0.4550527 0.2242919 -0.2242919 -0.08116227 7.589088 7.227505 -0.193797 0.2242919 -0.2242919 -0.8861279 7.227504 7.58909 0.4550527 -0.2242919 0.2242919 -0.08116227 7.227504 7.58909 -0.193797 -0.2242919 0.2242918 -0.8861279 7.666672 7.149921 0.1306278 0.3205426 -0.3205426 -0.483645 7.14992 7.666674 0.1306278 -0.3205426 0.3205426 -0.483645 7.408296 7.408298 -0.333018 0 0 -1.058846 7.408296 7.408298 0.5942738 0 0 0.09155577 0 0 -0.1304249 7.408296 7.408298 -0.1304252 6.422213 6.062676 0.3566735 5.074179 4.623807 0.334004 3.996953 3.665938 0.1686979 2.771043 2.394796 0.0452277 1.250904 0.996127 -0.05366575 1.181696 0.9867549 -0.6528397 2.85672 2.379665 -0.6828906 4.008649 3.59378 -0.5453906 5.010421 4.661511 -0.4007887 6.454717 6.067541 -0.3182464 1.005593 1.190947 -0.6363714 2.32727 2.757412 -0.659431 3.594473 4.000895 -0.5412999 4.720552 5.127376 -0.4278023 6.11147 6.512444 -0.3340995 1.006654 1.25308 -0.03310632 2.264817 2.741257 0.1436542 3.554961 3.999038 0.2065291 4.758959 5.099411 0.2516675 6.133883 6.441022 0.3503659 0.9691687 1.302882 -0.3834802 2.303515 2.784831 -0.2846726 3.509878 4.051416 -0.1794506 4.629869 5.235205 -0.0723648 5.920843 6.577859 0.04529315 1.290184 0.9758368 -0.3759749 2.816556 2.224361 -0.278799 4.126654 3.450976 -0.1699042 5.195164 4.60261 -0.07253468 6.47157 5.987979 0.03210186 1.133521 1.133713 0.0614835 2.477958 2.465841 0.3051317 3.855297 3.866778 0.2959883 4.957018 4.976 0.3651257 6.310017 6.307513 0.4947101 1.149869 1.152158 -0.8368858 2.552549 2.554954 -0.8228651 3.858631 3.838464 -0.7243325 4.871612 4.869829 -0.5410439 6.233321 6.233265 -0.4539157 7.227502 -7.589092 0.4550534 -0.2242919 -0.2242918 -0.08116227 7.227502 -7.589092 -0.1937963 -0.2242919 -0.2242919 -0.8861279 7.589087 -7.227508 0.4550534 0.2242919 0.2242918 -0.08116227 7.589087 -7.227508 -0.1937963 0.2242919 0.2242918 -0.8861279 7.149918 -7.666676 0.1306285 -0.3205427 -0.3205426 -0.483645 7.666671 -7.149924 0.1306285 0.3205427 0.3205425 -0.483645 7.408295 -7.4083 -0.3330174 0 0 -1.058846 7.408295 -7.4083 0.5942744 0 0 0.09155577 0 0 -0.1304249 7.408295 -7.4083 -0.1304246 6.062674 -6.422215 0.3566741 4.623805 -5.074182 0.3340044 3.665936 -3.996955 0.1686983 2.394795 -2.771044 0.04522794 0.9961265 -1.250904 -0.05366569 0.9867545 -1.181696 -0.6528396 2.379664 -2.856721 -0.6828904 3.593779 -4.008651 -0.5453903 4.661509 -5.010423 -0.4007883 6.067538 -6.45472 -0.3182459 1.190946 -1.005594 -0.6363711 2.757412 -2.327271 -0.6594308 4.000893 -3.594475 -0.5412995 5.127374 -4.720555 -0.4278019 6.512442 -6.111474 -0.3340989 1.25308 -1.006655 -0.03310614 2.741256 -2.264818 0.1436544 3.999037 -3.554963 0.2065294 5.09941 -4.758962 0.2516679 6.44102 -6.133887 0.3503665 1.302882 -0.9691693 -0.3834801 2.78483 -2.303517 -0.2846724 4.051415 -3.50988 -0.1794503 5.235204 -4.629871 -0.07236438 6.577856 -5.920846 0.04529368 0.9758362 -1.290185 -0.3759748 2.22436 -2.816557 -0.2787988 3.450975 -4.126656 -0.1699039 4.602608 -5.195167 -0.0725342 5.987976 -6.471574 0.0321024 1.133712 -1.133522 0.06148362 2.46584 -2.47796 0.3051319 3.866777 -3.855299 0.2959887 4.975998 -4.95702 0.3651261 6.30751 -6.31002 0.4947106 1.152158 -1.14987 -0.8368857 2.554953 -2.55255 -0.8228648 3.838463 -3.858633 -0.7243322 4.869827 -4.871614 -0.5410434 6.233263 -6.233324 -0.4539152 -9.777251 -3.773125 0.4550532 -0.1213859 0.2930515 -0.08116227 -9.777251 -3.773125 -0.1937965 -0.1213859 0.2930514 -0.8861279 -9.581562 -4.245559 0.4550532 0.1213859 -0.2930515 -0.08116221 -9.581562 -4.245559 -0.1937965 0.1213859 -0.2930515 -0.8861279 -9.819239 -3.671757 0.1306283 -0.1734764 0.4188091 -0.4836451 -9.539574 -4.346927 0.1306284 0.1734764 -0.4188091 -0.483645 -9.679407 -4.009342 -0.3330175 0 0 -1.058846 -9.679407 -4.009342 0.5942742 0 0 0.09155577 0 0 -0.1304249 -9.679407 -4.009342 -0.1304247 -8.253437 -3.143508 0.356674 -6.457386 -2.330036 0.3340044 -5.095597 -1.857317 0.1686981 -3.476558 -1.152071 0.04522782 -1.536886 -0.441601 -0.05366569 -1.469359 -0.4594272 -0.6528396 -3.549924 -1.105304 -0.6828904 -5.078789 -1.786176 -0.5453903 -6.412908 -2.38927 -0.4007884 -8.285329 -3.135563 -0.318246 -1.384802 -0.7154673 -0.6363711 -3.205333 -1.656909 -0.6594309 -4.851936 -2.320799 -0.5412996 -6.323383 -2.9306 -0.4278019 -8.138467 -3.677955 -0.3340991 -1.40956 -0.7724652 -0.0331062 -3.141452 -1.665884 0.1436544 -4.814721 -2.334204 0.2065294 -6.348165 -2.890067 0.2516678 -8.131842 -3.603392 0.3503664 -1.393986 -0.832821 -0.3834801 -3.193879 -1.691331 -0.2846724 -4.793114 -2.399848 -0.1794504 -6.280868 -3.064924 -0.07236444 -7.987383 -3.81134 0.04529362 -1.565411 -0.4078234 -0.3759748 -3.453385 -0.9771921 -0.2787989 -5.133163 -1.609084 -0.169904 -6.561048 -2.264153 -0.07253438 -8.270453 -3.055608 0.03210222 -1.48109 -0.6136339 0.06148356 -3.232972 -1.329866 0.3051319 -5.041583 -2.097079 0.2959886 -6.48392 -2.700255 0.3651261 -8.243477 -3.412643 0.4947105 -1.503253 -0.6244195 -0.8368858 -3.335986 -1.383652 -0.8228649 -5.033827 -2.069644 -0.7243322 -6.364386 -2.63485 -0.5410435 -8.144206 -3.373397 -0.4539153 -3.773125 9.777251 0.4550526 0.2930515 0.1213859 -0.08116227 -3.773125 9.777251 -0.1937971 0.2930515 0.1213859 -0.8861279 -4.245559 9.581562 0.4550526 -0.2930515 -0.1213859 -0.08116227 -4.245559 9.581562 -0.1937971 -0.2930515 -0.1213859 -0.8861279 -3.671757 9.819239 0.1306278 0.4188091 0.1734764 -0.483645 -4.346927 9.539574 0.1306278 -0.4188091 -0.1734764 -0.483645 -4.009342 9.679407 -0.3330181 0 0 -1.058846 -4.009342 9.679407 0.5942736 0 0 0.09155577 0 0 -0.1304249 -4.009342 9.679407 -0.1304253 -3.143509 8.253437 0.3566734 -2.330036 6.457386 0.3340039 -1.857317 5.095597 0.1686978 -1.152071 3.476558 0.04522764 -0.4416011 1.536886 -0.05366581 -0.4594272 1.469359 -0.6528397 -1.105304 3.549924 -0.6828907 -1.786176 5.078789 -0.5453907 -2.38927 6.412908 -0.4007888 -3.135563 8.285329 -0.3182466 -0.7154674 1.384802 -0.6363713 -1.656909 3.205333 -0.659431 -2.320799 4.851936 -0.5412999 -2.9306 6.323383 -0.4278023 -3.677955 8.138467 -0.3340996 -0.7724654 1.40956 -0.03310626 -1.665884 3.141452 0.1436542 -2.334205 4.814721 0.2065291 -2.890067 6.348165 0.2516674 -3.603393 8.131842 0.3503658 -0.832821 1.393986 -0.3834802 -1.691331 3.193879 -0.2846726 -2.399849 4.793114 -0.1794507 -3.064925 6.280868 -0.07236486 -3.811341 7.987383 0.04529309 -0.4078234 1.565411 -0.3759748 -0.9771922 3.453385 -0.2787991 -1.609084 5.133163 -0.1699043 -2.264154 6.561048 -0.07253473 -3.055608 8.270453 0.03210175 -0.613634 1.48109 0.0614835 -1.329866 3.232972 0.3051317 -2.097079 5.041583 0.2959883 -2.700256 6.48392 0.3651257 -3.412643 8.243477 0.49471 -0.6244196 1.503253 -0.8368858 -1.383652 3.335986 -0.8228651 -2.069644 5.033827 -0.7243326 -2.63485 6.364386 -0.5410439 -3.373397 8.144206 -0.4539158 9.777251 3.773126 0.4550529 0.1213859 -0.2930515 -0.08116221 9.777251 3.773126 -0.1937968 0.1213859 -0.2930515 -0.8861279 9.581562 4.24556 0.4550529 -0.1213859 0.2930515 -0.08116227 9.581562 4.24556 -0.1937969 -0.1213859 0.2930514 -0.8861279 9.819239 3.671758 0.130628 0.1734765 -0.4188091 -0.483645 9.539574 4.346928 0.1306279 -0.1734765 0.4188091 -0.4836451 9.679407 4.009343 -0.3330178 0 0 -1.058846 9.679407 4.009343 0.5942739 0 0 0.09155577 0 0 -0.1304249 9.679407 4.009343 -0.130425 8.253437 3.143509 0.3566737 6.457386 2.330037 0.3340041 5.095597 1.857318 0.168698 3.476558 1.152071 0.04522776 1.536886 0.4416013 -0.05366575 1.469359 0.4594274 -0.6528396 3.549924 1.105305 -0.6828905 5.078789 1.786176 -0.5453906 6.412908 2.389271 -0.4007887 8.285329 3.135564 -0.3182463 1.384802 0.7154675 -0.6363713 3.205333 1.65691 -0.659431 4.851936 2.320799 -0.5412998 6.323383 2.930601 -0.4278022 8.138467 3.677956 -0.3340994 1.40956 0.7724655 -0.03310632 3.141452 1.665884 0.1436543 4.814721 2.334205 0.2065292 6.348165 2.890068 0.2516676 8.131842 3.603394 0.3503661 1.393986 0.8328213 -0.3834802 3.193879 1.691332 -0.2846726 4.793114 2.399849 -0.1794506 6.280868 3.064925 -0.07236474 7.987383 3.811341 0.04529327 1.565411 0.4078236 -0.3759748 3.453385 0.9771925 -0.2787989 5.133163 1.609085 -0.1699041 6.561048 2.264154 -0.07253456 8.270453 3.055609 0.03210198 1.48109 0.6136342 0.0614835 3.232972 1.329867 0.3051317 5.041583 2.097079 0.2959884 6.48392 2.700256 0.3651258 8.243477 3.412644 0.4947102 1.503253 0.6244198 -0.8368857 3.335986 1.383652 -0.822865 5.033827 2.069645 -0.7243325 6.364386 2.634851 -0.5410438 8.144206 3.373398 -0.4539156 3.773119 -9.777254 0.4550535 -0.2930516 -0.1213858 -0.08116227 3.773119 -9.777254 -0.1937962 -0.2930516 -0.1213858 -0.8861279 4.245553 -9.581565 0.4550535 0.2930516 0.1213858 -0.08116227 4.245553 -9.581565 -0.1937962 0.2930516 0.1213857 -0.8861279 3.671751 -9.819242 0.1306286 -0.4188092 -0.1734762 -0.483645 4.346921 -9.539577 0.1306286 0.4188092 0.1734762 -0.483645 4.009336 -9.679409 -0.3330172 0 0 -1.058846 4.009336 -9.679409 0.5942745 0 0 0.09155577 0 0 -0.1304249 4.009336 -9.679409 -0.1304244 3.143504 -8.253439 0.3566741 2.330033 -6.457387 0.3340045 1.857314 -5.095598 0.1686983 1.152069 -3.476559 0.04522794 0.4416003 -1.536886 -0.05366569 0.4594264 -1.46936 -0.6528396 1.105302 -3.549924 -0.6828903 1.786173 -5.07879 -0.5453902 2.389266 -6.41291 -0.4007883 3.135559 -8.285331 -0.3182458 0.7154666 -1.384803 -0.6363711 1.656907 -3.205334 -0.6594308 2.320796 -4.851938 -0.5412995 2.930597 -6.323386 -0.4278018 3.67795 -8.13847 -0.3340989 0.7724645 -1.409561 -0.03310614 1.665882 -3.141453 0.1436545 2.334202 -4.814723 0.2065295 2.890064 -6.348167 0.251668 3.603388 -8.131845 0.3503665 0.8328203 -1.393987 -0.3834801 1.691329 -3.193881 -0.2846723 2.399846 -4.793116 -0.1794503 3.064921 -6.280869 -0.07236433 3.811336 -7.987386 0.0452938 0.4078225 -1.565412 -0.3759748 0.9771901 -3.453386 -0.2787988 1.609081 -5.133164 -0.1699038 2.26415 -6.56105 -0.07253414 3.055603 -8.270455 0.03210246 0.6136332 -1.481091 0.06148362 1.329864 -3.232973 0.305132 2.097076 -5.041584 0.2959887 2.700252 -6.483922 0.3651263 3.412638 -8.243479 0.4947108 0.6244187 -1.503253 -0.8368857 1.38365 -3.335987 -0.8228648 2.069641 -5.033829 -0.7243321 2.634846 -6.364387 -0.5410434 3.373393 -8.144207 -0.4539151 -9.581563 4.245558 0.4550529 0.1213859 0.2930515 -0.08116227 -9.581563 4.245558 -0.1937969 0.1213859 0.2930515 -0.8861279 -9.777252 3.773124 0.4550529 -0.1213859 -0.2930515 -0.08116221 -9.777252 3.773124 -0.1937968 -0.1213859 -0.2930516 -0.8861279 -9.539575 4.346926 0.1306279 0.1734764 0.4188091 -0.4836451 -9.81924 3.671756 0.130628 -0.1734764 -0.4188092 -0.483645 -9.679408 4.009341 -0.3330178 0 0 -1.058846 -9.679408 4.009341 0.5942739 0 0 0.09155577 0 0 -0.1304249 -9.679408 4.009341 -0.130425 -8.058858 3.613265 0.3566737 -6.213646 2.918477 0.3340041 -4.916452 2.28981 0.168698 -3.272935 1.643661 0.0452277 -1.399002 0.7744833 -0.05366581 -1.363858 0.7141298 -0.6528396 -3.291743 1.728607 -0.6828905 -4.854264 2.328229 -0.5453906 -6.22408 2.845142 -0.4007887 -8.07579 3.641434 -0.3182463 -1.485115 0.4732915 -0.6363713 -3.438125 1.094901 -0.659431 -5.07189 1.789785 -0.5412998 -6.543555 2.39906 -0.4278022 -8.355473 3.154059 -0.3340994 -1.542925 0.4504944 -0.03310626 -3.3993 1.043385 0.1436543 -5.055054 1.75399 0.2065292 -6.532417 2.445245 0.2516676 -8.298065 3.202098 0.3503661 -1.574591 0.3968039 -0.3834802 -3.454366 1.062462 -0.2846726 -5.086193 1.692295 -0.1794506 -6.608473 2.274015 -0.07236468 -8.342958 2.952908 0.04529333 -1.395288 0.8185384 -0.375975 -3.132891 1.750933 -0.278799 -4.767488 2.4919 -0.1699042 -6.240361 3.038364 -0.07253462 -8.008734 3.687452 0.03210192 -1.481194 0.6133843 0.0614835 -3.226413 1.345699 0.3051317 -5.047796 2.082079 0.2959884 -6.494193 2.675455 0.3651258 -8.242122 3.415915 0.4947102 -1.504492 0.6214289 -0.8368857 -3.337288 1.380509 -0.822865 -5.022913 2.095994 -0.7243325 -6.363421 2.63718 -0.5410438 -8.144176 3.373471 -0.4539156 4.245561 9.581562 0.4550526 0.2930515 -0.1213859 -0.08116227 4.245561 9.581562 -0.1937971 0.2930515 -0.121386 -0.8861279 3.773127 9.777251 0.4550526 -0.2930515 0.1213859 -0.08116227 3.773127 9.777251 -0.1937971 -0.2930515 0.1213859 -0.8861279 4.346929 9.539574 0.1306278 0.4188091 -0.1734765 -0.483645 3.671759 9.819239 0.1306278 -0.4188091 0.1734765 -0.483645 4.009344 9.679407 -0.3330181 0 0 -1.058846 4.009344 9.679407 0.5942736 0 0 0.09155577 0 0 -0.1304249 4.009344 9.679407 -0.1304253 3.613268 8.058857 0.3566734 2.918479 6.213645 0.3340039 2.289811 4.916452 0.1686978 1.643662 3.272935 0.04522764 0.7744837 1.399001 -0.05366575 0.7141302 1.363858 -0.6528397 1.728608 3.291743 -0.6828907 2.328231 4.854263 -0.5453907 2.845144 6.22408 -0.4007888 3.641436 8.07579 -0.3182466 0.4732919 1.485115 -0.6363713 1.094902 3.438125 -0.659431 1.789786 5.07189 -0.5412999 2.399062 6.543554 -0.4278023 3.154061 8.355472 -0.3340996 0.4504948 1.542925 -0.03310632 1.043386 3.3993 0.1436542 1.753992 5.055054 0.2065291 2.445247 6.532416 0.2516674 3.2021 8.298064 0.3503658 0.3968044 1.574591 -0.3834802 1.062463 3.454365 -0.2846726 1.692296 5.086193 -0.1794507 2.274017 6.608473 -0.07236486 2.952911 8.342957 0.04529309 0.8185389 1.395287 -0.3759749 1.750934 3.132891 -0.2787991 2.491902 4.767488 -0.1699042 3.038366 6.24036 -0.07253473 3.687454 8.008734 0.03210175 0.6133847 1.481193 0.0614835 1.3457 3.226413 0.3051317 2.08208 5.047796 0.2959883 2.675457 6.494192 0.3651257 3.415918 8.242121 0.49471 0.6214295 1.504491 -0.8368858 1.38051 3.337288 -0.8228651 2.095995 5.022912 -0.7243326 2.637182 6.36342 -0.5410439 3.373473 8.144175 -0.4539158 9.581562 -4.24556 0.4550532 -0.1213859 -0.2930515 -0.08116221 9.581562 -4.24556 -0.1937965 -0.1213859 -0.2930515 -0.8861279 9.777251 -3.773126 0.4550532 0.1213859 0.2930515 -0.08116227 9.777251 -3.773126 -0.1937965 0.1213859 0.2930514 -0.8861279 9.539574 -4.346928 0.1306284 -0.1734765 -0.4188091 -0.483645 9.819239 -3.671758 0.1306283 0.1734765 0.4188091 -0.4836451 9.679407 -4.009343 -0.3330175 0 0 -1.058846 9.679407 -4.009343 0.5942742 0 0 0.09155577 0 0 -0.1304249 9.679407 -4.009343 -0.1304247 8.058857 -3.613267 0.356674 6.213645 -2.918478 0.3340044 4.916452 -2.289811 0.1686982 3.272935 -1.643662 0.04522788 1.399001 -0.7744836 -0.05366569 1.363858 -0.7141301 -0.6528396 3.291743 -1.728608 -0.6828904 4.854263 -2.32823 -0.5453903 6.22408 -2.845144 -0.4007884 8.07579 -3.641436 -0.318246 1.485115 -0.4732918 -0.6363711 3.438125 -1.094902 -0.6594309 5.07189 -1.789786 -0.5412996 6.543554 -2.399062 -0.4278019 8.355472 -3.15406 -0.3340991 1.542925 -0.4504947 -0.0331062 3.3993 -1.043385 0.1436544 5.055054 -1.753991 0.2065294 6.532416 -2.445246 0.2516678 8.298064 -3.202099 0.3503664 1.574591 -0.3968043 -0.3834801 3.454365 -1.062463 -0.2846724 5.086193 -1.692296 -0.1794504 6.608473 -2.274017 -0.0723645 8.342957 -2.95291 0.04529356 1.395288 -0.8185387 -0.3759748 3.132891 -1.750933 -0.2787988 4.767488 -2.491901 -0.1699039 6.24036 -3.038365 -0.07253432 8.008734 -3.687453 0.03210228 1.481194 -0.6133846 0.06148356 3.226413 -1.345699 0.3051319 5.047796 -2.08208 0.2959886 6.494192 -2.675457 0.3651261 8.242121 -3.415917 0.4947105 1.504492 -0.6214292 -0.8368858 3.337288 -1.38051 -0.8228649 5.022912 -2.095995 -0.7243322 6.36342 -2.637181 -0.5410435 8.144175 -3.373473 -0.4539153 -4.245566 -9.58156 0.4550535 -0.2930514 0.1213861 -0.08116227 -4.245566 -9.58156 -0.1937962 -0.2930514 0.1213861 -0.8861279 -3.773133 -9.777248 0.4550535 0.2930514 -0.1213861 -0.08116227 -3.773133 -9.777248 -0.1937962 0.2930514 -0.1213862 -0.8861279 -4.346934 -9.539571 0.1306286 -0.418809 0.1734767 -0.483645 -3.671765 -9.819236 0.1306286 0.418809 -0.1734768 -0.483645 -4.009349 -9.679404 -0.3330172 0 0 -1.058846 -4.009349 -9.679404 0.5942745 0 0 0.09155577 0 0 -0.1304249 -4.009349 -9.679404 -0.1304244 -3.613272 -8.058855 0.3566741 -2.918482 -6.213643 0.3340045 -2.289814 -4.91645 0.1686983 -1.643664 -3.272934 0.04522794 -0.7744845 -1.399001 -0.05366569 -0.714131 -1.363857 -0.6528396 -1.72861 -3.291742 -0.6828903 -2.328233 -4.854261 -0.5453902 -2.845148 -6.224077 -0.4007883 -3.641441 -8.075787 -0.3182458 -0.4732927 -1.485115 -0.6363711 -1.094904 -3.438124 -0.6594308 -1.789789 -5.071888 -0.5412995 -2.399066 -6.543552 -0.4278018 -3.154066 -8.35547 -0.3340989 -0.4504957 -1.542925 -0.03310614 -1.043387 -3.399299 0.1436545 -1.753994 -5.055052 0.2065295 -2.44525 -6.532415 0.251668 -3.202105 -8.298062 0.3503665 -0.3968053 -1.57459 -0.3834801 -1.062465 -3.454365 -0.2846723 -1.692299 -5.086191 -0.1794503 -2.274021 -6.608471 -0.07236433 -2.952915 -8.342955 0.0452938 -0.8185396 -1.395287 -0.3759747 -1.750935 -3.132889 -0.2787988 -2.491904 -4.767487 -0.1699038 -3.038369 -6.240357 -0.0725342 -3.687458 -8.008731 0.03210246 -0.6133856 -1.481193 0.06148362 -1.345702 -3.226412 0.305132 -2.082083 -5.047794 0.2959887 -2.675461 -6.49419 0.3651263 -3.415922 -8.242118 0.4947108 -0.6214303 -1.504491 -0.8368857 -1.380512 -3.337287 -0.8228648 -2.095998 -5.022911 -0.7243321 -2.637186 -6.363419 -0.5410434 -3.373478 -8.144172 -0.4539151</float_array>
          <technique_common>
            <accessor source="#Cylinder_017-mesh-positions-array" count="1568" stride="3">
              <param name="X" type="float"/>
              <param name="Y" type="float"/>
              <param name="Z" type="float"/>
            </accessor>
          </technique_common>
        </source>
        <source id="Cylinder_017-mesh-normals">
          <float_array id="Cylinder_017-mesh-normals-array" count="12480">-4.76759e-7 0.6451139 0.7640864 0.1910268 0.9603469 0.2030826 2.21862e-6 0.9791617 0.2030827 0.1258522 0.6327054 0.7640976 0.3747093 0.9046281 0.2030786 0.3584004 0.5363854 0.7640942 0.5439927 0.8141424 0.2030867 0.692373 0.6923707 0.2030827 0.4561587 0.4561607 0.7640921 0.8141442 0.5439916 0.2030826 0.5363814 0.3583992 0.7640976 0.9046282 0.3747091 0.2030786 0.6327118 0.125854 0.764092 0.9603469 0.1910265 0.2030827 0.6451073 -2.99673e-7 0.764092 0.9791617 1.69108e-6 0.2030827 0.6327053 -0.1258537 0.7640976 0.9603477 -0.1910231 0.2030827 0.5960073 -0.2468749 0.7640865 0.9046282 -0.3747071 0.2030827 0.5363814 -0.3583991 0.7640976 0.8141442 -0.5439915 0.2030826 0.4561638 -0.456165 0.7640865 0.6923731 -0.6923706 0.2030826 0.3583977 -0.5363823 0.7640977 0.5439946 -0.8141421 0.2030827 0.2468699 -0.5959992 0.7640944 0.3747083 -0.9046267 0.2030867 0.1910247 -0.9603483 0.2030786 -4.41332e-7 -0.6450982 0.7640998 -4.23995e-7 -0.9791608 0.2030866 -0.1910272 -0.9603469 0.2030828 -0.1258552 -0.6327182 0.7640866 -0.3747097 -0.9046279 0.2030788 -0.3583992 -0.5363812 0.7640978 -0.543992 -0.8141438 0.2030827 -0.4561584 -0.4561572 0.7640943 -0.6923717 -0.6923707 0.2030869 -0.8141445 -0.5439926 0.2030788 -0.5959931 -0.2468681 0.7640998 -0.9046271 -0.3747075 0.2030867 -0.9603478 -0.1910224 0.2030827 -0.6327117 -0.1258539 0.7640922 -0.9791617 2.59086e-6 0.2030827 -0.6451073 3.93661e-7 0.764092 -0.9603467 0.1910278 0.2030827 -0.6327117 0.1258545 0.7640921 -0.9046263 0.3747115 0.2030827 -0.5960012 0.2468722 0.7640921 -0.8141415 0.5439954 0.2030826 -0.5363863 0.3584031 0.7640924 -0.6923696 0.6923739 0.2030827 -0.456164 0.4561645 0.7640866 -0.5439905 0.8141449 0.2030827 -0.358403 0.5363869 0.764092 -0.3747058 0.9046287 0.2030826 0.7435517 -0.1479008 0.6521167 0.7004166 -0.2901207 0.6521094 -0.2468692 0.5959956 0.7640975 -0.191022 0.960348 0.2030827 -0.1258536 0.6327118 0.7640921 5.16685e-7 0.9053688 -0.4246265 -0.06775397 0.3406296 -0.9377531 -0.1766275 0.8879725 -0.4246266 -0.3464683 0.8364523 -0.4246265 -0.502995 0.7527872 -0.4246264 -0.6401916 0.6401932 -0.4246264 -0.7527858 0.5029971 -0.4246263 -0.8364511 0.3464708 -0.4246265 -0.887972 0.1766298 -0.4246264 -0.9053688 6.85979e-7 -0.4246264 -0.8879724 -0.1766276 -0.4246265 -0.8364518 -0.3464688 -0.4246265 -0.752787 -0.5029953 -0.4246266 -0.6401923 -0.6401914 -0.4246277 -0.5029959 -0.7527866 -0.4246266 -0.34647 -0.8364521 -0.4246253 -0.1766292 -0.8879722 -0.4246265 -2.50385e-7 -0.9053682 -0.4246278 0.1766285 -0.8879728 -0.4246253 0.3464691 -0.8364512 -0.4246277 0.5029962 -0.7527865 -0.4246264 0.6401925 -0.6401922 -0.4246265 0.7527867 -0.5029957 -0.4246264 0.8364517 -0.3464694 -0.4246264 0.8879724 -0.1766284 -0.4246265 0.9053688 5.32091e-7 -0.4246265 0.8879722 0.1766291 -0.4246265 0.8364516 0.3464698 -0.4246264 0.7527865 0.502996 -0.4246263 0.6401929 0.6401927 -0.4246251 0.5029957 0.7527861 -0.4246275 0.3464697 0.8364523 -0.4246253 0.1766289 0.8879723 -0.4246265 0.4211897 0.6303556 0.6521128 0.5146904 0.5146895 0.685703 0.5360727 0.5360737 0.6521129 -0.2468723 -0.5960039 0.76409 -0.4211893 -0.6303519 0.6521167 -0.6303554 0.4211902 0.6521127 -0.5360757 0.5360752 0.6521091 0.5960099 0.2468752 0.7640843 0.6303523 0.4211886 0.6521168 0.7004163 0.290122 0.6521091 0.1258559 -0.6327205 0.7640844 0.2901219 -0.7004165 0.652109 0.1479025 -0.7435544 0.6521133 -0.7435515 -0.1479007 0.652117 -0.7581217 -4.37277e-7 0.652113 0.2468752 0.59601 0.7640843 0.1479008 0.7435517 0.6521167 0.2901215 0.7004163 0.6521093 0.6303533 -0.4211869 0.6521168 -0.5360714 -0.5360699 0.652117 -0.4211903 0.6303551 0.652113 0.7435548 0.1479027 0.6521129 7.26125e-7 -0.7581185 0.6521168 -0.7435547 0.1479022 0.652113 0.536078 -0.5360776 0.6521052 -0.5363947 -0.3584071 0.7640845 -0.6303611 -0.421193 0.6521053 -0.2901191 0.7004103 0.6521168 0.758122 8.86086e-7 0.6521128 -0.1479042 -0.743561 0.6521054 -0.7004132 0.2901212 0.6521127 0.4211862 -0.6303498 0.6521207 -0.7004107 -0.290118 0.6521168 -0.147902 0.743555 0.6521127 -0.2901219 -0.7004129 0.6521129 -5.92216e-7 0.758125 0.6521093 0.6724824 0.27855 0.6856949 -0.5683889 -0.3797868 0.7298604 -0.6315742 -0.2616077 0.7298462 -0.1420021 0.7139034 0.6856949 -0.1420036 -0.7138987 0.6856995 -0.278548 -0.6724748 0.685703 0.6052048 0.4043842 0.6857117 7.87514e-7 0.7278813 0.6857032 -0.4043844 -0.6052051 0.6857113 -0.5146932 -0.5146928 0.6856984 0.7138876 0.142 0.6857116 -0.6052141 -0.4043908 0.6856996 0.7278892 -9.05477e-7 0.6856948 -0.6724671 -0.2785454 0.6857118 0.7138953 -0.1420031 0.685703 -0.7138997 -0.1420027 0.6856985 0.6724741 -0.2785485 0.6857036 -0.7278813 1.68951e-6 0.6857033 0.6052104 -0.4043899 0.6857034 -0.7138951 0.1420044 0.685703 0.5146864 -0.514687 0.685708 -0.6724737 0.27855 0.6857033 0.4043914 -0.6052151 0.6856985 -0.6052098 0.404391 0.6857033 0.2785468 -0.6724706 0.6857078 0.1420011 0.7138875 0.6857116 -0.5146942 0.5146967 0.6856947 0.1420037 -0.7138996 0.6856985 0.2785487 0.6724743 0.6857032 -0.4043883 0.605212 0.6857029 -5.20378e-7 -0.7278736 0.6857115 0.4043943 0.6052173 0.6856946 -0.278543 0.6724683 0.6857115 0.6704745 -0.1333657 -0.7298477 0.6315708 -0.2616052 0.7298502 0.6704849 -0.1333677 0.7298378 -0.6704787 -0.1333674 -0.7298435 -0.6836165 2.33944e-6 0.7298415 -0.6704763 -0.133364 0.7298463 0.5684041 -0.379796 -0.7298436 0.5684047 -0.3797945 0.7298441 -0.6836136 -7.52658e-7 -0.7298441 -0.6704783 0.1333686 0.7298436 0.4833868 -0.4833891 -0.729844 0.483389 -0.4833872 0.7298438 -0.6704792 0.1333659 -0.7298433 -0.6315765 0.2616096 0.7298434 0.3797957 -0.5684072 -0.7298414 0.3797968 -0.5684035 0.7298437 -0.631577 0.2616077 -0.7298439 -0.5684007 0.3797962 0.7298462 0.2616065 -0.6315776 -0.7298436 0.2616086 -0.6315766 0.7298439 -6.71201e-7 0.6836141 -0.7298437 0.1333652 0.670472 0.72985 1.48373e-6 0.6836141 0.7298437 -0.5684027 0.3797938 -0.729846 -0.4833865 0.4833897 0.7298437 0.1333653 -0.6704698 -0.729852 0.1333677 -0.6704851 0.7298375 0.2616043 0.6315687 -0.7298521 0.2616097 0.6315811 0.7298396 -0.4833889 0.4833874 -0.7298437 -0.3797939 0.5684055 0.7298437 -1.42514e-6 -0.6836163 0.7298416 0.3797932 0.568401 0.7298476 -0.3797955 0.5684041 -0.729844 -0.2616065 0.6315802 0.7298415 8.56925e-7 -0.6836162 -0.7298417 -0.1333677 -0.670476 0.729846 0.4833876 0.4833854 -0.7298459 0.4833853 0.4833873 0.7298461 -0.2616091 0.6315791 -0.7298415 -0.1333643 0.6704792 0.7298435 -0.133365 -0.6704764 -0.729846 -0.26161 -0.6315788 0.7298415 0.5684067 0.3797958 -0.7298418 0.5684057 0.3797978 0.7298416 -0.1333667 0.6704787 -0.7298436 -0.2616082 -0.6315796 -0.7298414 -0.3797955 -0.5684014 0.729846 0.6315683 0.2616043 -0.7298526 0.6315813 0.2616093 0.7298395 -0.3797932 -0.5684028 -0.7298462 -0.4833911 -0.4833886 0.7298415 0.6704782 0.1333654 0.7298443 -0.4833894 -0.4833902 -0.7298415 -0.5684035 -0.3797929 0.7298458 0.6704784 0.1333675 -0.7298437 0.6836077 0 0.7298497 -0.568402 -0.3797948 -0.729846 -0.6315798 -0.2616071 0.7298416 -0.6315793 -0.2616094 -0.7298412 -0.7138958 0.142001 0.6857029 -0.6724779 0.2785491 -0.6856997 -0.7138842 0.1420019 -0.6857148 0.7278704 -2.21509e-6 0.6857149 0.7138947 0.1420034 -0.6857036 0.7139062 0.1420025 0.6856919 -0.6052057 0.4043849 0.6857106 -0.6724816 0.2785506 0.6856953 0.7138946 -0.1420053 0.6857033 0.7278814 1.1171e-6 -0.685703 -0.5146893 0.5146904 -0.6857032 -0.6052172 0.4043927 -0.6856957 0.672473 -0.278551 0.6857036 0.7138949 -0.1420019 -0.6857037 -0.5146905 0.5146887 0.6857035 -0.4043817 0.605203 -0.6857149 0.6052187 -0.4043974 0.6856918 0.6724752 -0.278547 -0.6857031 -0.4043897 0.6052106 0.6857035 -0.278545 0.6724679 -0.6857111 -3.4346e-7 -0.7278739 0.6857112 -0.1420014 -0.7138881 -0.6857109 -1.24892e-7 -0.7278882 -0.6856958 0.514688 -0.5146914 0.6857034 0.6052204 -0.4043943 -0.685692 -0.1420012 0.7138879 0.6857112 -0.2785505 0.6724812 0.6856958 -0.2785531 -0.6724839 0.6856921 -0.1420041 -0.7139021 0.6856958 0.4043873 -0.6052123 0.6857033 0.5146902 -0.5146892 -0.6857035 0 0.7278633 -0.6857222 -0.1420059 0.7139126 -0.6856846 -0.4043789 -0.6051963 0.6857224 -0.2785508 -0.6724849 -0.685692 0.2785416 -0.6724655 0.6857148 0.4043904 -0.6052105 -0.6857031 0.1420067 0.7139052 0.685692 3.18383e-7 0.7278777 0.685707 -0.5146984 -0.5146961 -0.685692 -0.4043871 -0.6052083 -0.685707 0.1420001 -0.7138955 0.6857035 0.278544 -0.6724646 -0.6857149 0.2785459 0.6724638 0.6857148 0.142004 0.7139056 -0.6856921 -0.5146963 -0.5146983 0.685692 -0.6052038 -0.4043814 -0.6857144 0.1420029 -0.7138949 -0.6857035 0.4043966 0.605219 0.685692 0.2785425 0.672465 -0.6857149 -0.6052012 -0.4043846 0.6857147 -0.6724854 -0.2785504 -0.6856917 0.5146831 0.5146809 0.6857149 0.4043945 0.6052204 -0.6856919 -0.6724837 -0.2785537 0.6856921 -0.7138954 -0.142001 -0.6857035 0.6052207 0.4043938 0.685692 0.5146814 0.5146827 -0.6857149 -0.7138953 -0.1420038 0.6857029 -0.7278812 1.51259e-6 -0.6857033 0.6724652 0.2785425 0.6857147 0.6052194 0.4043957 -0.6856921 -0.7278808 -1.49525e-6 0.6857038 0.672464 0.2785446 -0.6857151 0.133368 0.6704851 -0.7298375 0.3798005 0.568412 -0.7298353 0.6836205 0 -0.7298377 0.6315811 -0.2616092 -0.7298397 0.5684037 0.3797931 0.7298455 0.5146865 0.5146898 0.6857058 0.6052107 0.4043913 0.6857025 0.3797872 0.5683893 0.7298598 0.4833824 0.48338 0.7298529 -0.6704611 -0.133364 0.7298603 -0.6836114 -8.37858e-7 0.7298462 0.6315621 0.2615997 0.7298596 -0.6704746 0.1333658 0.7298475 0.6704698 0.1333626 0.7298526 -0.6315673 0.2616047 0.7298532 0.6835985 -6.67448e-7 0.7298582 -0.5683954 0.3797906 0.7298533 0.6704694 -0.133364 0.7298526 -0.4833802 0.4833821 0.729853 0.6315681 -0.261604 0.7298527 -0.3797897 0.5683967 0.7298527 0.5683957 -0.3797903 0.7298532 -0.2616034 0.6315683 0.7298528 -0.1333621 -0.6704618 0.72986 0.4833869 -0.4833865 0.7298456 -0.1333637 0.6704692 0.7298528 -0.2616032 -0.6315683 0.729853 0.3797905 -0.5683963 0.7298527 1.48181e-6 0.6835966 0.7298601 -0.3797936 -0.568403 0.7298458 0.2616013 -0.6315609 0.72986 0.1333677 0.6704762 0.7298458 -0.4833802 -0.4833819 0.7298531 0.1333662 -0.6704767 0.7298456 0.2616056 0.6315675 0.7298527 1.42714e-6 -0.6836044 0.7298527 0.6724771 -0.2785516 0.6856993 0.2785554 0.6724953 0.68568 -0.6724871 0.2785517 0.6856895 -0.7278826 9.02007e-7 0.6857019 0.6724895 0.2785548 0.6856858 -0.7138894 0.1419997 0.6857098 0.7138971 0.1420036 0.6857011 0.7278856 -3.88551e-7 0.6856987 -0.6052031 0.4043877 0.6857112 0.7138869 -0.1420043 0.6857116 -0.5146922 0.5146909 0.6857006 -0.4043878 0.6052069 0.6857079 0.6052119 -0.4043869 0.6857039 -0.2785574 0.6724945 0.6856799 -0.1420007 -0.713891 0.6857079 0.5146993 -0.5147021 0.6856868 -0.1420027 0.7138909 0.6857078 -0.2785599 -0.6724997 0.6856738 0.4043853 -0.6052089 0.6857076 -2.27495e-6 0.7278798 0.6857048 -0.404391 -0.6052119 0.6857015 0.2785503 -0.6724857 0.6856914 0.1420021 0.7138971 0.6857014 -0.5146891 -0.5146878 0.6857053 0.1420004 -0.7138972 0.6857016 -0.6052082 -0.4043859 0.6857078 -1.2628e-6 -0.7278795 0.6857052 0.4043829 0.6052094 0.6857086 -0.6724948 -0.2785556 0.6856803 -0.7138869 -0.1420016 0.6857121 0.06775474 -0.3406269 -0.937754 -0.3406295 -0.06775397 -0.9377532 0.3208557 -0.1329026 -0.9377573 0.3406257 -0.06775307 -0.9377546 -0.1929502 -0.2887719 -0.9377532 -0.1329019 -0.320853 -0.9377583 -0.2887725 0.1929537 -0.9377524 0.3208605 0.1329045 -0.9377552 0.2887654 0.192948 -0.9377557 0.1329055 -0.3208626 -0.9377545 0.06775468 0.340622 -0.9377558 0.2887743 -0.1929513 -0.9377523 -0.2455778 -0.2455775 -0.9377543 -0.24557 0.2455753 -0.937757 0.3406341 0.06775736 -0.9377513 -4.72537e-7 -0.3472993 -0.9377543 -0.3472967 1.38939e-6 -0.9377554 0.1929543 0.2887769 -0.9377509 0.1329022 0.3208558 -0.9377572 0.2455766 -0.2455751 -0.9377554 -0.1929469 0.2887682 -0.9377551 0.347294 1.15529e-6 -0.9377563 -0.3406219 0.06775552 -0.9377558 0.1929469 -0.288765 -0.937756 -0.2887731 -0.1929503 -0.9377528 -0.1329014 0.3208586 -0.9377564 -0.06775552 -0.340624 -0.9377551 -0.3208584 0.132906 -0.9377558 0.2455713 0.2455725 -0.9377574 -0.3208584 -0.1329024 -0.9377563 7.87068e-7 0.3472941 -0.9377563 0.483386 0.483386 0.7298465 -0.404392 -0.6052149 0.6856982 0.3797953 0.568404 0.7298442 0.4833886 -0.4833902 -0.729842 -0.4043911 0.6052156 -0.6856982 0.3797943 -0.5684046 -0.7298442 -0.5684041 0.3797951 0.7298442 0.6724826 -0.2785502 0.6856945 -0.6315769 0.2616071 0.7298441 0.4833866 0.4833856 -0.7298465 -0.4043958 -0.6052207 -0.6856908 -0.5146856 -0.5146839 -0.6857108 -0.2616072 -0.6315768 0.7298442 0.1420079 0.7139217 0.6856746 -0.1333664 -0.6704807 0.7298418 -0.5684036 0.3797957 -0.7298443 0.672482 -0.2785516 -0.6856946 0.6052153 -0.4043918 -0.6856982 0.5684031 -0.3797965 0.7298443 -0.5146955 0.5146958 0.6856945 -0.6052145 0.4043928 0.6856982 -0.2616081 -0.6315765 -0.7298441 0.1420065 0.7139149 -0.6856818 0.2785526 0.6724853 -0.6856909 -0.2785529 -0.6724852 0.6856909 0.261607 0.6315745 0.7298463 0.5684035 -0.3797959 -0.7298443 -0.5146945 0.5146968 -0.6856945 0.7139033 -0.1420032 0.6856946 -0.6704783 0.1333658 0.7298442 0.379796 0.5684036 -0.7298442 -0.2785502 -0.6724788 -0.6856982 -0.6315767 0.2616077 -0.7298441 0.7139031 -0.1420049 -0.6856946 0.6315762 -0.2616086 0.7298441 -0.6724818 0.2785524 0.6856945 1.75043e-7 -0.6836114 0.7298463 -3.53857e-7 0.727874 0.685711 -0.1420038 -0.7139034 0.6856945 0.133367 0.6704802 0.7298421 0.6315765 -0.2616079 -0.7298441 -0.60522 0.4043968 -0.6856909 -6.46339e-7 -0.6836137 -0.7298441 -0.1333672 -0.6704804 -0.729842 0.7279047 9.95395e-7 0.6856783 -0.6836159 -6.00328e-7 0.729842 0.2616087 0.6315785 -0.7298421 -0.1420082 -0.7139181 -0.6856783 -0.6704781 0.1333667 -0.7298441 0.7279048 -6.52234e-7 -0.6856783 0.6704756 -0.1333671 0.7298465 -0.713888 0.1420027 0.6857107 5.87381e-7 -0.7278896 0.6856944 -2.1993e-7 0.6836135 0.7298443 0.6704758 -0.1333663 -0.7298464 -0.6724823 0.2785512 -0.6856945 -0.6704781 -0.1333667 0.7298441 0.713903 0.142005 0.6856946 5.66851e-7 0.6836112 -0.7298464 0.1333667 0.6704783 -0.729844 -0.6704783 -0.1333658 -0.7298442 -0.6836159 7.19254e-7 -0.729842 -0.7279047 1.41982e-6 0.6856784 0.6836159 -9.97018e-7 0.729842 0.1420076 -0.7139182 0.6856783 -0.133367 0.6704805 0.729842 -0.7279047 -3.03566e-7 -0.6856784 -0.7138883 0.1420012 -0.6857108 -0.6315765 -0.2616078 0.7298442 0.6724821 0.2785512 0.6856945 0.1420061 -0.7139184 -0.6856784 -8.92716e-7 -0.7278741 -0.6857109 1.10843e-6 0.7278894 -0.6856945 0.27855 0.6724789 0.6856983 0.4043943 0.6052176 -0.6856945 0.4043931 0.6052184 0.6856946 0.5146853 0.5146842 -0.6857109 0.514695 0.5146961 0.6856946 0.6052182 0.4043933 -0.6856945 0.6052048 0.4043861 0.6857107 0.6724827 0.2785499 -0.6856945 0.7139033 0.1420035 -0.6856946 0.5146932 -0.514693 0.6856983 0.5146982 -0.5146978 -0.6856909 0.4043931 -0.6052184 -0.6856945 0.4043943 -0.6052176 0.6856945 0.2785443 -0.6724685 -0.6857108 0.2785456 -0.6724678 0.6857109 -0.5146846 -0.514685 0.6857108 -0.6052154 -0.4043914 -0.6856982 -0.6724793 -0.2785493 0.6856982 -0.6725 -0.2785577 -0.6856745 -0.713885 -0.142 -0.6857144 -0.2785489 0.6724794 0.6856982 -0.2785575 0.6725 -0.6856746 -0.1419996 0.7138885 -0.6857109 -0.142004 0.7139031 0.6856946 -0.3797957 -0.5684037 -0.7298442 0.4833855 -0.483387 0.7298462 -0.4044033 0.6052342 0.6856745 -0.4833874 0.4833883 -0.7298442 -0.379795 -0.5684041 0.7298442 0.5684024 0.3797935 -0.7298463 -0.483388 0.4833876 0.7298442 0.605221 -0.4043956 0.6856908 0.2616068 -0.6315772 -0.729844 -0.6052338 -0.4044039 0.6856746 -0.4833864 -0.4833859 -0.7298464 0.2616075 -0.631579 0.7298421 0.3797964 -0.5684062 0.729842 -0.3797951 0.5684041 -0.7298442 -0.4833875 -0.4833882 0.7298442 0.631581 0.261609 -0.7298398 -0.3797959 0.5684036 0.7298442 0.1333656 -0.6704782 -0.7298443 0.6315748 0.2616063 0.7298462 0.5684081 0.3797973 0.7298399 -0.568404 -0.3797953 -0.7298442 0.1333652 -0.6704763 0.7298461 -0.2616062 0.6315745 -0.7298466 -0.5684015 -0.3797945 0.7298465 0.6704737 0.1333649 -0.7298485 -0.2616069 0.6315742 0.7298465 0.6704782 0.1333656 0.7298443 -0.6315767 -0.2616073 -0.7298442 -0.1333662 0.6704807 -0.7298418 0.683616 0 -0.729842 -0.7138918 -0.142001 0.6857071 -0.1333664 -0.6704831 -0.7298396 -1.38471e-6 -0.6836132 0.7298445 6.34596e-7 -0.6836133 -0.7298445 -0.2616085 -0.6315814 -0.7298398 -0.1333683 -0.6704827 0.7298396 -0.3797973 -0.5684086 -0.7298396 -0.2616103 -0.6315807 0.7298397 -0.4833988 -0.4833989 -0.7298295 -0.3797988 -0.5684072 0.7298399 -0.568408 -0.3797981 0.7298396 -0.4833911 -0.4833911 0.7298398 -0.6315807 -0.2616102 -0.7298398 -0.5683988 -0.379792 -0.7298499 -0.6704879 -0.1333693 -0.7298346 -0.6315816 -0.2616082 0.7298396 -0.6836185 -1.29024e-6 -0.7298396 -0.6704885 -0.1333672 0.7298346 -0.6704779 0.1333649 -0.7298448 -0.6836184 9.77451e-7 0.7298397 -0.6315816 0.2616083 -0.7298396 -0.6704775 0.133367 0.7298446 -0.5684084 0.3797972 -0.7298397 -0.6315808 0.2616102 0.7298396 -0.4833958 0.4833942 -0.7298346 -0.5684074 0.3797988 0.7298397 -0.3797959 0.5684029 -0.7298448 -0.4833943 0.4833956 0.7298347 -0.2616099 0.6315807 -0.7298398 -0.3797971 0.5684084 0.7298398 -0.133369 0.670488 -0.7298346 -0.261606 0.6315766 0.7298447 -8.63408e-7 0.683613 -0.7298448 -0.133367 0.6704885 0.7298346 0.1333677 0.6704882 -0.7298347 1.18271e-6 0.683613 0.7298448 0.2616088 0.6315814 -0.7298397 0.1333696 0.6704878 0.7298347 0.3797974 0.5684084 -0.7298396 0.2616107 0.6315806 0.7298396 0.4833954 0.4833947 -0.7298346 0.379799 0.5684074 0.7298397 0.5684083 0.3797977 0.7298396 0.4833874 0.483387 0.7298449 0.6315809 0.26161 -0.7298396 0.5683992 0.3797916 -0.7298498 0.6704826 0.1333678 -0.7298398 0.6315817 0.261608 0.7298396 0.6836239 -7.59148e-7 -0.7298345 0.6704831 0.1333656 0.7298398 0.6704828 -0.133368 0.7298396 0.6836183 -9.35109e-7 0.7298398 0.6315811 -0.2616091 -0.7298398 0.6704773 -0.133367 -0.7298449 0.5684124 -0.3798009 -0.7298347 0.6315804 -0.2616111 0.7298398 0.4833876 -0.4833872 -0.7298447 0.5684114 -0.3798027 0.7298346 0.3798004 -0.5684132 -0.7298343 0.4833864 -0.4833886 0.7298446 0.2616106 -0.6315865 0.7298346 0.3797942 -0.5684038 0.7298449 0.1333685 -0.6704882 -0.7298346 0.2616064 -0.6315762 -0.7298449 0.1333665 -0.6704885 0.7298346 1.28098e-6 0.7278819 0.6857026 0.1420039 0.713907 -0.6856907 -5.58532e-7 0.7278819 -0.6857026 0.1420057 0.7139067 0.6856907 0.2785517 0.6724859 -0.6856908 0.2785534 0.6724851 0.6856908 0.4043949 0.6052212 -0.6856909 0.4043967 0.6052204 0.6856907 0.5147091 0.5147089 -0.6856744 0.6052154 0.4043918 0.6856979 0.6052082 0.4043869 -0.6857072 0.6724851 0.2785534 -0.6856907 0.6724858 0.2785517 0.6856908 0.7139174 0.1420079 -0.685679 0.7139177 0.1420061 0.6856791 0.7278929 1.26099e-6 -0.6856908 0.7278931 -6.55678e-7 0.6856908 0.713896 -0.1420019 -0.6857026 0.7138956 -0.1420037 0.6857026 0.672486 -0.2785515 -0.6856908 0.6724852 -0.2785531 0.6856908 0.6052214 -0.4043949 -0.6856908 0.6052203 -0.4043966 0.6856908 0.5147066 -0.5147053 -0.6856789 0.5147054 -0.5147066 0.6856789 0.4043903 -0.6052112 -0.6857025 0.404395 -0.6052215 0.6856908 0.2785531 -0.6724852 -0.6856907 0.2785472 -0.6724757 0.6857026 0.1420078 -0.7139174 -0.6856791 0.142006 -0.7139177 0.6856791 7.49334e-7 -0.727882 -0.6857024 -1.06589e-6 -0.727882 0.6857024 -0.1420066 -0.7139177 -0.685679 -0.1420085 -0.7139173 0.685679 -0.2785521 -0.6724857 -0.6856908 -0.2785537 -0.672485 0.6856908 -0.4043951 -0.6052212 -0.6856909 -0.4043966 -0.6052201 0.6856909 -0.5147014 -0.514701 -0.6856862 -0.6052158 -0.4043914 0.6856978 -0.6052086 -0.4043865 -0.6857071 -0.6724854 -0.2785525 -0.6856908 -0.672486 -0.2785511 0.6856909 -0.7139067 -0.1420056 -0.6856907 -0.713907 -0.1420037 0.6856907 -0.7278973 4.91692e-7 -0.6856862 -0.7138999 0.1420044 0.6856979 -0.7139023 0.1420048 -0.6856955 -0.6724854 0.2785527 -0.6856908 -0.6724847 0.2785545 0.6856907 -0.60523 0.4044019 -0.685679 -0.6052289 0.4044035 0.6856791 -0.5146926 0.514694 -0.6856979 -0.4043974 0.6052252 0.685686 -0.4043926 0.6052176 -0.6856956 -0.2785527 0.6724855 -0.6856907 -0.2785509 0.6724863 0.6856907 -0.1420071 0.7139174 -0.6856791 -0.1420053 0.7139178 0.6856791 -0.5146864 0.5146878 0.6857072 -0.5146952 -0.5146948 0.6856954 0.5147028 0.5147028 0.6856836 -0.7278997 5.79368e-7 0.6856837 -0.9352028 -0.1574102 -0.3172033 -0.9335369 -0.1564799 -0.3225262 -0.9332143 -0.1563012 -0.3235445 0.5135618 -0.1845931 -0.8379616 0.8151247 -0.0869978 -0.5727158 0.8497843 -0.07038962 -0.5224099 0.9763337 -0.086649 0.1981527 0.948341 -0.1043252 0.2996091 0.9811255 -0.08251273 0.1748844 -0.4833733 -0.02517127 0.8750525 -0.5312274 -0.01718652 0.8470551 -0.5390946 -0.0158413 0.8420963 0 -1 0 0 1 0 0 1 0 0 1 0 0 1 0 0 1 0 0 1 0 0.9073932 -0.149645 -0.3927392 0.9315401 -0.1612229 -0.3259453 0.9022051 -0.1473271 -0.4053651 -0.9488046 -0.1106401 0.2958524 -0.9826787 -0.08819991 0.1629828 -0.9877055 -0.08289605 0.1325376 0 1 0 0 1 0 0 1 0 0 1 0 0 1 0 0 1 0 0.4777507 -0.01642686 0.8783419 0.4781149 -0.01637172 0.8781448 0.4776892 -0.01643615 0.8783752 -0.7816119 -0.09305149 -0.6167855 -0.5088279 -0.1773168 -0.8424091 -0.813687 -0.07933253 -0.5758644 -0.4398831 -0.06607705 -0.8956208 -0.4722201 -0.07168942 -0.8785607 -0.4769567 -0.07251268 -0.8759306 -0.4952188 -0.03848403 -0.8679156 -0.4454839 -0.03155475 -0.8947338 -0.4402979 -0.03083783 -0.8973221 -0.51588 -0.1109365 -0.8494476 -0.548841 -0.1009008 -0.8298149 -0.5098829 -0.1127179 -0.8528272 -0.3900614 -0.05052626 -0.9194015 -0.5267122 -0.07763522 -0.846491 -0.5518707 -0.08270359 -0.8298187 -0.7541959 0.003080308 -0.6566423 -0.4201233 0.04593747 -0.9063037 -0.3923463 0.04880225 -0.9185222 0.4844451 0.05794548 0.8729006 0.5356599 0.06721937 0.8417542 0.4774473 0.05668663 0.87683 0.5365932 0.05187278 0.8422453 0.4469903 0.0416941 0.8935667 0.5445675 0.05278354 0.8370546 0.4208956 0.03822332 0.9063035 0.2898997 0.01656609 0.9569137 0.4385352 0.04119002 0.8977696 0.2969827 8.92079e-4 0.9548825 0.4094662 0.02284002 0.9120393 0.2814383 -0.002075433 0.9595772 0.4670029 0.1113491 0.877217 0.4352501 0.1171588 0.892654 0.4327734 0.1176015 0.8937993 -0.9626036 0.02795988 0.2694671 -0.9494702 0.02108561 0.3131482 -0.9471033 0.01994431 0.3203089 -0.9659681 -0.02562415 0.257389 -0.9688026 -0.02839696 0.2462019 -0.9654083 -0.02509135 0.2595328 -0.8448281 0.01804733 0.5347336 -0.9531649 0.06974053 0.2943008 -0.9706744 0.0828529 0.2256694 -0.8874838 0.05242735 0.4578471 -0.8208095 0.02994912 0.5704164 -0.8091086 0.02639609 0.5870659 -0.9818639 0.100242 0.1609187 -0.908902 0.06278842 0.4122558 -0.8968206 0.058335 0.4385317 0.9121789 -0.07271432 -0.4032892 0.9402887 -0.05121195 -0.3365033 0.9462906 -0.04595863 -0.3200342 0.9264991 -0.007511556 -0.376222 0.9074569 -0.02027153 -0.4196562 0.9042891 -0.02225762 -0.4263404 0.9360237 -0.001088619 -0.3519356 0.962415 -0.01504957 -0.2711662 0.9301141 0.001614332 -0.3672671 0.9720517 0.00493896 -0.234715 0.9930666 -0.01274991 -0.11686 0.9666982 0.008149743 -0.2557895 0.9915567 0.05056297 -0.1194097 0.9369356 0.07934927 -0.3403754 0.9942851 0.04736351 -0.09567642 -0.4651108 0.053411 0.8836398 -0.4759247 0.05532699 0.877744 -0.4774768 0.05560237 0.8768833 -0.1182795 0.01289361 0.9928967 -0.4284496 0.05932849 0.9016158 -0.4603057 0.06412947 0.8854412 -0.3983526 0.1178618 0.9096284 -0.1079783 0.05225145 0.9927792 -0.0714972 0.04382497 0.9964777 -0.4953967 0.04520636 0.8674899 -0.6907914 -0.004470586 0.7230403 -0.4572769 0.05379158 0.8876961 -0.7175754 0.06589168 0.693357 -0.5555499 0.105203 0.824801 -0.7277733 0.06300973 0.6829172 0.9290006 0.03580701 0.3683419 0.8039063 -0.007270991 0.5947116 0.9463692 0.04412418 0.3200603 0.7858788 0.02592867 0.6178369 0.854668 0.04530096 0.5171949 0.7745052 0.02298295 0.6321499 0.8897374 -0.01577377 0.4562001 0.9744024 0.02996575 0.2228052 0.865339 -0.02504694 0.5005608 0.9994798 -0.006177425 0.03165262 0.988319 0.02731448 0.1499314 0.9839253 0.03450447 0.1752161 0.9848828 0.09151703 0.1470733 0.9981563 0.05744904 0.01958918 0.9986267 0.05238395 9.23019e-4 0.4633634 -0.08534997 -0.8820486 0.3765904 -0.06951099 -0.9237684 0.4763718 -0.08772385 -0.8748569 0.3721864 -0.04475504 -0.9270784 0.3567674 -0.04227244 -0.9332364 0.3737806 -0.04501193 -0.9264244 0.3730045 -0.07110518 -0.925101 0.5087672 -0.09691691 -0.8554316 0.3490207 -0.06654489 -0.9347493 0.4832822 -0.06129568 -0.8733163 0.5214465 -0.05164146 -0.8517199 0.5268304 -0.05024915 -0.8484839 0.8002986 0.06933814 -0.5955792 0.5068423 1.85971e-4 -0.8620389 0.475639 -0.006197214 -0.8796188 -0.9782829 -0.02271443 -0.2060264 -0.9528429 -0.008206129 -0.3033531 -0.9472769 -0.005611896 -0.3203673 -0.8980298 -0.01160448 -0.4397817 -0.9741538 -0.04520666 -0.2213162 -0.9815158 -0.05044263 -0.1846145 -0.8936069 -0.07031136 -0.4433092 -0.8797478 -0.06381011 -0.4711392 -0.8766663 -0.06241029 -0.4770337 -0.9140499 -0.04728055 -0.4028366 -0.9717046 0.009302496 -0.2360163 -0.8970869 -0.05956023 -0.4378215 -0.9688048 0.09157544 -0.2302849 -0.9605524 0.08402234 -0.2651028 -0.9695322 0.09229737 -0.2269109 -0.1574101 0.9352028 -0.3172032 -0.15648 0.9335368 -0.3225261 -0.1563013 0.9332143 -0.3235445 -0.1845929 -0.513562 -0.8379616 -0.08699774 -0.8151245 -0.5727158 -0.07038962 -0.8497841 -0.5224101 -0.08664888 -0.9763337 0.1981527 -0.1043252 -0.948341 0.2996091 -0.08251267 -0.9811255 0.1748845 -0.02517139 0.4833734 0.8750523 -0.01718664 0.5312272 0.8470551 -0.01584142 0.5390944 0.8420965 -1 -2.29771e-6 0 -1 -9.12231e-7 0 -1 -3.60143e-6 0 1 0 0 1 0 0 1 0 0 1 0 0 1 0 0 1 0 0 -1 0 0 -0.149645 -0.9073932 -0.3927391 -0.1612228 -0.9315401 -0.3259451 -0.1473271 -0.9022052 -0.405365 -0.1106402 0.9488046 0.2958524 -0.08820003 0.9826787 0.1629827 -0.08289617 0.9877055 0.1325376 -1 3.66194e-6 0 -1 2.08982e-6 0 -1 5.30397e-6 0 1 0 0 1 0 0 1 0 0 1 0 0 1 0 0 1 0 0 -1 -2.29772e-6 0 -1 3.52308e-6 0 -0.01642686 -0.4777505 0.878342 -0.01637172 -0.4781149 0.8781447 -0.01643615 -0.4776889 0.8783753 -0.09305149 0.7816118 -0.6167855 -0.1773169 0.5088276 -0.8424092 -0.07933259 0.813687 -0.5758645 -0.06607717 0.4398832 -0.8956209 -0.07168936 0.47222 -0.8785608 -0.07251262 0.4769566 -0.8759306 -0.03848403 0.4952183 -0.8679158 -0.03155475 0.445484 -0.8947336 -0.03083783 0.4402981 -0.897322 -0.1109364 0.5158802 -0.8494473 -0.1009007 0.5488409 -0.8298149 -0.1127178 0.5098834 -0.8528269 -0.0505262 0.3900613 -0.9194016 -0.07763528 0.5267122 -0.846491 -0.08270359 0.5518707 -0.8298186 0.003080308 0.7541959 -0.6566423 0.04593747 0.4201232 -0.9063037 0.04880219 0.3923462 -0.9185221 0.05794548 -0.4844443 0.872901 0.06721937 -0.5356607 0.8417537 0.05668669 -0.4774463 0.8768305 0.05187273 -0.5365932 0.8422452 0.0416941 -0.4469902 0.8935667 0.05278354 -0.5445675 0.8370546 0.03822326 -0.4208961 0.9063032 0.01656609 -0.2898995 0.9569137 0.04119002 -0.4385358 0.8977694 8.92046e-4 -0.2969828 0.9548825 0.02284008 -0.4094663 0.9120393 -0.002075493 -0.2814383 0.9595771 0.1113491 -0.4670028 0.8772171 0.1171588 -0.4352499 0.8926542 0.1176014 -0.4327732 0.8937994 0.02795976 0.9626036 0.269467 0.02108556 0.9494701 0.3131486 0.01994425 0.947103 0.3203094 -0.02562427 0.9659682 0.2573885 -0.02839702 0.9688025 0.2462019 -0.02509146 0.9654085 0.2595322 0.01804721 0.8448283 0.5347332 0.06974041 0.9531649 0.2943008 0.08285272 0.9706744 0.2256695 0.05242729 0.8874838 0.4578469 0.029949 0.8208093 0.5704166 0.02639603 0.8091086 0.5870662 0.1002419 0.9818639 0.1609187 0.0627883 0.9089019 0.4122558 0.05833488 0.8968206 0.4385318 -0.07271426 -0.9121789 -0.4032897 -0.05121183 -0.9402887 -0.3365035 -0.04595851 -0.9462906 -0.3200343 -0.007511436 -0.9264993 -0.3762219 -0.02027142 -0.9074573 -0.4196553 -0.0222575 -0.9042895 -0.4263393 -0.001088619 -0.9360235 -0.3519357 -0.01504945 -0.9624151 -0.2711657 0.001614391 -0.930114 -0.3672674 0.004939079 -0.9720516 -0.2347155 -0.01274979 -0.9930666 -0.1168599 0.008149862 -0.9666981 -0.25579 0.05056297 -0.9915567 -0.1194097 0.07934939 -0.9369356 -0.3403753 0.04736351 -0.9942851 -0.09567648 0.05341094 0.4651115 0.8836394 0.05532693 0.4759239 0.8777446 0.05560225 0.4774757 0.8768839 0.01289355 0.1182798 0.9928967 0.05932837 0.4284492 0.901616 0.06412935 0.4603052 0.8854414 0.1178616 0.3983525 0.9096285 0.05225151 0.1079784 0.9927792 0.04382497 0.07149726 0.9964776 0.0452063 0.4953966 0.8674899 -0.004470646 0.6907914 0.7230403 0.05379152 0.4572769 0.8876962 0.06589162 0.7175754 0.693357 0.105203 0.55555 0.8248009 0.06300961 0.7277734 0.6829171 0.03580707 -0.9290004 0.3683425 -0.007270872 -0.8039066 0.5947112 0.04412424 -0.9463689 0.320061 0.02592873 -0.7858787 0.6178371 0.04530102 -0.8546679 0.5171951 0.02298295 -0.7745051 0.6321501 -0.01577365 -0.8897374 0.4562003 0.02996581 -0.9744024 0.2228053 -0.02504688 -0.8653389 0.500561 -0.006177365 -0.9994798 0.03165274 0.0273146 -0.988319 0.1499315 0.03450453 -0.9839253 0.1752161 0.09151703 -0.9848829 0.1470732 0.05744916 -0.9981563 0.01958924 0.05238401 -0.9986266 9.23112e-4 -0.08534985 -0.4633636 -0.8820486 -0.06951093 -0.3765899 -0.9237685 -0.08772367 -0.4763721 -0.8748567 -0.04475498 -0.3721866 -0.9270784 -0.04227244 -0.3567675 -0.9332364 -0.04501187 -0.3737807 -0.9264243 -0.07110506 -0.3730041 -0.9251011 -0.09691679 -0.5087675 -0.8554313 -0.06654471 -0.3490203 -0.9347496 -0.06129562 -0.4832824 -0.8733162 -0.05164134 -0.5214465 -0.8517199 -0.05024909 -0.5268304 -0.8484838 0.06933826 -0.8002985 -0.5955793 1.86068e-4 -0.5068422 -0.8620389 -0.006197154 -0.4756389 -0.8796188 -0.02271455 0.9782828 -0.2060265 -0.008206188 0.9528428 -0.3033536 -0.005611956 0.9472766 -0.3203679 -0.01160454 0.8980299 -0.4397816 -0.04520666 0.9741538 -0.2213162 -0.05044269 0.9815157 -0.1846145 -0.07031142 0.8936069 -0.4433095 -0.06381016 0.8797479 -0.4711389 -0.06241035 0.8766666 -0.4770334 -0.0472806 0.91405 -0.4028366 0.009302496 0.9717047 -0.2360163 -0.05956035 0.8970869 -0.4378215 0.09157538 0.9688048 -0.2302849 0.08402234 0.9605524 -0.2651029 0.09229731 0.9695322 -0.2269109 0.9352028 0.1574102 -0.3172031 0.9335368 0.15648 -0.3225262 0.9332144 0.1563013 -0.3235445 -0.5135619 0.1845929 -0.8379616 -0.8151245 0.08699768 -0.5727159 -0.849784 0.0703895 -0.5224102 -0.9763337 0.08664882 0.1981527 -0.948341 0.1043251 0.2996091 -0.9811255 0.08251261 0.1748844 0.4833734 0.02517145 0.8750523 0.5312274 0.01718664 0.847055 0.5390947 0.01584142 0.8420963 0 1 0 1.50996e-7 -1 0 1.50996e-7 -1 0 1.50996e-7 -1 0 1.50996e-7 -1 0 1.50996e-7 -1 0 1.50996e-7 -1 0 -0.9073932 0.1496449 -0.3927392 -0.9315401 0.1612228 -0.3259454 -0.9022052 0.1473269 -0.4053651 0.9488046 0.1106403 0.2958524 0.9826787 0.08820015 0.1629828 0.9877055 0.08289629 0.1325377 1.50996e-7 -1 0 1.50996e-7 -1 0 1.50996e-7 -1 0 1.50996e-7 -1 0 1.50996e-7 -1 0 1.50996e-7 -1 0 -0.477751 0.0164268 0.8783419 -0.4781149 0.01637172 0.8781448 -0.4776894 0.0164361 0.8783751 0.7816116 0.09305155 -0.6167858 0.5088273 0.1773169 -0.8424094 0.8136869 0.07933264 -0.5758648 0.4398832 0.06607711 -0.8956208 0.4722203 0.07168942 -0.8785606 0.4769568 0.07251268 -0.8759304 0.4952185 0.03848403 -0.8679158 0.4454848 0.03155475 -0.8947333 0.4402989 0.03083783 -0.8973216 0.5158801 0.1109365 -0.8494474 0.5488412 0.1009008 -0.8298148 0.5098831 0.1127178 -0.852827 0.3900611 0.05052626 -0.9194017 0.5267126 0.07763528 -0.8464908 0.5518711 0.08270364 -0.8298184 0.754196 -0.003080248 -0.6566421 0.4201233 -0.04593753 -0.9063036 0.3923463 -0.04880225 -0.918522 -0.4844449 -0.05794548 0.8729006 -0.5356598 -0.06721937 0.8417542 -0.477447 -0.05668669 0.8768301 -0.536593 -0.05187278 0.8422454 -0.4469899 -0.0416941 0.8935668 -0.5445672 -0.05278354 0.8370546 -0.4208957 -0.03822326 0.9063035 -0.2898997 -0.01656609 0.9569137 -0.4385352 -0.04119002 0.8977696 -0.2969827 -8.92042e-4 0.9548825 -0.4094662 -0.02284002 0.9120395 -0.2814382 0.002075493 0.9595771 -0.4670033 -0.1113491 0.8772169 -0.4352502 -0.1171588 0.892654 -0.4327735 -0.1176015 0.8937992 0.9626036 -0.0279597 0.2694672 0.9494702 -0.0210855 0.3131482 0.9471032 -0.01994419 0.3203089 0.9659681 0.02562439 0.2573888 0.9688025 0.02839708 0.2462019 0.9654083 0.02509158 0.2595326 0.8448282 -0.01804715 0.5347334 0.9531649 -0.06974035 0.2943009 0.9706744 -0.08285266 0.2256696 0.8874838 -0.05242717 0.4578472 0.8208094 -0.02994894 0.5704166 0.8091086 -0.02639591 0.5870662 0.981864 -0.1002418 0.1609186 0.9089019 -0.06278818 0.4122559 0.8968205 -0.05833476 0.4385319 -0.9121789 0.0727142 -0.4032893 -0.9402887 0.05121171 -0.3365033 -0.9462907 0.04595834 -0.3200342 -0.9264991 0.007511317 -0.3762221 -0.9074569 0.02027136 -0.4196559 -0.9042891 0.02225744 -0.4263401 -0.9360235 0.0010885 -0.3519357 -0.962415 0.01504933 -0.2711662 -0.9301141 -0.001614451 -0.3672672 -0.9720517 -0.004939138 -0.234715 -0.9930666 0.01274979 -0.1168599 -0.9666982 -0.008149921 -0.2557895 -0.9915568 -0.05056315 -0.1194098 -0.9369356 -0.07934951 -0.3403755 -0.9942851 -0.04736363 -0.09567642 0.4651109 -0.05341088 0.8836398 0.475924 -0.05532681 0.8777446 0.477476 -0.05560219 0.8768838 0.1182798 -0.01289349 0.9928967 0.4284492 -0.05932831 0.9016162 0.4603051 -0.06412929 0.8854416 0.3983527 -0.1178616 0.9096284 0.1079784 -0.05225139 0.9927792 0.0714972 -0.04382485 0.9964777 0.4953968 -0.04520624 0.8674897 0.6907916 0.004470765 0.7230402 0.4572771 -0.05379146 0.887696 0.7175754 -0.06589144 0.693357 0.5555502 -0.1052029 0.8248009 0.7277732 -0.06300956 0.6829173 -0.9290006 -0.03580713 0.3683419 -0.8039063 0.007270872 0.5947115 -0.9463692 -0.0441243 0.3200603 -0.7858789 -0.02592879 0.6178368 -0.8546681 -0.04530107 0.5171946 -0.7745053 -0.02298301 0.6321498 -0.8897376 0.01577359 0.4562 -0.9744023 -0.02996593 0.2228052 -0.8653391 0.02504676 0.5005606 -0.9994798 0.006177306 0.03165262 -0.9883191 -0.0273146 0.1499314 -0.9839253 -0.03450459 0.1752161 -0.9848828 -0.09151709 0.1470733 -0.9981563 -0.05744928 0.01958918 -0.9986267 -0.05238413 9.23019e-4 -0.4633638 0.08534991 -0.8820484 -0.3765904 0.06951087 -0.9237684 -0.4763722 0.08772373 -0.8748565 -0.3721864 0.04475492 -0.9270784 -0.3567674 0.04227226 -0.9332363 -0.3737806 0.04501181 -0.9264244 -0.3730043 0.07110506 -0.925101 -0.5087674 0.09691667 -0.8554314 -0.3490206 0.06654477 -0.9347495 -0.4832821 0.0612955 -0.8733162 -0.5214467 0.05164128 -0.8517198 -0.5268307 0.05024904 -0.8484837 -0.8002988 -0.06933832 -0.5955789 -0.5068425 -1.86193e-4 -0.8620387 -0.4756389 0.006197035 -0.8796188 0.9782828 0.02271461 -0.2060264 0.9528429 0.008206248 -0.3033531 0.9472769 0.005612015 -0.3203673 0.8980298 0.0116046 -0.4397817 0.9741538 0.04520678 -0.2213164 0.9815157 0.05044275 -0.1846147 0.8936068 0.07031148 -0.4433094 0.8797478 0.06381022 -0.4711393 0.8766663 0.06241047 -0.4770338 0.9140498 0.04728066 -0.4028369 0.9717047 -0.009302437 -0.2360162 0.8970869 0.05956035 -0.4378218 0.9688048 -0.09157538 -0.2302849 0.9605524 -0.08402228 -0.2651026 0.9695322 -0.09229725 -0.226911 0.15741 -0.9352028 -0.3172031 0.1564798 -0.9335368 -0.322526 0.1563011 -0.9332145 -0.3235442 0.184593 0.513562 -0.8379616 0.08699774 0.8151245 -0.5727158 0.07038962 0.8497841 -0.5224102 0.086649 0.9763337 0.1981529 0.1043252 0.9483411 0.299609 0.08251279 0.9811254 0.1748847 0.02517133 -0.4833732 0.8750524 0.01718658 -0.531227 0.8470553 0.01584136 -0.5390942 0.8420965 1 -2.29772e-6 0 1 -9.12231e-7 0 1 -3.60143e-6 0 -1 0 0 -1 0 0 -1 0 0 -1 0 0 -1 0 0 -1 0 0 1 3.66194e-6 0 1 2.08982e-6 0 1 0 0 0.149645 0.9073932 -0.3927392 0.1612229 0.9315401 -0.3259452 0.1473271 0.9022051 -0.405365 0.1106401 -0.9488046 0.2958524 0.08819997 -0.9826787 0.1629828 0.08289611 -0.9877055 0.1325376 -1 0 0 -1 0 0 -1 0 0 -1 0 0 -1 0 0 -1 0 0 1 -2.29771e-6 0 1 3.52308e-6 0 0.01642692 0.4777508 0.8783418 0.01637184 0.478115 0.8781447 0.01643621 0.4776893 0.8783751 0.09305143 -0.7816118 -0.6167855 0.1773168 -0.5088277 -0.8424093 0.07933253 -0.813687 -0.5758645 0.06607711 -0.4398832 -0.8956209 0.07168936 -0.4722201 -0.8785607 0.07251262 -0.4769567 -0.8759306 0.03848397 -0.4952184 -0.8679158 0.03155475 -0.4454842 -0.8947337 0.03083777 -0.4402981 -0.8973219 0.1109364 -0.5158803 -0.8494473 0.1009007 -0.5488409 -0.8298149 0.1127178 -0.5098834 -0.8528269 0.05052626 -0.3900613 -0.9194017 0.07763522 -0.5267123 -0.8464909 0.08270353 -0.5518708 -0.8298186 -0.003080368 -0.7541959 -0.6566423 -0.04593753 -0.4201233 -0.9063037 -0.04880231 -0.3923463 -0.9185221 -0.05794543 0.4844443 0.872901 -0.06721937 0.5356606 0.8417537 -0.05668658 0.4774463 0.8768305 -0.05187273 0.5365932 0.8422453 -0.04169404 0.4469903 0.8935667 -0.05278348 0.5445675 0.8370545 -0.03822326 0.4208961 0.9063033 -0.01656603 0.2898995 0.9569137 -0.04118996 0.4385357 0.8977693 -8.92064e-4 0.296983 0.9548824 -0.02283996 0.4094663 0.9120393 0.002075493 0.2814385 0.959577 -0.1113491 0.4670031 0.8772169 -0.1171588 0.4352501 0.892654 -0.1176014 0.4327734 0.8937993 -0.02795982 -0.9626036 0.2694669 -0.02108567 -0.9494702 0.3131485 -0.01994431 -0.9471032 0.3203093 0.02562421 -0.9659681 0.2573888 0.02839696 -0.9688025 0.2462021 0.0250914 -0.9654083 0.2595326 -0.01804733 -0.8448282 0.5347332 -0.06974053 -0.9531649 0.294301 -0.0828529 -0.9706744 0.2256697 -0.05242735 -0.8874838 0.4578469 -0.02994912 -0.8208092 0.5704168 -0.02639609 -0.8091084 0.5870664 -0.100242 -0.9818639 0.1609187 -0.06278836 -0.9089019 0.4122558 -0.05833494 -0.8968205 0.4385318 0.07271438 0.9121786 -0.40329 0.05121189 0.9402886 -0.3365038 0.04595857 0.9462906 -0.3200346 0.007511556 0.9264991 -0.3762222 0.02027153 0.9074569 -0.4196557 0.02225756 0.9042893 -0.4263399 0.001088678 0.9360235 -0.3519357 0.01504957 0.9624149 -0.2711661 -0.001614272 0.930114 -0.3672673 -0.00493896 0.9720517 -0.2347152 0.01274991 0.9930666 -0.11686 -0.008149743 0.9666982 -0.2557897 -0.05056291 0.9915567 -0.1194097 -0.07934927 0.9369357 -0.3403754 -0.04736346 0.9942851 -0.09567648 -0.053411 -0.4651114 0.8836394 -0.05532693 -0.4759238 0.8777446 -0.05560231 -0.4774757 0.8768839 -0.01289355 -0.1182797 0.9928967 -0.05932843 -0.4284493 0.901616 -0.06412935 -0.4603053 0.8854414 -0.1178617 -0.3983525 0.9096285 -0.05225145 -0.1079784 0.9927792 -0.04382497 -0.07149726 0.9964776 -0.0452063 -0.4953966 0.8674899 0.004470586 -0.6907915 0.7230402 -0.05379158 -0.4572768 0.8876962 -0.06589162 -0.7175754 0.693357 -0.105203 -0.5555499 0.824801 -0.06300967 -0.7277733 0.6829171 -0.03580701 0.9290004 0.3683425 0.007270932 0.8039064 0.5947116 -0.04412418 0.9463689 0.320061 -0.02592861 0.7858788 0.6178368 -0.0453009 0.8546679 0.517195 -0.02298289 0.7745053 0.6321498 0.01577371 0.8897374 0.4562001 -0.02996575 0.9744024 0.2228051 0.02504694 0.865339 0.5005609 0.006177484 0.9994798 0.03165268 -0.02731448 0.988319 0.1499313 -0.03450447 0.9839252 0.1752158 -0.09151703 0.9848828 0.1470732 -0.0574491 0.9981563 0.0195893 -0.05238395 0.9986267 9.23152e-4 0.08534991 0.4633633 -0.8820487 0.06951093 0.3765898 -0.9237686 0.08772373 0.4763718 -0.8748568 0.04475504 0.3721866 -0.9270783 0.04227238 0.3567676 -0.9332363 0.04501193 0.3737807 -0.9264243 0.07110512 0.3730041 -0.9251012 0.09691679 0.5087675 -0.8554313 0.06654477 0.3490203 -0.9347496 0.06129568 0.4832823 -0.8733162 0.0516414 0.5214465 -0.8517199 0.05024909 0.5268304 -0.8484838 -0.06933814 0.8002985 -0.5955794 -1.86022e-4 0.5068422 -0.8620389 0.006197154 0.4756389 -0.8796188 0.02271443 -0.9782828 -0.2060266 0.008206069 -0.9528427 -0.3033536 0.005611896 -0.9472766 -0.3203679 0.01160448 -0.8980298 -0.4397817 0.0452066 -0.9741538 -0.2213161 0.05044257 -0.9815157 -0.1846144 0.0703113 -0.8936067 -0.4433096 0.06381005 -0.8797479 -0.471139 0.06241023 -0.8766666 -0.4770334 0.04728055 -0.9140499 -0.4028365 -0.009302616 -0.9717047 -0.2360163 0.05956023 -0.897087 -0.4378213 -0.0915755 -0.9688048 -0.2302849 -0.08402234 -0.9605524 -0.2651026 -0.09229743 -0.9695322 -0.226911 -0.772594 0.5499824 -0.3172032 -0.7707582 0.549462 -0.3225265 -0.7704038 0.5493603 -0.3235449 0.2326162 -0.4936702 -0.8379616 0.5148637 -0.6378968 -0.5727155 0.5511155 -0.650661 -0.5224097 0.6291021 -0.7516422 0.1981532 0.5968093 -0.7443474 0.2996091 0.6354151 -0.7521057 0.1748851 -0.3595953 0.3239977 0.8750524 -0.3877872 0.3634818 0.847055 -0.392399 0.369996 0.8420963 -0.7071061 -0.7071076 -6.44688e-7 -0.7071061 -0.7071075 -1.32981e-6 -0.7071059 -0.7071077 0 0.7071068 0.7071068 0 0.7071067 0.7071068 0 0.7071068 0.7071068 0 0.7071067 0.707107 0 0.7071068 0.7071068 0 0.7071068 0.7071068 0 -0.7071064 -0.7071073 0 -0.7071052 -0.7071084 0 -0.7071037 -0.7071099 0 0.5358087 -0.7474388 -0.3927396 0.5446965 -0.7727001 -0.3259453 0.5337791 -0.7421312 -0.4053654 -0.7491405 0.5926718 0.2958526 -0.7572257 0.6324919 0.162983 -0.7570298 0.6397967 0.1325379 -0.7071099 -0.7071038 0 -0.7071082 -0.7071053 0 -0.7071115 -0.7071021 0 0.7071068 0.7071068 0 0.7071068 0.7071068 0 0.7071067 0.7071069 0 0.7071067 0.7071068 0 0.7071068 0.7071068 0 0.7071068 0.7071068 0 -0.7071075 -0.7071061 0 -0.7071073 -0.7071064 0 -0.7071065 -0.7071071 0 0.3262052 -0.3494363 0.8783419 0.3265017 -0.3496549 0.8781448 0.3261551 -0.3493995 0.8783751 -0.6184808 0.4868857 -0.6167851 -0.4851773 0.2344134 -0.8424092 -0.6314607 0.519267 -0.5758639 -0.357768 0.2643204 -0.8956209 -0.3846023 0.2832181 -0.8785606 -0.3885337 0.2859854 -0.8759304 -0.3773843 0.3229598 -0.867916 -0.3373174 0.2926923 -0.8947337 -0.3331434 0.2895323 -0.8973219 -0.4432255 0.286337 -0.8494484 -0.4594365 0.3167413 -0.8298151 -0.4402444 0.2808367 -0.8528281 -0.3115424 0.2400876 -0.9194016 -0.4273383 0.3175454 -0.846491 -0.4487119 0.3317512 -0.8298187 -0.5311189 0.5354756 -0.6566419 -0.2645896 0.3295549 -0.9063035 -0.2429226 0.3119392 -0.918522 0.3835273 -0.3015801 0.8729011 0.4262999 -0.3312373 0.8417543 0.3776889 -0.297522 0.8768306 0.4161084 -0.342749 0.8422452 0.345551 -0.286587 0.8935673 0.4223911 -0.3477436 0.8370544 0.3246465 -0.2705906 0.9063032 0.2167035 -0.1932755 0.9569139 0.3392175 -0.2809661 0.8977693 0.2106292 -0.2093676 0.9548825 0.3056867 -0.2733861 0.9120393 0.1975392 -0.2004744 0.9595772 0.4089564 -0.2514852 0.8772172 0.3906124 -0.2249246 0.892654 0.3891742 -0.2228603 0.8937991 -0.6608931 0.7004338 0.2694678 -0.6564678 0.6862868 0.3131464 -0.6556013 0.6838061 0.3203067 -0.7011616 0.6649237 0.2573887 -0.7051259 0.6649671 0.246204 -0.7003892 0.6649047 0.2595321 -0.5846226 0.6101452 0.5347329 -0.6246753 0.7233031 0.2943015 -0.6277846 0.744956 0.2256705 -0.5904743 0.6646176 0.4578468 -0.5592229 0.6015774 0.570416 -0.5534616 0.5907914 0.5870656 -0.6234008 0.7651644 0.1609188 -0.5982926 0.6870889 0.4122557 -0.5928988 0.6753969 0.4385317 0.5935907 -0.696425 -0.4032896 0.6286723 -0.7010965 -0.3365041 0.636631 -0.7016257 -0.320035 0.6498224 -0.6604452 -0.3762221 0.6273345 -0.6560027 -0.4196571 0.6236901 -0.655167 -0.4263413 0.6610986 -0.6626383 -0.3519364 0.6698884 -0.691172 -0.271166 0.6588313 -0.6565482 -0.3672681 0.6908367 -0.683852 -0.2347152 0.6931886 -0.7112197 -0.11686 0.6893215 -0.6777961 -0.2557897 0.7368899 -0.6653831 -0.1194097 0.7186218 -0.606405 -0.3403759 0.7365568 -0.6695747 -0.09567636 -0.2911162 0.3666508 0.8836395 -0.2974069 0.3756511 0.8777445 -0.2983095 0.3769432 0.8768839 -0.07451921 0.09275364 0.9928967 -0.261008 0.3449113 0.9016159 -0.2801389 0.3708317 0.8854413 -0.1983371 0.3650189 0.9096282 -0.03940486 0.1132999 0.9927791 -0.01956725 0.08154529 0.9964776 -0.3183324 0.3822637 0.8674901 -0.4916248 0.4853027 0.7230397 -0.2853069 0.3613795 0.8876965 -0.4608098 0.5539945 0.6933574 -0.3184435 0.4672232 0.8248007 -0.4700585 0.5591676 0.6829177 0.6822221 -0.6315836 0.3683412 0.563306 -0.5735892 0.5947116 0.7003847 -0.6379839 0.3200593 0.5740351 -0.5373662 0.6178361 0.6363748 -0.572309 0.517194 0.5639098 -0.5314069 0.6321491 0.617986 -0.6402936 0.4561989 0.7101952 -0.6678176 0.2228059 0.5941768 -0.6295986 0.5005594 0.7023708 -0.7111071 0.03165268 0.7181613 -0.6795328 0.1499315 0.7201384 -0.6713419 0.1752161 0.7611294 -0.6317049 0.1470744 0.7464258 -0.6651803 0.01958978 0.7431768 -0.6690945 9.23554e-4 0.2672957 -0.3879984 -0.8820489 0.2171381 -0.3154413 -0.9237683 0.2748155 -0.3988752 -0.8748572 0.2315292 -0.2948225 -0.9270782 0.2223821 -0.2821644 -0.9332361 0.2324748 -0.2961313 -0.9264242 0.2134749 -0.3140328 -0.925101 0.2912229 -0.4282842 -0.8554308 0.1997404 -0.293849 -0.9347496 0.2983894 -0.3850747 -0.8733164 0.3322023 -0.4052343 -0.85172 0.3369938 -0.4080568 -0.8484839 0.6149265 -0.5168672 -0.5955786 0.3585228 -0.35826 -0.862039 0.3319449 -0.3407095 -0.879619 -0.7078118 0.6756889 -0.206027 -0.6795648 0.6679582 -0.3033537 -0.6737948 0.6658566 -0.3203681 -0.6432085 0.6267976 -0.4397816 -0.7207966 0.6568646 -0.221317 -0.7297048 0.6583678 -0.1846155 -0.6815931 0.582158 -0.4433093 -0.667197 0.5769556 -0.4711376 -0.6640285 0.5757665 -0.4770317 -0.6797632 0.6128984 -0.402837 -0.680521 0.6936768 -0.2360162 -0.6764516 0.5922207 -0.4378218 -0.6202947 0.7498022 -0.2302848 -0.6198002 0.7386258 -0.2651029 -0.6202985 0.750827 -0.2269107 0.5499825 0.7725941 -0.3172031 0.5494623 0.7707582 -0.3225265 0.5493606 0.7704038 -0.3235448 -0.4936699 -0.232616 -0.8379617 -0.6378966 -0.5148633 -0.5727161 -0.6506609 -0.5511151 -0.5224103 -0.7516422 -0.6291021 0.1981529 -0.7443474 -0.5968092 0.2996092 -0.7521058 -0.6354151 0.1748847 0.3239978 0.3595955 0.8750524 0.3634817 0.3877871 0.847055 0.3699958 0.3923989 0.8420963 -0.7071075 0.7071061 0 -0.7071072 0.7071064 0 -0.7071077 0.7071059 0 0.7071068 -0.7071068 0 0.7071067 -0.7071068 0 0.7071068 -0.7071068 0 0.7071067 -0.707107 0 0.7071068 -0.7071068 0 0.7071068 -0.7071068 0 -0.707108 0.7071056 0 -0.7071071 0.7071065 0 -0.7071061 0.7071076 0 -0.7474388 -0.5358087 -0.3927394 -0.7727001 -0.5446966 -0.3259453 -0.7421312 -0.5337792 -0.4053653 0.5926718 0.7491406 0.2958526 0.632492 0.7572256 0.1629829 0.6397969 0.7570297 0.1325377 -0.7071053 0.7071084 0 -0.7071056 0.707108 0 -0.7071049 0.7071087 0 0.7071068 -0.7071068 0 0.7071068 -0.7071068 0 0.7071067 -0.7071069 0 0.7071067 -0.7071068 0 0.7071068 -0.7071068 0 0.7071068 -0.7071068 0 -0.7071072 0.7071065 -6.44686e-7 -0.7071066 0.7071071 -1.32981e-6 -0.7071047 0.7071089 -3.52307e-6 -0.3494362 -0.326205 0.878342 -0.349655 -0.3265017 0.8781448 -0.3493993 -0.3261549 0.8783753 0.4868857 0.6184805 -0.6167854 0.2344132 0.4851773 -0.8424093 0.519267 0.6314604 -0.5758643 0.2643211 0.3577684 -0.8956205 0.2832178 0.3846022 -0.8785608 0.2859848 0.3885335 -0.8759306 0.3229597 0.3773844 -0.867916 0.2926915 0.3373165 -0.8947342 0.2895314 0.3331423 -0.8973225 0.2863375 0.4432253 -0.8494482 0.3167418 0.4594371 -0.8298146 0.2808372 0.4402441 -0.8528281 0.2400875 0.3115425 -0.9194017 0.3175456 0.4273383 -0.8464909 0.3317515 0.4487119 -0.8298185 0.5354757 0.5311191 -0.6566417 0.329555 0.2645893 -0.9063035 0.3119394 0.2429224 -0.918522 -0.3015803 -0.3835276 0.872901 -0.3312373 -0.4262995 0.8417544 -0.2975222 -0.3776893 0.8768303 -0.3427485 -0.4161078 0.8422456 -0.2865879 -0.3455527 0.8935663 -0.3477431 -0.4223905 0.8370551 -0.2705901 -0.3246459 0.9063035 -0.1932759 -0.2167038 0.9569137 -0.2809655 -0.3392168 0.8977698 -0.2093675 -0.2106292 0.9548825 -0.273386 -0.3056867 0.9120393 -0.2004743 -0.1975392 0.9595772 -0.251485 -0.4089563 0.8772173 -0.2249246 -0.390612 0.892654 -0.2228603 -0.3891738 0.8937993 0.7004339 0.6608929 0.2694681 0.6862862 0.6564672 0.3131489 0.6838055 0.6556006 0.3203095 0.6649234 0.7011619 0.2573887 0.6649672 0.7051256 0.2462044 0.6649044 0.7003895 0.259532 0.6101453 0.5846227 0.5347328 0.7233032 0.6246755 0.294301 0.744956 0.6277847 0.2256701 0.6646178 0.5904741 0.4578468 0.6015775 0.5592231 0.5704157 0.5907915 0.5534617 0.5870652 0.7651643 0.6234008 0.1609196 0.6870888 0.5982927 0.4122558 0.6753969 0.5928989 0.4385317 -0.6964243 -0.5935908 -0.4032906 -0.7010973 -0.628672 -0.3365032 -0.7016267 -0.6366305 -0.3200336 -0.6604449 -0.6498223 -0.3762227 -0.6560035 -0.6273347 -0.4196555 -0.655168 -0.6236904 -0.4263394 -0.662639 -0.661099 -0.3519344 -0.6911719 -0.6698877 -0.2711675 -0.656549 -0.6588319 -0.3672654 -0.6838518 -0.6908369 -0.2347151 -0.7112197 -0.6931884 -0.1168605 -0.6777959 -0.6893218 -0.2557896 -0.665383 -0.73689 -0.1194103 -0.6064053 -0.7186222 -0.3403748 -0.6695746 -0.7365568 -0.09567695 0.3666504 0.2911158 0.8836397 0.3756519 0.2974074 0.8777441 0.3769441 0.2983102 0.8768833 0.09275352 0.07451933 0.9928967 0.3449109 0.2610077 0.901616 0.3708312 0.2801385 0.8854416 0.365018 0.1983368 0.9096288 0.1132996 0.03940486 0.9927792 0.08154511 0.01956725 0.9964776 0.3822635 0.3183321 0.8674904 0.4853022 0.4916245 0.7230402 0.3613793 0.2853066 0.8876966 0.5539948 0.46081 0.693357 0.4672232 0.3184438 0.8248007 0.5591679 0.4700587 0.6829173 -0.6315833 -0.6822216 0.3683425 -0.5735892 -0.563306 0.5947117 -0.6379836 -0.7003841 0.3200609 -0.5373653 -0.5740342 0.6178376 -0.5723087 -0.6363741 0.5171951 -0.5314061 -0.5639089 0.6321507 -0.6402935 -0.6179854 0.4562 -0.6678177 -0.7101955 0.2228048 -0.6295983 -0.5941759 0.5005608 -0.7111072 -0.7023708 0.03165221 -0.6795328 -0.7181615 0.1499315 -0.6713417 -0.7201386 0.1752162 -0.6317048 -0.7611298 0.1470732 -0.6651805 -0.7464257 0.0195896 -0.6690947 -0.7431766 9.23572e-4 -0.3879992 -0.2672963 -0.8820484 -0.3154413 -0.2171378 -0.9237684 -0.3988762 -0.2748162 -0.8748566 -0.2948216 -0.2315288 -0.9270786 -0.2821645 -0.2223822 -0.9332361 -0.2961302 -0.2324742 -0.9264246 -0.3140332 -0.2134755 -0.9251008 -0.4282832 -0.2912223 -0.8554316 -0.2938497 -0.1997412 -0.9347491 -0.3850747 -0.2983895 -0.8733162 -0.4052345 -0.3322026 -0.8517197 -0.408057 -0.3369941 -0.8484838 -0.5168666 -0.6149256 -0.5955799 -0.3582599 -0.358523 -0.8620389 -0.3407095 -0.3319453 -0.8796189 0.6756888 0.7078121 -0.2060259 0.6679587 0.6795639 -0.3033546 0.6658573 0.6737936 -0.3203691 0.6267973 0.6432087 -0.4397814 0.6568649 0.7207968 -0.2213156 0.6583682 0.7297048 -0.1846139 0.5821579 0.681593 -0.4433095 0.5769553 0.6671962 -0.4711389 0.5757662 0.6640275 -0.4770333 0.6128985 0.6797638 -0.4028359 0.693677 0.680521 -0.2360163 0.5922207 0.6764523 -0.4378207 0.7498021 0.6202946 -0.2302857 0.7386258 0.6198003 -0.2651029 0.7508269 0.6202985 -0.2269117 0.772594 -0.5499825 -0.3172032 0.7707582 -0.5494622 -0.3225263 0.7704038 -0.5493605 -0.3235446 -0.2326163 0.4936702 -0.8379615 -0.5148631 0.6378967 -0.5727161 -0.551115 0.6506611 -0.5224103 -0.6291021 0.7516422 0.1981527 -0.5968093 0.7443474 0.299609 -0.6354151 0.7521058 0.1748845 0.3595954 -0.3239976 0.8750524 0.3877871 -0.3634815 0.8470551 0.3923988 -0.3699957 0.8420964 0.7071076 0.7071061 0 0.7071073 0.7071064 0 0.7071077 0.7071059 0 -0.7071067 -0.7071069 0 -0.7071067 -0.7071068 0 -0.7071067 -0.7071069 0 -0.7071068 -0.7071069 0 -0.7071068 -0.7071068 0 -0.7071068 -0.7071068 0 0.7071053 0.7071084 0 0.7071056 0.707108 0 0.7071062 0.7071075 0 -0.535809 0.7474389 -0.3927391 -0.5446966 0.7727001 -0.3259454 -0.5337795 0.7421314 -0.4053648 0.7491407 -0.5926716 0.2958525 0.7572257 -0.6324919 0.1629828 0.7570297 -0.6397967 0.1325376 0.7071063 0.7071073 0 0.7071052 0.7071084 0 0.7071075 0.7071061 0 -0.7071067 -0.707107 0 -0.7071067 -0.7071069 0 -0.7071065 -0.7071072 0 -0.7071067 -0.7071068 0 -0.7071067 -0.707107 0 -0.7071067 -0.7071069 0 0.7071063 0.7071073 0 0.7071068 0.7071069 0 0.7071081 0.7071055 0 -0.3262053 0.3494365 0.8783419 -0.3265016 0.3496549 0.8781448 -0.3261552 0.3493995 0.8783751 0.6184801 -0.4868859 -0.6167857 0.4851773 -0.2344133 -0.8424093 0.6314599 -0.5192672 -0.5758646 0.3577679 -0.2643205 -0.895621 0.3846026 -0.2832186 -0.8785603 0.3885341 -0.285986 -0.87593 0.3773834 -0.3229591 -0.8679167 0.3373171 -0.2926921 -0.8947337 0.3331432 -0.2895321 -0.897322 0.4432252 -0.2863374 -0.8494483 0.4594362 -0.3167414 -0.8298152 0.4402441 -0.2808372 -0.8528281 0.3115423 -0.2400876 -0.9194017 0.4273383 -0.3175454 -0.8464911 0.4487118 -0.3317512 -0.8298187 0.5311192 -0.5354751 -0.6566421 0.2645893 -0.3295548 -0.9063035 0.2429223 -0.3119392 -0.9185221 -0.3835283 0.3015806 0.8729005 -0.4263001 0.3312373 0.8417541 -0.37769 0.2975225 0.87683 -0.4161083 0.342749 0.8422453 -0.3455517 0.2865877 0.8935668 -0.4223909 0.3477436 0.8370544 -0.3246461 0.27059 0.9063036 -0.2167041 0.1932761 0.9569136 -0.3392169 0.2809652 0.8977698 -0.2106294 0.209368 0.9548824 -0.3056869 0.2733862 0.9120392 -0.1975394 0.2004748 0.959577 -0.4089564 0.2514849 0.8772172 -0.3906124 0.2249247 0.8926538 -0.3891742 0.2228605 0.8937991 0.6608939 -0.7004339 0.2694656 0.6564673 -0.6862861 0.3131487 0.6556005 -0.6838053 0.3203098 0.7011616 -0.6649239 0.2573882 0.7051264 -0.6649672 0.246202 0.700389 -0.6649048 0.2595319 0.584622 -0.610145 0.5347338 0.6246752 -0.7233032 0.2943018 0.6277844 -0.7449561 0.2256706 0.5904743 -0.6646175 0.4578469 0.5592226 -0.6015766 0.5704171 0.5534612 -0.5907905 0.5870668 0.6234009 -0.7651643 0.1609189 0.5982929 -0.6870888 0.4122556 0.5928991 -0.6753969 0.4385315 -0.5935907 0.6964249 -0.4032895 -0.6286725 0.7010968 -0.336503 -0.6366313 0.7016261 -0.3200336 -0.6498222 0.6604449 -0.3762229 -0.6273351 0.6560028 -0.4196559 -0.6236909 0.6551673 -0.4263399 -0.661099 0.6626385 -0.3519352 -0.6698885 0.6911719 -0.2711657 -0.6588317 0.6565486 -0.3672667 -0.6908369 0.6838521 -0.234714 -0.6931886 0.7112197 -0.1168603 -0.6893218 0.6777963 -0.2557883 -0.73689 0.6653827 -0.1194108 -0.7186222 0.6064053 -0.3403745 -0.736557 0.6695743 -0.09567761 0.2911164 -0.3666508 0.8836393 0.2974077 -0.3756515 0.8777441 0.2983104 -0.3769437 0.8768833 0.07451921 -0.09275346 0.9928967 0.2610073 -0.3449101 0.9016165 0.280138 -0.3708304 0.885442 0.1983376 -0.365019 0.9096281 0.03940504 -0.1132997 0.9927791 0.01956737 -0.08154505 0.9964776 0.3183327 -0.3822642 0.8674898 0.4916247 -0.485302 0.7230403 0.2853074 -0.3613802 0.8876959 0.4608099 -0.5539948 0.6933571 0.3184434 -0.4672229 0.824801 0.4700587 -0.559168 0.6829173 -0.6822212 0.6315832 0.3683436 -0.5633065 0.5735893 0.5947111 -0.7003837 0.6379835 0.3200623 -0.5740343 0.5373651 0.6178376 -0.6363742 0.5723085 0.5171951 -0.5639091 0.5314058 0.6321507 -0.6179859 0.6402931 0.4561997 -0.7101954 0.6678178 0.2228048 -0.5941764 0.6295979 0.5005606 -0.7023708 0.7111071 0.03165364 -0.7181615 0.6795328 0.1499306 -0.7201389 0.6713419 0.1752148 -0.7611298 0.6317048 0.1470739 -0.7464258 0.6651803 0.01958984 -0.7431768 0.6690945 9.23693e-4 -0.2672963 0.3879988 -0.8820487 -0.2171376 0.3154404 -0.9237687 -0.2748161 0.3988757 -0.8748567 -0.2315286 0.2948215 -0.9270787 -0.222382 0.2821645 -0.9332361 -0.232474 0.2961303 -0.9264248 -0.2134754 0.3140335 -0.9251006 -0.2912218 0.428283 -0.8554318 -0.1997412 0.29385 -0.934749 -0.29839 0.3850751 -0.8733159 -0.3322023 0.4052339 -0.8517201 -0.3369936 0.4080564 -0.8484841 -0.614926 0.5168668 -0.5955793 -0.3585236 0.3582603 -0.8620385 -0.3319459 0.3407098 -0.8796186 0.7078121 -0.675689 -0.2060257 0.6795645 -0.6679587 -0.3033535 0.6737943 -0.6658571 -0.3203679 0.6432093 -0.6267979 -0.4397798 0.7207968 -0.6568644 -0.2213168 0.7297049 -0.6583676 -0.1846154 0.6815934 -0.5821582 -0.4433084 0.6671964 -0.5769549 -0.4711391 0.6640276 -0.5757657 -0.4770337 0.6797634 -0.6128985 -0.4028365 0.680521 -0.693677 -0.2360161 0.6764519 -0.5922209 -0.4378213 0.6202949 -0.7498021 -0.2302848 0.6198002 -0.7386259 -0.265103 0.6202988 -0.7508268 -0.2269107 -0.5499827 -0.7725939 -0.3172032 -0.5494623 -0.7707581 -0.3225263 -0.5493607 -0.7704037 -0.3235446 0.4936702 0.2326159 -0.8379616 0.6378969 0.5148634 -0.5727157 0.6506612 0.5511152 -0.5224099 0.7516424 0.6291019 0.1981527 0.7443476 0.5968091 0.2996092 0.752106 0.635415 0.1748844 -0.3239979 -0.3595954 0.8750523 -0.3634818 -0.3877871 0.8470551 -0.369996 -0.3923988 0.8420963 0.7071049 -0.7071087 6.44691e-7 0.7071057 -0.707108 1.32982e-6 0.7071042 -0.7071095 0 -0.7071066 0.707107 0 -0.7071067 0.707107 0 -0.7071066 0.7071071 0 -0.7071066 0.707107 0 -0.7071066 0.707107 0 -0.7071066 0.707107 0 0.7071087 -0.7071049 -1.83098e-6 0.7071086 -0.707105 -1.04492e-6 0.7071084 -0.7071052 0 0.7474389 0.5358085 -0.3927398 0.7727003 0.5446962 -0.3259453 0.7421313 0.5337789 -0.4053656 -0.592672 -0.7491403 0.2958526 -0.6324922 -0.7572253 0.1629828 -0.639797 -0.7570294 0.1325376 0.7071062 -0.7071075 0 0.7071061 -0.7071075 0 0.7071062 -0.7071074 0 -0.7071065 0.7071071 0 -0.7071066 0.707107 0 -0.7071064 0.7071073 0 -0.7071066 0.7071071 0 -0.7071066 0.7071071 0 -0.7071066 0.7071071 0 0.7071064 -0.7071073 -6.44691e-7 0.7071068 -0.7071068 -1.32982e-6 0.7071082 -0.7071053 -3.52309e-6 0.3494364 0.326205 0.878342 0.3496551 0.3265017 0.8781446 0.3493994 0.3261549 0.8783752 -0.4868857 -0.6184805 -0.6167854 -0.2344139 -0.4851775 -0.8424091 -0.5192671 -0.6314604 -0.5758643 -0.2643207 -0.3577674 -0.8956211 -0.2832186 -0.3846029 -0.8785601 -0.2859858 -0.3885346 -0.8759299 -0.3229598 -0.3773843 -0.8679159 -0.2926922 -0.3373169 -0.8947339 -0.2895321 -0.3331429 -0.8973222 -0.2863384 -0.443226 -0.8494475 -0.3167421 -0.4594367 -0.8298148 -0.2808382 -0.4402452 -0.8528271 -0.2400878 -0.3115426 -0.9194015 -0.3175455 -0.427338 -0.846491 -0.3317513 -0.4487116 -0.8298187 -0.5354752 -0.531119 -0.6566422 -0.3295553 -0.2645891 -0.9063034 -0.3119398 -0.2429221 -0.9185219 0.3015804 0.3835273 0.872901 0.3312374 0.4263005 0.8417539 0.2975223 0.3776888 0.8768306 0.34275 0.4161084 0.8422449 0.2865879 0.3455522 0.8935665 0.3477447 0.4223911 0.837054 0.2705913 0.3246471 0.9063028 0.1932759 0.2167037 0.9569138 0.2809666 0.3392181 0.8977688 0.2093679 0.2106294 0.9548824 0.2733862 0.3056868 0.9120392 0.2004747 0.1975395 0.959577 0.2514853 0.4089562 0.8772173 0.2249249 0.3906122 0.8926539 0.2228606 0.389174 0.8937991 -0.700434 -0.6608927 0.2694683 -0.6862865 -0.6564665 0.3131496 -0.6838058 -0.6555998 0.3203104 -0.6649239 -0.7011615 0.2573887 -0.664967 -0.7051261 0.2462033 -0.6649049 -0.7003889 0.2595322 -0.6101453 -0.5846217 0.5347338 -0.7233036 -0.6246747 0.2943014 -0.7449566 -0.6277841 0.2256701 -0.664618 -0.5904738 0.4578469 -0.6015775 -0.5592222 0.5704167 -0.5907914 -0.5534608 0.5870663 -0.7651648 -0.6234006 0.1609176 -0.6870889 -0.5982924 0.4122563 -0.6753968 -0.5928985 0.4385324 0.6964249 0.5935913 -0.4032887 0.701097 0.6286714 -0.3365046 0.7016263 0.6366299 -0.3200359 0.6604453 0.6498214 -0.3762238 0.6560035 0.627335 -0.4196549 0.6551681 0.6236909 -0.4263386 0.6626386 0.6610984 -0.3519365 0.6911723 0.6698877 -0.2711666 0.6565485 0.6588311 -0.367268 0.6838518 0.6908367 -0.2347157 0.7112199 0.6931884 -0.1168598 0.677796 0.6893215 -0.2557903 0.6653835 0.7368896 -0.1194099 0.6064049 0.7186216 -0.3403764 0.6695752 0.7365564 -0.09567636 -0.3666509 -0.2911162 0.8836393 -0.3756512 -0.2974067 0.8777445 -0.3769432 -0.2983093 0.8768839 -0.09275364 -0.07451927 0.9928967 -0.3449106 -0.261007 0.9016165 -0.370831 -0.2801377 0.8854418 -0.3650187 -0.1983369 0.9096284 -0.1132997 -0.03940469 0.9927792 -0.08154505 -0.01956701 0.9964776 -0.3822641 -0.3183324 0.8674899 -0.4853023 -0.4916244 0.7230403 -0.3613801 -0.2853069 0.8876962 -0.5539949 -0.4608097 0.6933571 -0.4672232 -0.3184431 0.8248009 -0.5591681 -0.4700586 0.6829173 0.6315833 0.6822218 0.3683422 0.573589 0.5633062 0.5947115 0.6379836 0.7003843 0.3200607 0.537366 0.5740343 0.6178369 0.5723093 0.6363734 0.5171955 0.5314067 0.5639092 0.6321499 0.6402926 0.617985 0.4562017 0.6678178 0.7101952 0.2228053 0.6295972 0.5941754 0.5005628 0.7111073 0.7023707 0.03165274 0.679533 0.7181611 0.149932 0.671342 0.7201383 0.1752167 0.6317055 0.7611292 0.1470738 0.6651806 0.7464256 0.01958948 0.6690948 0.7431766 9.23294e-4 0.3879995 0.2672958 -0.8820484 0.3154414 0.2171378 -0.9237684 0.3988764 0.2748157 -0.8748566 0.2948226 0.231529 -0.9270782 0.2821641 0.2223817 -0.9332362 0.2961316 0.2324745 -0.9264242 0.3140335 0.2134751 -0.9251008 0.4282834 0.2912218 -0.8554316 0.2938499 0.1997407 -0.9347491 0.3850749 0.2983896 -0.8733161 0.4052344 0.3322023 -0.8517199 0.408057 0.3369938 -0.8484839 0.5168675 0.614926 -0.5955786 0.3582601 0.3585228 -0.862039 0.3407096 0.3319451 -0.879619 -0.6756889 -0.7078112 -0.2060287 -0.6679591 -0.6795631 -0.3033557 -0.6658576 -0.6737928 -0.32037 -0.6267974 -0.6432086 -0.4397816 -0.6568649 -0.7207965 -0.2213167 -0.6583682 -0.7297046 -0.184615 -0.5821578 -0.6815924 -0.4433106 -0.5769553 -0.6671959 -0.4711394 -0.5757663 -0.6640272 -0.4770337 -0.6128981 -0.6797629 -0.4028378 -0.6936773 -0.6805207 -0.2360157 -0.5922203 -0.6764513 -0.4378231 -0.7498023 -0.6202947 -0.2302847 -0.7386263 -0.6198 -0.2651022 -0.750827 -0.6202985 -0.2269107 -0.5033146 0.8037766 -0.3172031 -0.5018176 0.8025933 -0.3225262 -0.5015291 0.8023639 -0.3235445 0.02598994 -0.5451102 -0.8379614 0.2315593 -0.7863694 -0.5727159 0.2601669 -0.812035 -0.52241 0.2935735 -0.9351739 0.1981526 0.2665305 -0.9160764 0.2996091 0.2992286 -0.9380181 0.1748843 -0.2082343 0.436946 0.8750524 -0.2191702 0.4842128 0.8470552 -0.220938 0.4919959 0.8420965 -0.9238786 -0.3826858 -4.83517e-7 -0.9238791 -0.3826845 -9.97359e-7 -0.923878 -0.382687 0 0.9238795 0.3826835 0 0.9238796 0.3826835 0 0.9238796 0.3826835 0 0.9238796 0.3826835 0 0.9238796 0.3826835 0 0.9238795 0.3826835 0 -0.9238812 -0.3826794 1.83097e-6 -0.9238804 -0.3826816 1.04491e-6 -0.9238792 -0.3826843 0 0.2089903 -0.8955887 -0.392739 0.2075344 -0.9223282 -0.3259452 0.2091464 -0.8899086 -0.4053648 -0.4653101 0.834241 0.2958524 -0.457541 0.8741241 0.1629827 -0.4545645 0.8807979 0.1325376 -0.9238824 -0.3826765 0 -0.9238811 -0.38268 0 -0.9238839 -0.3826729 0 0.9238795 0.3826835 0 0.9238795 0.3826835 0 0.9238796 0.3826836 0 0.9238795 0.3826835 0 0.9238796 0.3826835 0 0.9238796 0.3826835 0 -0.9238793 -0.382684 0 -0.9238793 -0.3826839 0 -0.9238794 -0.3826838 0 0.1676508 -0.4476705 0.8783419 0.1678411 -0.4479858 0.8781447 0.1676186 -0.4476172 0.8783751 -0.3850784 0.6865059 -0.6167854 -0.3585393 0.4022392 -0.8424093 -0.3846785 0.7213897 -0.5758641 -0.2293832 0.3811118 -0.8956212 -0.2469429 0.4088391 -0.8785612 -0.2495161 0.4129001 -0.875931 -0.225067 0.4427957 -0.8679152 -0.1996318 0.3994979 -0.8947339 -0.1969848 0.3949809 -0.8973222 -0.2999106 0.4341577 -0.8494473 -0.3032528 0.4684508 -0.8298143 -0.2992613 0.4279354 -0.8528271 -0.1959503 0.3410343 -0.9194015 -0.2732897 0.4569088 -0.846491 -0.2876001 0.4782126 -0.8298187 -0.2857726 0.6979652 -0.6566419 -0.1183335 0.405723 -0.9063035 -0.1050571 0.3811568 -0.918522 0.2389234 -0.4253931 0.8729012 0.2670907 -0.4691612 0.8417544 0.2350824 -0.4194095 0.8768306 0.2532694 -0.4758967 0.8422452 0.209576 -0.3970094 0.8935667 0.2571626 -0.4829155 0.8370544 0.1963836 -0.3742295 0.9063034 0.1262449 -0.2614926 0.9569137 0.2058749 -0.3893911 0.8977695 0.1144745 -0.2740347 0.9548825 0.1777974 -0.3695571 0.9120393 0.1057842 -0.2608091 0.9595772 0.2815875 -0.3888435 0.8772167 0.2748036 -0.3572838 0.8926541 0.2742647 -0.3548262 0.8937994 -0.342541 0.90003 0.2694656 -0.3438658 0.8852648 0.3131498 -0.3440144 0.882641 0.320311 -0.3933339 0.8826324 0.2573883 -0.3969799 0.8841902 0.2462007 -0.3926274 0.882319 0.2595322 -0.3066282 0.7874259 0.5347333 -0.3003287 0.907298 0.2943007 -0.2949152 0.9284926 0.2256694 -0.2911888 0.839991 0.4578474 -0.2864407 0.7697902 0.5704165 -0.2852456 0.7576203 0.5870659 -0.2831315 0.9454849 0.1609184 -0.2898128 0.8637441 0.4122557 -0.2893038 0.8508779 0.4385318 0.2818967 -0.8705697 -0.4032899 0.3125191 -0.8883116 -0.3365031 0.3196693 -0.8918464 -0.3200337 0.3476164 -0.8588485 -0.3762211 0.3285401 -0.8461386 -0.4196559 0.3254929 -0.8439719 -0.4263401 0.357195 -0.8651901 -0.3519346 0.3543964 -0.8949145 -0.2711664 0.3574308 -0.8586962 -0.3672658 0.3765512 -0.8961687 -0.2347151 0.3682509 -0.9223531 -0.1168594 0.3774688 -0.8899939 -0.2557896 0.4261665 -0.8967295 -0.1194091 0.431859 -0.83525 -0.3403753 0.4242546 -0.9004744 -0.0956757 -0.128645 0.4501459 0.8836397 -0.1310129 0.46087 0.8777441 -0.1313524 0.4624093 0.8768833 -0.03335148 0.1142104 0.9928967 -0.1091479 0.4185391 0.9016163 -0.1169031 0.4498075 0.8854417 -0.04355287 0.4131338 0.9096283 0.006952524 0.1197548 0.9927791 0.0131281 0.08282583 0.9964777 -0.147815 0.4749869 0.8674897 -0.268485 0.6364978 0.7230397 -0.1252954 0.4430541 0.887696 -0.2137283 0.6881689 0.6933569 -0.1154047 0.5535206 0.8248011 -0.2202934 0.6964877 0.6829171 0.3885944 -0.8445818 0.3683423 0.3009241 -0.7454947 0.594712 0.4029251 -0.8574455 0.3200606 0.3246978 -0.7161349 0.6178368 0.36892 -0.7722747 0.5171942 0.3176238 -0.7067543 0.6321499 0.325915 -0.8280465 0.4562002 0.4005723 -0.8887628 0.2228061 0.3080108 -0.8090539 0.5005608 0.3767772 -0.925763 0.0316528 0.4034488 -0.9026349 0.149932 0.40841 -0.8958239 0.1752167 0.461449 -0.8748911 0.1470736 0.4350539 -0.9001913 0.019589 0.4305543 -0.9025642 9.22705e-4 0.09846842 -0.4607546 -0.8820484 0.07989495 -0.3745239 -0.9237687 0.1012534 -0.4736814 -0.8748563 0.1010813 -0.3609822 -0.9270784 0.09747427 -0.3457869 -0.9332364 0.1014539 -0.3625533 -0.9264245 0.07704979 -0.3718215 -0.9251011 0.1051573 -0.5071288 -0.8554312 0.07208472 -0.347918 -0.9347496 0.1283143 -0.4699516 -0.8733161 0.1518385 -0.5015159 -0.85172 0.1551851 -0.5059571 -0.848484 0.3703214 -0.7128447 -0.5955792 0.194132 -0.4681901 -0.8620388 0.1762935 -0.4418045 -0.8796189 -0.3953583 0.8951231 -0.2060257 -0.3722191 0.8771716 -0.3033533 -0.3676923 0.8730219 -0.3203677 -0.3543822 0.8252301 -0.4397824 -0.4145579 0.8827015 -0.2213144 -0.4222126 0.8874992 -0.1846123 -0.4069278 0.7986778 -0.4433101 -0.3956179 0.788362 -0.4711388 -0.3931455 0.7860509 -0.4770331 -0.3934733 0.8263785 -0.4028366 -0.3632606 0.901298 -0.2360165 -0.3983269 0.8060076 -0.4378214 -0.2861409 0.9301033 -0.2302852 -0.2899609 0.9195888 -0.2651025 -0.2857522 0.9310515 -0.2269113 0.8037765 0.5033146 -0.3172032 0.8025934 0.5018177 -0.3225259 0.8023639 0.5015292 -0.3235442 -0.54511 -0.02598994 -0.8379616 -0.7863694 -0.2315591 -0.5727159 -0.812035 -0.2601667 -0.5224102 -0.9351739 -0.2935736 0.1981526 -0.9160765 -0.2665305 0.2996091 -0.938018 -0.2992287 0.1748843 0.436946 0.2082343 0.8750523 0.4842128 0.2191702 0.8470551 0.4919959 0.220938 0.8420965 -0.3826835 0.9238795 0 -0.3826836 0.9238795 0 -0.3826832 0.9238796 0 0.3826835 -0.9238795 0 0.3826835 -0.9238796 0 0.3826836 -0.9238796 0 0.3826835 -0.9238796 0 0.3826835 -0.9238795 0 0.3826835 -0.9238796 0 -0.3826842 0.9238792 3.66195e-6 -0.3826837 0.9238795 2.08983e-6 -0.3826829 0.9238798 0 -0.8955886 -0.2089905 -0.3927393 -0.9223281 -0.2075346 -0.3259453 -0.8899084 -0.2091465 -0.4053651 0.8342409 0.4653101 0.2958523 0.874124 0.457541 0.162983 0.8807978 0.4545646 0.1325379 -0.3826828 0.9238798 0 -0.3826832 0.9238796 0 -0.3826825 0.9238799 0 0.3826835 -0.9238795 0 0.3826835 -0.9238795 0 0.3826835 -0.9238795 0 0.3826835 -0.9238795 0 0.3826835 -0.9238796 0 0.3826835 -0.9238795 0 -0.3826829 0.9238798 0 -0.3826813 0.9238805 0 -0.4476702 -0.1676507 0.878342 -0.4479858 -0.1678411 0.8781448 -0.4476169 -0.1676186 0.8783754 0.6865059 0.3850783 -0.6167857 0.402239 0.3585392 -0.8424093 0.7213895 0.3846782 -0.5758645 0.3811119 0.2293833 -0.8956211 0.4088393 0.2469431 -0.8785611 0.4129003 0.2495163 -0.875931 0.4427947 0.2250664 -0.8679159 0.3994977 0.199632 -0.8947339 0.3949809 0.1969851 -0.8973222 0.4341577 0.2999106 -0.8494474 0.4684502 0.3032526 -0.8298146 0.4279354 0.2992614 -0.8528271 0.3410343 0.1959503 -0.9194016 0.4569092 0.2732897 -0.8464909 0.478213 0.2876 -0.8298184 0.6979649 0.2857721 -0.6566426 0.4057227 0.1183335 -0.9063037 0.3811564 0.105057 -0.9185221 -0.4253939 -0.2389239 0.8729006 -0.4691608 -0.2670907 0.8417546 -0.4194105 -0.2350829 0.8768301 -0.4758957 -0.2532691 0.8422459 -0.3970091 -0.2095758 0.8935669 -0.4829144 -0.2571622 0.8370553 -0.374229 -0.1963831 0.9063037 -0.2614927 -0.1262448 0.9569137 -0.3893905 -0.2058743 0.89777 -0.2740353 -0.1144746 0.9548823 -0.3695569 -0.1777973 0.9120394 -0.2608098 -0.1057844 0.959577 -0.3888431 -0.2815874 0.8772169 -0.3572838 -0.2748035 0.8926541 -0.3548263 -0.2742648 0.8937994 0.9000293 0.3425408 0.2694681 0.8852652 0.3438658 0.3131483 0.8826417 0.3440144 0.3203089 0.8826325 0.3933337 0.2573883 0.8841899 0.3969802 0.2462016 0.8823192 0.3926271 0.259532 0.7874259 0.3066283 0.5347332 0.9072983 0.3003286 0.2943001 0.9284928 0.294915 0.2256688 0.8399911 0.2911888 0.4578474 0.7697901 0.2864409 0.5704164 0.7576203 0.2852457 0.5870659 0.9454849 0.2831316 0.1609191 0.8637438 0.2898128 0.4122563 0.8508777 0.2893038 0.4385322 -0.8705705 -0.2818962 -0.4032887 -0.8883116 -0.3125196 -0.3365029 -0.8918462 -0.31967 -0.3200338 -0.8588483 -0.3476166 -0.3762211 -0.8461381 -0.3285406 -0.4196562 -0.8439714 -0.3254935 -0.4263405 -0.86519 -0.357195 -0.3519346 -0.8949147 -0.3543965 -0.2711661 -0.8586961 -0.3574308 -0.3672659 -0.8961685 -0.3765512 -0.2347153 -0.9223531 -0.3682507 -0.1168603 -0.8899939 -0.3774688 -0.2557897 -0.8967293 -0.4261666 -0.1194095 -0.83525 -0.4318591 -0.3403753 -0.9004744 -0.4242548 -0.09567606 0.4501466 0.1286452 0.8836393 0.4608682 0.1310128 0.8777449 0.4624073 0.1313523 0.8768844 0.1142101 0.03335154 0.9928967 0.4185397 0.1091483 0.9016159 0.4498082 0.1169036 0.8854412 0.4131332 0.04355281 0.9096287 0.1197549 -0.006952524 0.9927791 0.08282607 -0.01312816 0.9964776 0.4749864 0.1478151 0.8674898 0.6364976 0.268485 0.7230398 0.4430538 0.1252956 0.8876962 0.688169 0.2137283 0.6933569 0.5535207 0.1154049 0.8248009 0.6964876 0.2202934 0.6829172 -0.8445819 -0.3885942 0.3683423 -0.7454953 -0.3009242 0.5947113 -0.8574455 -0.4029249 0.3200607 -0.7161352 -0.3246982 0.6178362 -0.7722743 -0.36892 0.5171947 -0.7067549 -0.3176242 0.6321491 -0.828047 -0.3259149 0.4561994 -0.888763 -0.4005723 0.2228052 -0.8090544 -0.3080107 0.50056 -0.925763 -0.3767772 0.03165274 -0.9026348 -0.4034488 0.1499317 -0.895824 -0.40841 0.1752163 -0.8748911 -0.461449 0.1470734 -0.9001913 -0.4350541 0.01958918 -0.9025642 -0.4305546 9.22931e-4 -0.4607539 -0.09846842 -0.8820487 -0.3745241 -0.07989507 -0.9237686 -0.4736806 -0.1012533 -0.8748568 -0.3609821 -0.1010814 -0.9270785 -0.3457875 -0.09747457 -0.9332363 -0.3625531 -0.101454 -0.9264245 -0.3718214 -0.07704991 -0.9251013 -0.5071283 -0.1051571 -0.8554314 -0.3479179 -0.0720849 -0.9347496 -0.4699514 -0.1283144 -0.8733162 -0.5015155 -0.1518385 -0.8517203 -0.5059567 -0.1551851 -0.8484842 -0.7128448 -0.3703211 -0.5955792 -0.46819 -0.194132 -0.8620389 -0.4418044 -0.1762936 -0.879619 0.8951231 0.3953583 -0.2060258 0.8771716 0.3722185 -0.3033539 0.8730218 0.3676916 -0.3203684 0.8252307 0.3543823 -0.4397814 0.882701 0.4145578 -0.2213159 0.8874989 0.4222125 -0.1846141 0.7986781 0.4069277 -0.4433093 0.7883623 0.3956178 -0.4711385 0.7860511 0.3931454 -0.4770329 0.8263784 0.3934735 -0.4028366 0.9012979 0.3632606 -0.2360166 0.8060074 0.3983271 -0.4378215 0.9301034 0.2861409 -0.2302849 0.9195886 0.2899609 -0.2651026 0.9310517 0.2857523 -0.226911 0.5033147 -0.8037764 -0.3172031 0.5018178 -0.8025932 -0.322526 0.5015293 -0.8023637 -0.3235443 -0.02599012 0.5451101 -0.8379616 -0.2315595 0.7863693 -0.5727159 -0.260167 0.8120349 -0.5224102 -0.2935737 0.9351738 0.1981527 -0.2665306 0.9160764 0.299609 -0.2992288 0.938018 0.1748846 0.2082343 -0.436946 0.8750525 0.2191703 -0.4842127 0.8470553 0.220938 -0.4919958 0.8420965 0.923879 0.3826847 -1.61173e-7 0.9238801 0.3826822 -3.32454e-7 0.923878 0.382687 0 -0.9238795 -0.3826836 0 -0.9238796 -0.3826836 0 -0.9238795 -0.3826836 0 -0.9238796 -0.3826836 0 -0.9238796 -0.3826836 0 0.9238794 0.3826838 9.15484e-7 0.9238787 0.3826857 5.22456e-7 0.9238777 0.3826882 0 -0.2089905 0.8955886 -0.3927395 -0.2075345 0.9223281 -0.3259454 -0.2091466 0.8899083 -0.4053652 0.46531 -0.8342409 0.2958525 0.4575411 -0.874124 0.162983 0.4545647 -0.8807979 0.1325379 0.9238811 0.3826797 0 0.9238803 0.3826819 0 0.9238821 0.3826775 0 -0.9238795 -0.3826836 0 -0.9238795 -0.3826836 0 -0.9238795 -0.3826836 0 -0.9238795 -0.3826836 0 -0.9238796 -0.3826836 0 -0.9238795 -0.3826836 0 0.9238798 0.3826829 1.61172e-7 0.9238803 0.3826817 3.32454e-7 0.923882 0.3826779 8.80772e-7 -0.1676509 0.4476706 0.8783417 -0.1678411 0.4479859 0.8781447 -0.1676187 0.4476174 0.8783751 0.3850786 -0.6865057 -0.6167857 0.3585392 -0.402239 -0.8424094 0.3846785 -0.7213892 -0.5758646 0.2293828 -0.3811114 -0.8956214 0.2469432 -0.4088399 -0.8785609 0.2495165 -0.4129011 -0.8759306 0.2250665 -0.4427947 -0.867916 0.1996319 -0.3994981 -0.8947338 0.1969849 -0.3949813 -0.8973221 0.2999109 -0.4341579 -0.8494471 0.3032526 -0.4684498 -0.829815 0.2992617 -0.4279358 -0.8528268 0.1959502 -0.3410341 -0.9194016 0.2732897 -0.4569091 -0.8464909 0.2876001 -0.478213 -0.8298183 0.2857721 -0.6979648 -0.6566426 0.1183337 -0.4057231 -0.9063035 0.1050572 -0.3811568 -0.9185219 -0.238924 0.4253937 0.8729007 -0.2670909 0.4691611 0.8417543 -0.2350831 0.4194103 0.8768302 -0.2532696 0.4758965 0.8422453 -0.209576 0.3970088 0.893567 -0.2571626 0.4829152 0.8370544 -0.1963836 0.3742294 0.9063034 -0.1262449 0.2614924 0.9569138 -0.2058749 0.3893911 0.8977695 -0.1144746 0.2740351 0.9548824 -0.1777973 0.3695569 0.9120393 -0.1057844 0.2608096 0.959577 -0.2815873 0.3888431 0.877217 -0.2748036 0.3572836 0.8926542 -0.2742648 0.354826 0.8937994 0.3425411 -0.9000297 0.2694666 0.3438662 -0.8852654 0.3131474 0.3440149 -0.8826419 0.3203081 0.3933338 -0.882632 0.2573896 0.3969802 -0.8841898 0.2462019 0.3926273 -0.8823187 0.2595336 0.3066284 -0.7874259 0.5347333 0.3003287 -0.907298 0.2943007 0.2949151 -0.9284926 0.2256695 0.2911888 -0.8399912 0.4578472 0.2864409 -0.7697901 0.5704165 0.2852457 -0.7576202 0.587066 0.2831317 -0.9454849 0.160919 0.289813 -0.8637438 0.4122561 0.289304 -0.8508778 0.438532 -0.281897 0.8705694 -0.4032902 -0.3125193 0.8883115 -0.3365033 -0.3196694 0.8918463 -0.3200339 -0.3476164 0.8588484 -0.3762211 -0.3285402 0.8461384 -0.4196561 -0.325493 0.8439717 -0.4263404 -0.3571951 0.8651899 -0.3519348 -0.3543964 0.8949145 -0.2711668 -0.3574309 0.8586961 -0.367266 -0.3765513 0.8961681 -0.2347163 -0.3682508 0.922353 -0.1168596 -0.377469 0.8899934 -0.2557911 -0.4261665 0.8967294 -0.1194092 -0.4318592 0.83525 -0.3403753 -0.4242547 0.9004744 -0.0956757 0.1286448 -0.4501453 0.8836402 0.1310128 -0.4608688 0.8777446 0.1313523 -0.4624081 0.8768839 0.0333516 -0.1142104 0.9928967 0.1091482 -0.4185394 0.9016161 0.1169034 -0.4498078 0.8854415 0.04355299 -0.4131335 0.9096285 -0.006952464 -0.1197549 0.9927792 -0.0131281 -0.08282583 0.9964777 0.1478149 -0.4749864 0.8674899 0.2684851 -0.6364974 0.7230401 0.1252954 -0.4430537 0.8876963 0.2137283 -0.6881688 0.693357 0.1154048 -0.5535207 0.8248009 0.2202935 -0.6964876 0.6829172 -0.3885945 0.8445819 0.3683422 -0.3009241 0.7454952 0.5947114 -0.4029251 0.8574454 0.3200606 -0.3246981 0.7161352 0.6178361 -0.3689202 0.7722749 0.517194 -0.3176242 0.7067548 0.6321492 -0.325915 0.8280465 0.4561999 -0.4005726 0.8887631 0.2228049 -0.3080109 0.809054 0.5005608 -0.3767771 0.925763 0.03165227 -0.4034487 0.9026348 0.1499319 -0.4084098 0.895824 0.1752167 -0.4614492 0.8748909 0.1470736 -0.4350541 0.9001913 0.01958858 -0.4305545 0.9025641 9.22272e-4 -0.0984686 0.4607543 -0.8820484 -0.07989501 0.3745248 -0.9237684 -0.1012536 0.473681 -0.8748566 -0.1010815 0.3609828 -0.9270782 -0.09747451 0.3457874 -0.9332362 -0.1014542 0.3625538 -0.9264242 -0.07704991 0.3718222 -0.9251009 -0.1051573 0.507128 -0.8554316 -0.07208496 0.347919 -0.9347493 -0.1283144 0.4699516 -0.8733161 -0.1518386 0.5015161 -0.8517199 -0.1551852 0.5059573 -0.8484838 -0.3703212 0.7128446 -0.5955795 -0.1941319 0.4681897 -0.8620391 -0.1762935 0.4418042 -0.879619 0.3953586 -0.8951229 -0.2060258 0.3722189 -0.8771716 -0.3033533 0.3676921 -0.8730219 -0.3203676 0.3543823 -0.8252305 -0.4397815 0.4145575 -0.882701 -0.2213165 0.4222123 -0.8874989 -0.1846148 0.406928 -0.7986785 -0.4433084 0.3956179 -0.7883618 -0.4711393 0.3931455 -0.7860504 -0.477034 0.3934732 -0.8263786 -0.4028369 0.3632611 -0.9012978 -0.2360163 0.3983265 -0.8060076 -0.4378218 0.286141 -0.9301033 -0.2302852 0.2899609 -0.9195886 -0.2651026 0.2857524 -0.9310515 -0.2269113 -0.8037767 -0.5033143 -0.3172032 -0.8025936 -0.5018173 -0.3225262 -0.802364 -0.5015287 -0.3235445 0.54511 0.02598953 -0.8379616 0.7863696 0.2315587 -0.5727159 0.8120353 0.2601663 -0.5224102 0.9351741 0.293573 0.1981526 0.9160766 0.26653 0.2996091 0.9380181 0.2992281 0.1748843 -0.4369462 -0.208234 0.8750525 -0.4842129 -0.2191699 0.8470552 -0.4919961 -0.2209377 0.8420965 0.3826836 -0.9238795 -1.28939e-6 0.3826839 -0.9238793 -2.65964e-6 0.3826832 -0.9238796 0 -0.382683 0.9238798 0 -0.3826829 0.9238798 0 -0.3826829 0.9238798 0 -0.3826829 0.9238798 0 -0.382683 0.9238798 0 -0.382683 0.9238797 0 0.3826833 -0.9238796 3.66194e-6 0.3826828 -0.9238798 2.08983e-6 0.3826821 -0.9238802 0 0.8955886 0.2089899 -0.3927395 0.9223282 0.2075339 -0.3259453 0.8899084 0.209146 -0.4053653 -0.8342413 -0.4653095 0.2958525 -0.8741243 -0.4575405 0.162983 -0.8807981 -0.454564 0.1325379 0.3826829 -0.9238798 0 0.3826829 -0.9238797 0 -0.3826829 0.9238798 0 -0.3826829 0.9238798 0 -0.3826826 0.9238799 0 -0.3826829 0.9238798 0 -0.3826829 0.9238798 0 -0.3826829 0.9238798 0 0.3826839 -0.9238793 0 0.3826833 -0.9238796 0 0.3826814 -0.9238805 0 0.4476704 0.1676505 0.878342 0.4479858 0.1678408 0.8781448 0.4476171 0.1676183 0.8783753 -0.6865063 -0.3850778 -0.6167854 -0.4022395 -0.3585389 -0.8424091 -0.7213899 -0.3846778 -0.5758643 -0.381111 -0.2293824 -0.8956217 -0.408841 -0.2469435 -0.8785602 -0.4129024 -0.249517 -0.8759298 -0.4427953 -0.2250663 -0.8679156 -0.3994982 -0.1996318 -0.8947337 -0.3949813 -0.1969848 -0.8973219 -0.4341573 -0.2999106 -0.8494476 -0.4684506 -0.3032524 -0.8298145 -0.427935 -0.2992613 -0.8528273 -0.3410339 -0.1959499 -0.9194017 -0.4569098 -0.2732899 -0.8464905 -0.4782137 -0.2876003 -0.8298178 -0.6979643 -0.2857721 -0.6566431 -0.4057232 -0.1183333 -0.9063035 -0.3811569 -0.1050568 -0.9185219 0.4253923 0.2389227 0.8729017 0.4691632 0.2670912 0.841753 0.4194085 0.2350815 0.8768314 0.4758973 0.2532697 0.8422448 0.3970088 0.2095754 0.8935671 0.4829161 0.2571629 0.837054 0.3742296 0.1963835 0.9063034 0.2614922 0.1262446 0.9569138 0.3893912 0.2058748 0.8977695 0.274035 0.1144744 0.9548825 0.369557 0.1777972 0.9120394 0.2608094 0.1057841 0.9595772 0.3888428 0.2815869 0.8772173 0.3572838 0.2748034 0.8926542 0.3548263 0.2742645 0.8937994 -0.9000302 -0.3425407 0.2694652 -0.8852657 -0.3438653 0.3131475 -0.882642 -0.3440139 0.3203084 -0.8826325 -0.3933333 0.2573885 -0.8841899 -0.3969793 0.246203 -0.8823193 -0.3926269 0.2595321 -0.7874259 -0.3066274 0.5347338 -0.9072981 -0.3003278 0.2943017 -0.9284926 -0.2949143 0.2256705 -0.8399914 -0.2911885 0.4578468 -0.7697902 -0.2864405 0.5704165 -0.7576203 -0.2852454 0.5870661 -0.9454852 -0.283131 0.1609186 -0.8637442 -0.2898122 0.412256 -0.8508781 -0.2893033 0.4385319 0.8705697 0.2818956 -0.4032906 0.8883119 0.3125189 -0.3365029 0.8918466 0.3196693 -0.3200333 0.8588484 0.3476157 -0.3762218 0.846139 0.3285395 -0.4196554 0.8439724 0.3254923 -0.4263395 0.86519 0.3571944 -0.3519352 0.8949148 0.3543957 -0.2711665 0.8586962 0.3574302 -0.3672665 0.8961687 0.3765507 -0.2347152 0.9223533 0.36825 -0.1168608 0.889994 0.3774685 -0.2557897 0.8967297 0.426166 -0.1194096 0.8352502 0.4318585 -0.3403753 0.9004747 0.4242542 -0.095676 -0.450146 -0.1286446 0.8836398 -0.4608689 -0.1310123 0.8777446 -0.462408 -0.1313518 0.876884 -0.1142106 -0.03335148 0.9928966 -0.4185392 -0.1091477 0.9016163 -0.4498075 -0.116903 0.8854416 -0.4131342 -0.04355281 0.9096282 -0.1197549 0.006952583 0.9927791 -0.08282595 0.01312822 0.9964776 -0.4749871 -0.1478148 0.8674895 -0.6364974 -0.2684842 0.7230404 -0.4430544 -0.1252952 0.8876959 -0.6881691 -0.2137279 0.6933569 -0.5535204 -0.1154043 0.8248012 -0.6964878 -0.220293 0.6829171 0.844582 0.3885938 0.3683425 0.7454949 0.3009237 0.594712 0.8574456 0.4029245 0.3200608 0.7161352 0.3246972 0.6178368 0.7722749 0.3689199 0.5171943 0.7067547 0.3176231 0.6321498 0.8280473 0.3259143 0.456199 0.8887629 0.400572 0.2228062 0.809055 0.3080101 0.5005595 0.9257632 0.3767766 0.03165227 0.902635 0.4034482 0.1499317 0.8958241 0.4084095 0.1752165 0.8748913 0.4614487 0.147073 0.9001916 0.4350535 0.01958864 0.9025644 0.4305539 9.22411e-4 0.4607539 0.09846836 -0.8820488 0.3745245 0.0798949 -0.9237685 0.4736805 0.1012534 -0.8748569 0.3609826 0.1010812 -0.9270783 0.3457867 0.09747403 -0.9332365 0.3625537 0.1014539 -0.9264243 0.3718217 0.07704973 -0.9251011 0.5071282 0.1051572 -0.8554315 0.3479183 0.07208466 -0.9347496 0.4699518 0.1283139 -0.8733161 0.5015162 0.1518383 -0.8517199 0.5059574 0.1551849 -0.8484838 0.7128449 0.3703207 -0.5955794 0.4681903 0.1941319 -0.8620387 0.4418048 0.1762934 -0.8796189 -0.8951234 -0.3953575 -0.2060255 -0.8771724 -0.3722181 -0.3033522 -0.8730226 -0.3676913 -0.3203664 -0.8252302 -0.3543817 -0.4397826 -0.8827007 -0.4145578 -0.2213178 -0.8874985 -0.4222126 -0.1846162 -0.7986783 -0.4069272 -0.4433096 -0.7883622 -0.3956172 -0.4711394 -0.7860508 -0.3931447 -0.4770339 -0.8263788 -0.3934729 -0.4028364 -0.9012981 -0.3632605 -0.2360162 -0.8060078 -0.3983263 -0.4378212 -0.9301036 -0.2861404 -0.2302849 -0.9195889 -0.2899604 -0.2651025 -0.9310517 -0.2857517 -0.226911 0.2124587 0.924253 -0.3172032 0.2126804 0.9223577 -0.3225264 0.2127221 0.9219914 -0.3235448 -0.3670732 -0.4038289 -0.8379615 -0.3923102 -0.7197841 -0.5727159 -0.39023 -0.7581612 -0.5224101 -0.45368 -0.8688557 0.1981527 -0.4592983 -0.8362293 0.2996091 -0.4516924 -0.8748655 0.1748844 0.1617236 0.4562113 0.8750525 0.1874135 0.4973672 0.8470551 0.191667 0.5041207 0.8420962 -0.9238803 0.3826814 0 -0.9238802 0.3826821 0 -0.9238806 0.382681 0 0.9238796 -0.3826834 0 0.9238796 -0.3826833 0 0.9238796 -0.3826834 0 0.9238796 -0.3826834 0 0.9238796 -0.3826834 0 -0.9238803 0.3826816 0 -0.9238805 0.3826812 0 -0.9238807 0.3826807 0 -0.4854983 -0.7810553 -0.3927394 -0.5054354 -0.7989336 -0.3259453 -0.4813715 -0.7771492 -0.4053652 0.2608735 0.9189212 0.2958526 0.2945686 0.9416294 0.1629828 0.3013924 0.9442439 0.1325376 -0.9238778 0.3826876 9.15481e-7 -0.9238792 0.3826844 5.22454e-7 -0.9238765 0.3826909 1.32599e-6 0.9238795 -0.3826835 0 0.9238796 -0.3826835 0 0.9238795 -0.3826838 0 0.9238796 -0.3826834 0 0.9238796 -0.3826833 0 0.9238796 -0.3826833 0 -0.9238805 0.3826813 -3.22344e-7 -0.9238803 0.3826818 -6.64905e-7 -0.9238796 0.3826832 -1.76154e-6 -0.1980037 -0.4350976 0.878342 -0.1980922 -0.4354553 0.8781448 -0.1979887 -0.4350371 0.8783753 0.2131413 0.7577242 -0.6167858 0.03090047 0.5379515 -0.8424093 0.2380906 0.7821079 -0.5758648 0.1072886 0.4316855 -0.895621 0.1144782 0.4637084 -0.8785609 0.1155302 0.4683995 -0.8759307 0.153957 0.4722492 -0.8679159 0.1413265 0.4236489 -0.8947337 0.1400043 0.4185833 -0.897322 0.09492689 0.5190643 -0.8494477 0.1168126 0.5456767 -0.8298143 0.09098613 0.5142053 -0.8528273 0.1025899 0.3797053 -0.9194016 0.1298385 0.5163284 -0.8464911 0.1347837 0.5415112 -0.8298187 0.2914639 0.6956072 -0.6566426 0.2032152 0.3705639 -0.9063036 0.1952321 0.343805 -0.9185221 -0.1318542 -0.469743 0.872901 -0.1428856 -0.5206094 0.8417539 -0.1303392 -0.4627959 0.8768305 -0.157421 -0.5155982 0.8422453 -0.1325352 -0.4289201 0.893567 -0.1596312 -0.5233141 0.8370546 -0.1257559 -0.4034836 0.9063038 -0.09563469 -0.2741718 0.9569137 -0.1297653 -0.4209157 0.89777 -0.1128262 -0.2747177 0.9548825 -0.1355944 -0.3870379 0.9120393 -0.1096193 -0.2592209 0.9595772 -0.07584106 -0.4740659 0.8772171 -0.05832237 -0.4469534 0.892654 -0.05696558 -0.4448347 0.8937993 0.3942041 0.8786297 0.2694681 0.3828274 0.8691267 0.3131484 0.3808672 0.8673768 0.3203089 0.3459862 0.902244 0.2573895 0.3445091 0.9059242 0.2462012 0.3462643 0.9015228 0.2595337 0.339975 0.773613 0.5347335 0.4291922 0.8539211 0.2943009 0.448007 0.8650798 0.2256696 0.388062 0.7998647 0.4578475 0.3417796 0.7468674 0.5704172 0.3340193 0.7374169 0.5870668 0.4683545 0.868763 0.160919 0.4058306 0.815688 0.4122555 0.3970927 0.8062304 0.4385316 -0.4162544 -0.8149167 -0.4032903 -0.4071465 -0.8491153 -0.336504 -0.4045901 -0.8566707 -0.3200348 -0.3614958 -0.8530995 -0.3762209 -0.3659976 -0.8306236 -0.4196551 -0.3666203 -0.8269369 -0.4263392 -0.3592064 -0.8643568 -0.3519349 -0.3822043 -0.8833966 -0.2711647 -0.3544477 -0.8599316 -0.3672665 -0.3674251 -0.899949 -0.234714 -0.3918094 -0.9125948 -0.1168597 -0.3624101 -0.8962318 -0.2557883 -0.3327382 -0.9354287 -0.1194092 -0.2852405 -0.8959814 -0.3403753 -0.3367381 -0.9367249 -0.0956757 0.2273358 0.4092679 0.8836393 0.2332435 0.4185242 0.8777444 0.2340918 0.4198524 0.8768837 0.05717581 0.1043421 0.9928967 0.2187731 0.3731319 0.9016158 0.2353994 0.4007259 0.8854411 0.2613328 0.3229258 0.9096286 0.08959573 0.07976335 0.9927791 0.06784987 0.0492838 0.9964776 0.2313454 0.4403873 0.8674897 0.2602241 0.6399193 0.7230399 0.2246893 0.4018837 0.887696 0.3354802 0.6377378 0.6933568 0.3097947 0.4730021 0.8248008 0.3367202 0.6482622 0.6829169 -0.3224316 -0.8719868 0.3683436 -0.314359 -0.7399304 0.5947113 -0.3213942 -0.8912159 0.3200623 -0.2767879 -0.7359802 0.6178362 -0.2852146 -0.8069465 0.5171945 -0.275157 -0.7243453 0.6321492 -0.355061 -0.8159739 0.4562001 -0.3452028 -0.9116978 0.222805 -0.3542914 -0.7898838 0.5005608 -0.3881915 -0.9210351 0.03165262 -0.3529783 -0.9235406 0.1499308 -0.3446543 -0.9222326 0.1752153 -0.2923476 -0.9449352 0.1470734 -0.3289018 -0.9441611 0.01958912 -0.3337613 -0.9426572 9.22904e-4 -0.256175 -0.39543 -0.8820486 -0.2083345 -0.3213226 -0.9237686 -0.2633463 -0.4065398 -0.8748567 -0.1837776 -0.3267286 -0.9270784 -0.1755836 -0.3134334 -0.9332363 -0.184625 -0.3281031 -0.9264244 -0.2084349 -0.3173999 -0.9251012 -0.2842358 -0.4329501 -0.8554322 -0.1950435 -0.296987 -0.9347496 -0.2415738 -0.4230376 -0.8733162 -0.2472594 -0.4619911 -0.85172 -0.2480334 -0.467498 -0.848484 -0.2422008 -0.765914 -0.5955792 -0.1937881 -0.4683323 -0.8620389 -0.1877444 -0.4370614 -0.879619 0.3533868 0.9125083 -0.2060255 0.3570559 0.8834521 -0.303354 0.3573226 0.8773168 -0.3203686 0.3329401 0.8341121 -0.4397818 0.3310272 0.9173004 -0.221317 0.329007 0.9261057 -0.1846153 0.2770091 0.8524916 -0.4433103 0.2777121 0.8372003 -0.4711388 0.2778261 0.8338178 -0.477033 0.3061098 0.8625651 -0.4028378 0.3804497 0.894178 -0.2360162 0.2882733 0.8515924 -0.4378229 0.4553502 0.8600145 -0.2302852 0.4452139 0.8552809 -0.2651023 0.4562955 0.8604102 -0.2269113 0.9242529 -0.2124589 -0.3172031 0.9223578 -0.2126807 -0.3225261 0.9219915 -0.2127224 -0.3235444 -0.4038286 0.3670735 -0.8379617 -0.719784 0.3923103 -0.5727161 -0.7581609 0.39023 -0.5224103 -0.8688555 0.4536802 0.1981527 -0.8362292 0.4592986 0.2996092 -0.8748654 0.4516925 0.1748845 0.4562113 -0.1617237 0.8750524 0.4973669 -0.1874136 0.8470551 0.5041205 -0.1916671 0.8420964 0.3826835 0.9238796 0 0.3826829 0.9238799 0 0.3826839 0.9238795 0 -0.3826836 -0.9238795 0 -0.3826837 -0.9238795 0 -0.3826836 -0.9238795 0 -0.3826836 -0.9238795 0 -0.3826837 -0.9238795 0 -0.3826837 -0.9238795 0 0.3826828 0.9238798 0 0.3826832 0.9238796 0 0.3826836 0.9238795 0 -0.7810552 0.4854986 -0.3927392 -0.7989333 0.5054357 -0.3259454 -0.777149 0.4813717 -0.4053649 0.9189212 -0.2608738 0.2958526 0.9416293 -0.294569 0.162983 0.9442437 -0.3013927 0.1325377 0.382684 0.9238793 3.66195e-6 0.3826832 0.9238798 2.08983e-6 0.3826848 0.923879 5.30399e-6 -0.3826836 -0.9238795 0 -0.3826836 -0.9238795 0 -0.3826836 -0.9238795 0 -0.3826837 -0.9238795 0 -0.3826836 -0.9238795 0 -0.3826836 -0.9238795 0 0.3826833 0.9238796 0 0.3826835 0.9238796 0 0.3826837 0.9238795 0 -0.4350978 0.1980039 0.8783419 -0.4354554 0.1980924 0.8781447 -0.4350373 0.1979889 0.8783752 0.7577245 -0.2131417 -0.6167855 0.5379513 -0.03090065 -0.8424094 0.7821081 -0.2380911 -0.5758643 0.4316847 -0.1072885 -0.8956212 0.4637087 -0.1144788 -0.8785607 0.4684 -0.1155309 -0.8759304 0.4722487 -0.1539571 -0.8679161 0.4236491 -0.1413267 -0.8947336 0.4185836 -0.1400045 -0.8973218 0.5190641 -0.09492659 -0.8494477 0.5456757 -0.1168122 -0.8298152 0.5142053 -0.09098589 -0.8528274 0.3797046 -0.1025899 -0.9194018 0.5163283 -0.1298386 -0.8464911 0.5415113 -0.1347838 -0.8298185 0.6956073 -0.2914644 -0.6566422 0.3705635 -0.2032149 -0.9063037 0.3438045 -0.1952317 -0.9185222 -0.4697437 0.1318545 0.8729005 -0.5206092 0.1428856 0.841754 -0.4627968 0.1303396 0.8768299 -0.5155981 0.1574213 0.8422454 -0.4289206 0.1325355 0.8935667 -0.5233139 0.1596315 0.8370546 -0.4034852 0.1257565 0.9063029 -0.2741719 0.09563481 0.9569137 -0.4209176 0.1297661 0.8977691 -0.2747175 0.1128262 0.9548825 -0.3870382 0.1355946 0.9120392 -0.2592206 0.1096193 0.9595772 -0.4740657 0.07584124 0.8772171 -0.4469536 0.0583226 0.892654 -0.444835 0.05696588 0.8937992 0.8786299 -0.3942044 0.2694669 0.8691264 -0.3828274 0.3131492 0.8673763 -0.3808672 0.3203101 0.9022443 -0.3459863 0.2573884 0.9059237 -0.3445096 0.2462018 0.9015234 -0.3462643 0.2595321 0.7736128 -0.3399755 0.5347335 0.8539211 -0.4291924 0.2943005 0.8650799 -0.4480072 0.2256692 0.7998651 -0.3880621 0.4578469 0.7468679 -0.3417795 0.5704166 0.7374174 -0.3340193 0.5870662 0.8687629 -0.4683548 0.160919 0.8156876 -0.4058308 0.4122561 0.8062301 -0.3970929 0.4385321 -0.8149172 0.4162551 -0.4032887 -0.8491151 0.4071465 -0.3365044 -0.8566705 0.4045898 -0.3200357 -0.8530993 0.3614961 -0.3762211 -0.8306233 0.3659971 -0.4196559 -0.8269366 0.3666197 -0.4263402 -0.8643566 0.3592066 -0.3519352 -0.8833963 0.3822045 -0.2711659 -0.8599315 0.3544479 -0.3672667 -0.8999487 0.3674253 -0.2347145 -0.9125948 0.3918097 -0.1168596 -0.8962314 0.3624103 -0.255789 -0.9354286 0.3327384 -0.1194095 -0.8959814 0.2852407 -0.3403752 -0.9367248 0.3367384 -0.095676 0.4092675 -0.2273359 0.8836393 0.4185228 -0.2332434 0.877745 0.4198511 -0.2340916 0.8768844 0.1043421 -0.05717575 0.9928967 0.3731318 -0.218773 0.9016159 0.4007256 -0.2353992 0.8854413 0.3229254 -0.2613328 0.9096288 0.07976341 -0.08959573 0.9927792 0.04928386 -0.06784981 0.9964776 0.4403871 -0.2313452 0.8674899 0.6399191 -0.2602242 0.7230401 0.4018835 -0.2246891 0.8876962 0.6377375 -0.3354803 0.693357 0.4730018 -0.3097949 0.8248009 0.6482619 -0.3367203 0.6829173 -0.8719868 0.3224314 0.3683435 -0.7399306 0.3143594 0.5947107 -0.891216 0.3213939 0.3200624 -0.7359802 0.2767882 0.6178361 -0.8069466 0.2852149 0.5171943 -0.7243452 0.2751574 0.6321491 -0.8159739 0.3550614 0.4561998 -0.9116977 0.3452032 0.2228052 -0.7898839 0.3542918 0.5005606 -0.9210349 0.3881919 0.0316531 -0.9235406 0.3529782 0.1499307 -0.9222328 0.3446542 0.1752151 -0.944935 0.2923478 0.1470736 -0.9441609 0.3289021 0.01958918 -0.9426572 0.3337616 9.22913e-4 -0.3954305 0.2561749 -0.8820483 -0.3213236 0.2083348 -0.9237684 -0.4065403 0.2633462 -0.8748565 -0.3267288 0.1837781 -0.9270782 -0.3134337 0.175584 -0.9332362 -0.3281032 0.1846254 -0.9264242 -0.3174007 0.2084355 -0.9251009 -0.4329512 0.2842362 -0.8554316 -0.2969878 0.1950442 -0.9347493 -0.4230378 0.2415739 -0.8733162 -0.4619913 0.2472594 -0.85172 -0.4674981 0.2480335 -0.848484 -0.7659136 0.2422009 -0.5955796 -0.4683323 0.1937883 -0.8620389 -0.4370613 0.1877446 -0.8796189 0.912508 -0.3533875 -0.2060257 0.8834521 -0.3570559 -0.3033537 0.8773168 -0.3573225 -0.3203682 0.8341121 -0.3329403 -0.4397814 0.9173008 -0.3310275 -0.221315 0.926106 -0.3290073 -0.1846132 0.8524923 -0.2770096 -0.4433089 0.8372001 -0.2777122 -0.4711391 0.8338176 -0.2778261 -0.4770336 0.8625655 -0.3061106 -0.4028364 0.8941779 -0.38045 -0.2360161 0.851593 -0.2882742 -0.4378213 0.8600146 -0.4553506 -0.2302843 0.8552805 -0.4452142 -0.2651029 0.8604103 -0.4562959 -0.2269102 -0.2124588 -0.9242531 -0.3172029 -0.2126806 -0.9223578 -0.3225261 -0.2127223 -0.9219915 -0.3235445 0.3670734 0.4038286 -0.8379616 0.3923103 0.7197846 -0.5727154 0.39023 0.7581615 -0.5224096 0.4536801 0.8688556 0.1981529 0.4592984 0.8362293 0.2996091 0.4516924 0.8748654 0.1748847 -0.1617237 -0.4562114 0.8750525 -0.1874136 -0.497367 0.8470551 -0.191667 -0.5041206 0.8420963 0.9238793 -0.382684 1.61172e-7 0.9238793 -0.3826839 3.32453e-7 0.9238793 -0.382684 0 -0.9238795 0.3826836 0 -0.9238796 0.3826836 0 -0.9238795 0.3826836 0 -0.9238796 0.3826836 0 -0.9238796 0.3826836 0 0.9238824 -0.3826765 0 0.9238811 -0.38268 0 0.9238792 -0.3826846 0 0.4854983 0.781055 -0.3927396 0.5054357 0.7989334 -0.3259454 0.4813715 0.777149 -0.4053655 -0.2608737 -0.9189213 0.2958526 -0.2945688 -0.9416294 0.1629828 -0.3013926 -0.9442439 0.1325376 0.9238812 -0.3826794 9.15486e-7 0.9238804 -0.3826816 5.22457e-7 0.9238822 -0.3826773 1.326e-6 -0.9238795 0.3826836 0 -0.9238795 0.3826836 0 -0.9238795 0.3826836 0 -0.9238795 0.3826836 0 -0.9238796 0.3826836 0 -0.9238795 0.3826836 0 0.9238786 -0.3826858 -1.61172e-7 0.9238791 -0.3826845 -3.32453e-7 0.9238809 -0.3826804 -8.8077e-7 0.1980038 0.4350978 0.8783419 0.1980923 0.4354555 0.8781448 0.1979889 0.4350374 0.8783752 -0.2131415 -0.7577244 -0.6167857 -0.03090059 -0.5379517 -0.8424092 -0.2380908 -0.7821079 -0.5758645 -0.1072885 -0.4316859 -0.8956207 -0.1144784 -0.4637086 -0.8785609 -0.1155304 -0.4683996 -0.8759307 -0.1539575 -0.4722498 -0.8679156 -0.1413269 -0.4236493 -0.8947335 -0.1400046 -0.4185837 -0.8973218 -0.09492677 -0.5190641 -0.8494477 -0.1168124 -0.5456759 -0.8298149 -0.09098601 -0.5142053 -0.8528274 -0.1025899 -0.3797054 -0.9194015 -0.1298385 -0.5163285 -0.846491 -0.1347836 -0.5415114 -0.8298186 -0.2914641 -0.6956071 -0.6566427 -0.2032153 -0.3705641 -0.9063034 -0.1952322 -0.343805 -0.918522 0.1318542 0.4697431 0.8729009 0.1428858 0.5206093 0.8417539 0.1303392 0.4627962 0.8768303 0.1574208 0.5155976 0.8422457 0.1325352 0.4289199 0.8935672 0.159631 0.5233134 0.837055 0.1257562 0.4034844 0.9063034 0.09563469 0.2741715 0.9569138 0.1297658 0.4209166 0.8977695 0.1128262 0.2747176 0.9548825 0.1355946 0.3870381 0.9120393 0.1096193 0.2592207 0.9595772 0.07584112 0.4740658 0.8772171 0.05832248 0.4469534 0.892654 0.05696576 0.4448347 0.8937993 -0.3942041 -0.8786298 0.2694681 -0.3828271 -0.8691269 0.3131484 -0.3808668 -0.8673769 0.3203089 -0.3459866 -0.9022442 0.2573885 -0.3445093 -0.9059237 0.2462021 -0.3462647 -0.9015231 0.2595323 -0.3399754 -0.7736133 0.5347329 -0.4291923 -0.8539211 0.2943007 -0.4480071 -0.8650798 0.2256695 -0.388062 -0.7998648 0.4578474 -0.3417798 -0.7468679 0.5704166 -0.3340196 -0.7374175 0.5870661 -0.4683547 -0.8687632 0.1609182 -0.4058308 -0.8156879 0.4122558 -0.397093 -0.8062303 0.4385316 0.4162554 0.8149164 -0.4032899 0.4071465 0.8491153 -0.3365039 0.4045898 0.8566708 -0.3200348 0.3614957 0.8530989 -0.3762221 0.3659972 0.830623 -0.4196566 0.3666198 0.8269362 -0.4263408 0.3592067 0.8643563 -0.3519357 0.3822046 0.8833963 -0.2711656 0.3544479 0.8599311 -0.3672674 0.3674252 0.8999487 -0.2347151 0.3918097 0.9125947 -0.1168599 0.3624101 0.8962314 -0.2557897 0.3327385 0.9354285 -0.1194097 0.2852407 0.8959812 -0.3403754 0.3367385 0.9367249 -0.09567636 -0.227336 -0.4092676 0.8836393 -0.2332435 -0.4185227 0.8777451 -0.2340918 -0.4198509 0.8768845 -0.05717587 -0.1043421 0.9928966 -0.2187728 -0.3731315 0.901616 -0.2353991 -0.4007254 0.8854415 -0.2613329 -0.3229258 0.9096286 -0.08959573 -0.07976323 0.9927791 -0.06784981 -0.04928374 0.9964776 -0.2313451 -0.4403867 0.8674901 -0.2602244 -0.6399193 0.7230399 -0.224689 -0.401883 0.8876965 -0.3354803 -0.6377375 0.693357 -0.3097948 -0.4730018 0.8248009 -0.3367202 -0.6482619 0.6829174 0.3224319 0.8719872 0.3683422 0.3143593 0.7399305 0.594711 0.3213945 0.8912165 0.3200607 0.2767879 0.7359798 0.6178368 0.2852149 0.8069466 0.5171942 0.275157 0.7243447 0.6321499 0.3550611 0.8159736 0.4562004 0.3452032 0.9116978 0.2228046 0.3542914 0.7898835 0.5005614 0.3881918 0.921035 0.03165268 0.3529782 0.9235405 0.1499313 0.3446542 0.9222326 0.1752159 0.2923477 0.9449351 0.1470738 0.328902 0.944161 0.019589 0.3337615 0.9426572 9.22722e-4 0.2561749 0.3954305 -0.8820483 0.2083344 0.3213236 -0.9237684 0.2633462 0.4065403 -0.8748565 0.1837782 0.3267288 -0.9270781 0.1755836 0.3134332 -0.9332364 0.1846256 0.3281033 -0.9264241 0.2084352 0.3174002 -0.9251011 0.2842365 0.4329508 -0.8554316 0.1950438 0.2969872 -0.9347494 0.241574 0.4230381 -0.8733161 0.2472594 0.4619911 -0.85172 0.2480335 0.467498 -0.848484 0.242201 0.7659143 -0.5955789 0.1937885 0.4683324 -0.8620387 0.1877447 0.4370615 -0.8796188 -0.3533871 -0.9125078 -0.2060268 -0.3570559 -0.8834524 -0.3033529 -0.3573226 -0.8773173 -0.320367 -0.33294 -0.8341117 -0.4397825 -0.3310272 -0.9173006 -0.221316 -0.3290071 -0.9261058 -0.1846141 -0.2770093 -0.8524923 -0.4433087 -0.2777122 -0.8372002 -0.4711388 -0.2778262 -0.8338177 -0.4770333 -0.3061105 -0.8625654 -0.4028367 -0.3804501 -0.8941778 -0.236017 -0.288274 -0.851593 -0.4378213 -0.4553502 -0.8600145 -0.2302852 -0.4452143 -0.8552806 -0.2651026 -0.4562956 -0.8604103 -0.2269113 -0.9242526 0.2124595 -0.3172034 -0.9223579 0.2126812 -0.3225259 -0.9219915 0.2127228 -0.323544 0.4038283 -0.3670738 -0.8379616 0.719784 -0.3923107 -0.5727158 0.7581609 -0.3902304 -0.52241 0.8688552 -0.4536807 0.1981529 0.8362289 -0.459299 0.2996093 0.8748651 -0.451693 0.1748847 -0.4562112 0.161724 0.8750525 -0.4973668 0.187414 0.8470551 -0.5041204 0.1916674 0.8420963 -0.3826837 -0.9238795 0 -0.3826829 -0.9238799 0 -0.3826845 -0.9238791 0 0.3826842 0.9238793 0 0.3826841 0.9238793 0 0.3826842 0.9238793 0 0.3826841 0.9238793 0 0.3826842 0.9238793 0 0.3826842 0.9238792 0 -0.3826829 -0.9238798 0 -0.3826829 -0.9238798 0 -0.3826829 -0.9238798 0 0.7810546 -0.4854988 -0.3927398 0.7989331 -0.5054361 -0.3259453 0.7771486 -0.4813719 -0.4053657 -0.9189211 0.2608744 0.2958526 -0.9416292 0.2945694 0.1629828 -0.9442436 0.3013932 0.1325377 -0.3826832 -0.9238797 0 -0.3826834 -0.9238796 0 -0.3826829 -0.9238797 0 0.3826841 0.9238793 0 0.3826842 0.9238793 0 0.3826841 0.9238793 0 0.3826842 0.9238793 0 0.3826842 0.9238793 0 0.3826842 0.9238792 0 -0.3826838 -0.9238794 -1.28937e-6 -0.3826836 -0.9238795 -2.65963e-6 -0.3826832 -0.9238797 -7.04617e-6 0.4350975 -0.1980041 0.8783419 0.4354553 -0.1980926 0.8781448 0.4350371 -0.1979891 0.8783752 -0.7577245 0.2131421 -0.6167853 -0.5379521 0.03090095 -0.8424088 -0.782108 0.2380914 -0.5758641 -0.431686 0.1072891 -0.8956206 -0.4637081 0.1144787 -0.878561 -0.4683991 0.1155307 -0.875931 -0.4722487 0.1539574 -0.8679161 -0.4236488 0.1413266 -0.8947337 -0.4185833 0.1400044 -0.897322 -0.519064 0.09492707 -0.8494477 -0.5456761 0.1168128 -0.8298148 -0.514205 0.09098631 -0.8528275 -0.3797053 0.1025902 -0.9194016 -0.5163286 0.129839 -0.8464909 -0.5415115 0.1347842 -0.8298184 -0.6956071 0.2914648 -0.6566423 -0.370564 0.2032153 -0.9063034 -0.343805 0.1952322 -0.918522 0.4697421 -0.1318542 0.8729014 0.5206085 -0.1428858 0.8417544 0.4627951 -0.1303393 0.8768309 0.5155974 -0.1574211 0.8422458 0.42892 -0.1325354 0.8935671 0.5233132 -0.1596313 0.8370551 0.4034842 -0.1257563 0.9063035 0.2741719 -0.09563487 0.9569137 0.4209164 -0.1297658 0.8977696 0.2747176 -0.1128264 0.9548825 0.3870378 -0.1355947 0.9120394 0.2592208 -0.1096194 0.9595772 0.4740657 -0.07584142 0.8772171 0.4469533 -0.05832272 0.8926541 0.4448345 -0.05696594 0.8937993 -0.8786299 0.3942046 0.2694671 -0.869126 0.3828274 0.3131505 -0.8673759 0.3808671 0.3203116 -0.9022437 0.345987 0.2573896 -0.9059234 0.3445101 0.2462027 -0.9015226 0.346265 0.2595335 -0.7736129 0.3399758 0.5347334 -0.8539206 0.4291929 0.2943012 -0.8650794 0.4480077 0.2256699 -0.7998646 0.3880626 0.4578474 -0.7468677 0.3417803 0.5704165 -0.7374172 0.33402 0.5870659 -0.8687626 0.4683554 0.160919 -0.8156874 0.4058312 0.4122564 -0.8062297 0.3970934 0.4385323 0.8149173 -0.4162559 -0.4032877 0.8491151 -0.4071472 -0.3365037 0.8566704 -0.4045905 -0.320035 0.8530987 -0.3614965 -0.376222 0.8306233 -0.3659979 -0.4196553 0.8269366 -0.3666206 -0.4263393 0.8643561 -0.359207 -0.3519362 0.8833959 -0.3822051 -0.2711659 0.8599306 -0.3544481 -0.3672679 0.8999485 -0.3674259 -0.2347146 0.9125943 -0.3918102 -0.1168603 0.8962312 -0.3624109 -0.2557891 0.9354283 -0.3327389 -0.11941 0.8959812 -0.2852413 -0.3403751 0.9367246 -0.336739 -0.09567666 -0.4092684 0.2273365 0.8836387 -0.4185239 0.2332441 0.8777444 -0.4198521 0.2340923 0.8768837 -0.1043422 0.05717605 0.9928966 -0.3731316 0.2187732 0.9016159 -0.4007256 0.2353995 0.8854412 -0.3229261 0.2613333 0.9096283 -0.07976311 0.08959573 0.9927792 -0.04928356 0.06784987 0.9964777 -0.4403873 0.2313459 0.8674896 -0.6399191 0.2602248 0.7230399 -0.4018837 0.2246898 0.8876959 -0.6377376 0.3354808 0.6933567 -0.4730017 0.3097952 0.8248009 -0.648262 0.3367208 0.6829169 0.8719876 -0.3224325 0.368341 0.7399305 -0.31436 0.5947105 0.8912168 -0.321395 0.3200593 0.73598 -0.2767887 0.6178361 0.8069465 -0.2852155 0.5171939 0.724345 -0.2751578 0.6321492 0.8159738 -0.3550614 0.4561997 0.9116978 -0.3452035 0.2228044 0.7898839 -0.3542918 0.5005605 0.9210346 -0.3881924 0.03165215 0.9235402 -0.3529788 0.1499311 0.9222325 -0.3446547 0.1752158 0.9449349 -0.2923483 0.1470738 0.9441607 -0.3289026 0.0195893 0.942657 -0.3337621 9.23121e-4 0.3954308 -0.2561754 -0.882048 0.3213224 -0.2083345 -0.9237688 0.4065409 -0.2633468 -0.874856 0.3267281 -0.1837778 -0.9270785 0.3134334 -0.175584 -0.9332363 0.3281025 -0.1846252 -0.9264245 0.3174001 -0.2084354 -0.925101 0.4329511 -0.2842369 -0.8554314 0.2969872 -0.1950439 -0.9347494 0.4230375 -0.2415744 -0.8733162 0.4619913 -0.2472599 -0.8517198 0.4674982 -0.2480339 -0.8484837 0.7659134 -0.2422014 -0.5955798 0.4683325 -0.1937887 -0.8620387 0.4370614 -0.1877449 -0.8796188 -0.9125078 0.3533877 -0.2060257 -0.883452 0.3570563 -0.3033536 -0.8773167 0.3573229 -0.3203681 -0.834112 0.3329407 -0.4397816 -0.9173004 0.3310278 -0.221316 -0.9261056 0.3290076 -0.1846143 -0.8524918 0.27701 -0.4433096 -0.8372 0.2777129 -0.471139 -0.8338174 0.2778269 -0.4770334 -0.8625652 0.3061107 -0.402837 -0.8941776 0.3804504 -0.2360166 -0.8515926 0.2882742 -0.4378219 -0.8600143 0.4553509 -0.2302848 -0.8552803 0.4452147 -0.265103 -0.86041 0.4562962 -0.2269107 -0.9354602 -0.1575549 -0.3163714 0.4690604 -0.1947318 -0.8614302 0.9417969 -0.1075519 0.3185143 -0.4780533 -0.02603888 0.8779448 0 1 0 0.9346482 -0.1628362 -0.3160966 -0.9410825 -0.1143078 0.3182727 0 1 0 0 1 0 0.4781513 -0.01636624 0.878125 -0.4698488 -0.1862406 -0.8628769 -0.4355665 -0.06532895 -0.8977828 -0.5016751 -0.03939098 -0.8641588 -0.553844 -0.09933996 -0.8266731 -0.3704569 -0.04668921 -0.9276755 -0.7980738 -0.004291772 -0.6025446 0.54253 0.06847196 0.8372412 0.4386261 0.04074883 0.8977454 0.2755693 0.0142343 0.9611758 0.4260371 0.0261482 0.9043278 0.471848 0.1104401 0.8747357 -0.9645507 0.02907502 0.2622909 -0.9691784 -0.02877473 0.2446736 -0.8111125 0.005906641 0.5848605 -0.8971748 0.05612212 0.4380958 -0.9866433 0.1049612 0.1245725 0.9066802 -0.07646399 -0.4148304 0.9300272 -0.004966318 -0.3674572 0.9670029 -0.01793605 -0.2541335 0.995236 -0.01580482 -0.09620493 0.9265743 0.08267611 -0.3669127 -0.4637793 0.05317533 0.8843536 -0.08911335 0.008552908 0.9959848 -0.4440181 0.1279156 0.8868402 -0.7075692 -0.009298563 0.7065829 -0.5287094 0.1107686 0.8415443 0.7778594 -0.01435923 0.6282743 0.865057 0.04852223 0.4993215 0.9837816 0.03875601 0.1751335 0.9998763 -0.01236075 0.009726643 0.9805436 0.09762489 0.1703045 0.3657274 -0.06752759 -0.9282692 0.3550802 -0.042001 -0.9338919 0.5336731 -0.1016516 -0.8395596 0.4770451 -0.06283885 -0.8766295 0.8245387 0.07621544 -0.560649 -0.9818688 -0.02536267 -0.1878575 -0.8846243 -0.007218301 -0.4662487 -0.8965907 -0.07175934 -0.4370077 -0.9787732 0.01982754 -0.203985 -0.9587992 0.08254122 -0.2718291 -0.1575549 0.9354602 -0.3163713 -0.1947317 -0.4690605 -0.8614301 -0.1075518 -0.9417969 0.3185143 -0.02603894 0.4780533 0.8779448 -1 3.52308e-6 0 1 0 0 1 0 0 -0.162836 -0.9346483 -0.3160965 -0.1143079 0.9410825 0.3182727 1 0 0 -1 -3.60143e-6 0 -0.01636624 -0.4781514 0.878125 -0.1862406 0.4698485 -0.8628771 -0.06532901 0.4355666 -0.8977828 -0.03939092 0.5016747 -0.8641591 -0.09933996 0.5538439 -0.8266732 -0.04668915 0.3704568 -0.9276756 -0.004291713 0.7980737 -0.6025446 0.06847196 -0.542531 0.8372406 0.04074877 -0.4386261 0.8977454 0.01423424 -0.275569 0.9611759 0.02614825 -0.4260374 0.9043277 0.1104401 -0.4718478 0.8747358 0.0290749 0.9645509 0.2622907 -0.02877479 0.9691784 0.2446738 0.005906522 0.8111128 0.58486 0.05612206 0.8971748 0.4380955 0.104961 0.9866433 0.1245724 -0.07646393 -0.9066801 -0.4148309 -0.004966199 -0.9300272 -0.3674572 -0.01793593 -0.967003 -0.2541328 -0.0158047 -0.9952361 -0.09620481 0.08267617 -0.9265743 -0.3669124 0.05317533 0.4637801 0.8843531 0.008552849 0.08911365 0.9959849 0.1279156 0.4440181 0.8868403 -0.009298622 0.7075692 0.7065829 0.1107685 0.5287095 0.8415442 -0.01435917 -0.7778598 0.6282739 0.04852229 -0.8650569 0.4993218 0.03875607 -0.9837816 0.1751335 -0.01236069 -0.9998764 0.009726703 0.09762489 -0.9805437 0.1703044 -0.06752753 -0.3657267 -0.9282694 -0.042001 -0.3550804 -0.9338919 -0.1016515 -0.5336734 -0.8395592 -0.06283879 -0.4770454 -0.8766294 0.07621556 -0.8245385 -0.5606492 -0.02536273 0.9818689 -0.1878576 -0.00721836 0.8846243 -0.4662485 -0.0717594 0.8965905 -0.4370082 0.01982754 0.9787732 -0.203985 0.08254122 0.9587992 -0.2718292 0.9354602 0.1575549 -0.3163712 -0.4690607 0.1947317 -0.8614301 -0.9417969 0.1075518 0.3185144 0.4780533 0.026039 0.8779448 1.50996e-7 -1 0 -0.9346483 0.1628361 -0.3160967 0.9410825 0.1143079 0.3182727 1.50996e-7 -1 0 1.50996e-7 -1 0 -0.4781513 0.01636624 0.878125 0.4698483 0.1862407 -0.8628773 0.4355666 0.06532895 -0.8977828 0.5016748 0.03939098 -0.864159 0.5538442 0.09934002 -0.826673 0.3704566 0.04668915 -0.9276757 0.7980738 0.004291772 -0.6025446 -0.54253 -0.06847196 0.8372412 -0.4386258 -0.04074877 0.8977455 -0.2755692 -0.01423424 0.9611759 -0.4260371 -0.02614814 0.9043278 -0.4718483 -0.1104401 0.8747355 0.9645507 -0.02907484 0.262291 0.9691785 0.02877491 0.2446738 0.8111126 -0.005906462 0.5848603 0.8971747 -0.05612194 0.4380958 0.9866433 -0.104961 0.1245723 -0.9066802 0.07646387 -0.4148304 -0.9300272 0.00496608 -0.3674573 -0.9670029 0.01793587 -0.2541335 -0.995236 0.0158047 -0.09620487 -0.9265742 -0.08267635 -0.3669127 0.4637793 -0.05317527 0.8843535 0.08911377 -0.008552849 0.9959848 0.4440183 -0.1279156 0.8868401 0.7075693 0.009298741 0.7065828 0.5287097 -0.1107684 0.8415441 -0.7778594 0.01435917 0.6282743 -0.8650571 -0.04852229 0.4993214 -0.9837816 -0.03875619 0.1751336 -0.9998764 0.01236063 0.009726643 -0.9805436 -0.09762495 0.1703045 -0.3657273 0.06752747 -0.9282692 -0.3550803 0.04200088 -0.9338919 -0.5336732 0.1016513 -0.8395593 -0.477045 0.06283867 -0.8766296 -0.8245387 -0.07621562 -0.5606489 0.9818689 0.02536278 -0.1878576 0.8846244 0.00721836 -0.4662487 0.8965906 0.07175946 -0.437008 0.9787733 -0.01982748 -0.203985 0.9587993 -0.0825411 -0.271829 0.1575548 -0.9354602 -0.3163713 0.1947318 0.4690605 -0.8614301 0.1075519 0.941797 0.3185141 0.02603888 -0.4780533 0.8779448 1 3.52308e-6 0 -1 0 0 -1 0 0 1 5.30397e-6 0 0.1628362 0.9346482 -0.3160966 0.1143078 -0.9410825 0.3182728 -1 0 0 1 -3.60143e-6 0 0.0163663 0.4781515 0.878125 0.1862406 -0.4698486 -0.8628771 0.06532895 -0.4355666 -0.8977828 0.03939092 -0.5016748 -0.8641591 0.0993399 -0.553844 -0.8266732 0.04668921 -0.3704568 -0.9276756 0.004291713 -0.7980737 -0.6025446 -0.06847196 0.542531 0.8372406 -0.04074871 0.4386261 0.8977454 -0.01423424 0.275569 0.9611759 -0.02614814 0.4260373 0.9043277 -0.1104401 0.4718481 0.8747356 -0.02907496 -0.9645509 0.2622907 0.02877473 -0.9691784 0.2446739 -0.005906641 -0.8111128 0.58486 -0.05612212 -0.8971748 0.4380955 -0.1049612 -0.9866433 0.1245725 0.07646405 0.9066799 -0.4148312 0.004966318 0.9300271 -0.3674573 0.01793605 0.9670029 -0.2541333 0.01580482 0.995236 -0.09620499 -0.08267611 0.9265742 -0.3669126 -0.05317538 -0.4637801 0.8843532 -0.008552849 -0.08911359 0.9959847 -0.1279156 -0.444018 0.8868403 0.009298622 -0.7075693 0.7065829 -0.1107686 -0.5287094 0.8415443 0.01435923 0.7778596 0.6282742 -0.04852223 0.8650569 0.4993218 -0.03875601 0.9837817 0.1751334 0.01236081 0.9998764 0.009726703 -0.09762489 0.9805437 0.1703044 0.06752759 0.3657267 -0.9282695 0.042001 0.3550804 -0.9338918 0.1016514 0.5336735 -0.8395593 0.06283885 0.4770453 -0.8766294 -0.07621544 0.8245384 -0.5606493 0.02536267 -0.9818688 -0.1878576 0.007218301 -0.8846244 -0.4662487 0.07175934 -0.8965904 -0.4370083 -0.01982766 -0.9787733 -0.203985 -0.08254122 -0.9587993 -0.271829 -0.7728784 0.5500621 -0.3163713 0.1939797 -0.4693722 -0.8614301 0.5899004 -0.7420016 0.3185142 -0.3564469 0.3196224 0.8779448 -0.7071065 -0.7071071 -3.52308e-6 0.7071068 0.7071069 0 0.7071065 0.7071072 0 -0.7071076 -0.7071061 0 0.5457535 -0.7760388 -0.3160966 -0.7462736 0.584618 0.3182728 -0.7071061 -0.7071075 0 0.7071068 0.7071068 0 0.7071067 0.7071068 0 -0.7071077 -0.7071059 0 0.3265314 -0.3496767 0.878125 -0.463925 0.200541 -0.8628771 -0.3541867 0.2617971 -0.897783 -0.3825909 0.3268839 -0.8641593 -0.4618706 0.3213828 -0.8266733 -0.2949666 0.2289384 -0.9276756 -0.5673582 0.5612892 -0.602544 0.4320436 -0.3352096 0.8372412 0.3389682 -0.281341 0.897746 0.2049214 -0.184791 0.9611762 0.3197433 -0.2827644 0.9043276 0.4117396 -0.2555538 0.874736 -0.6614813 0.7025991 0.262292 -0.7056588 0.6649657 0.2446761 -0.569367 0.5777201 0.5848597 -0.5947142 0.6740828 0.4380955 -0.6234434 0.7718809 0.1245726 0.587051 -0.6951883 -0.4148308 0.6541169 -0.6611403 -0.367457 0.6710915 -0.6964573 -0.254133 0.6925625 -0.7149139 -0.09620499 0.7136476 -0.596726 -0.3669131 -0.2903414 0.3655427 0.8843532 -0.05696493 0.06906074 0.9959849 -0.2235183 0.4044185 0.8868401 -0.5069023 0.4937525 0.7065823 -0.295529 0.4521796 0.8415439 0.5398758 -0.5601834 0.6282745 0.6459987 -0.5773772 0.4993208 0.723043 -0.6682341 0.1751345 0.6982789 -0.7157598 0.009726703 0.7623802 -0.6243178 0.1703056 0.2108592 -0.3063576 -0.9282691 0.221381 -0.2807795 -0.9338915 0.3054862 -0.4492433 -0.8395586 0.2928879 -0.3817555 -0.8766295 0.6369298 -0.5291445 -0.5606485 -0.7122199 0.6763521 -0.1878581 -0.6306278 0.62042 -0.4662484 -0.6847265 0.5832439 -0.4370082 -0.6780769 0.7061175 -0.2039849 -0.6196079 0.7363389 -0.2718294 0.5500621 0.7728784 -0.3163711 -0.469372 -0.1939796 -0.8614301 -0.7420016 -0.5899003 0.3185144 0.3196225 0.3564472 0.8779448 -0.7071064 0.7071073 0 0.7071068 -0.7071069 0 0.7071065 -0.7071072 0 -0.7071088 0.7071048 0 -0.7760387 -0.5457537 -0.3160967 0.5846179 0.7462736 0.3182728 -0.7071062 0.7071075 0 0.7071068 -0.7071068 0 0.7071067 -0.7071068 0 -0.3496769 -0.3265314 0.878125 0.2005409 0.4639251 -0.8628771 0.2617979 0.3541871 -0.8977826 0.3268838 0.3825911 -0.8641592 0.3213833 0.4618713 -0.8266726 0.2289382 0.2949668 -0.9276756 0.5612893 0.5673584 -0.6025437 -0.3352096 -0.4320431 0.8372415 -0.281342 -0.33897 0.897745 -0.1847915 -0.2049217 0.961176 -0.2827643 -0.3197434 0.9043278 -0.2555536 -0.4117395 0.874736 0.7025992 0.6614812 0.262292 0.6649659 0.7056584 0.2446765 0.5777202 0.5693671 0.5848596 0.6740829 0.5947139 0.4380955 0.7718808 0.6234434 0.1245734 -0.6951873 -0.5870512 -0.414832 -0.6611397 -0.6541168 -0.3674581 -0.6964571 -0.6710907 -0.2541353 -0.714914 -0.6925623 -0.09620541 -0.5967263 -0.713648 -0.3669118 0.3655422 0.2903409 0.8843535 0.06906062 0.05696511 0.9959849 0.4044175 0.223518 0.8868407 0.493752 0.5069022 0.7065829 0.4521795 0.2955293 0.8415439 -0.5601834 -0.5398759 0.6282744 -0.5773771 -0.6459981 0.4993218 -0.6682341 -0.7230433 0.1751329 -0.7157599 -0.6982789 0.009726107 -0.6243177 -0.7623805 0.1703042 -0.3063574 -0.2108588 -0.9282692 -0.2807796 -0.2213811 -0.9338914 -0.4492421 -0.3054853 -0.8395597 -0.3817556 -0.2928881 -0.8766295 -0.5291439 -0.6369289 -0.56065 0.6763519 0.7122204 -0.1878566 0.6204197 0.6306281 -0.4662484 0.5832439 0.6847267 -0.4370082 0.7061176 0.6780768 -0.2039852 0.7363388 0.619608 -0.2718292 0.7728784 -0.5500621 -0.3163713 -0.1939797 0.4693721 -0.8614301 -0.5899004 0.7420016 0.3185143 0.356447 -0.3196223 0.8779448 0.7071065 0.7071071 0 -0.7071068 -0.7071069 0 -0.7071067 -0.7071069 0 0.7071049 0.7071087 0 -0.5457537 0.7760386 -0.3160968 0.7462738 -0.5846178 0.3182727 0.7071037 0.7071099 0 -0.7071068 -0.7071068 0 0.7071059 0.7071077 0 -0.3265313 0.3496768 0.878125 0.4639251 -0.200541 -0.8628771 0.3541865 -0.2617971 -0.897783 0.3825899 -0.326883 -0.86416 0.4618703 -0.3213828 -0.8266734 0.2949666 -0.2289384 -0.9276756 0.5673585 -0.5612885 -0.6025442 -0.4320437 0.3352096 0.8372412 -0.3389688 0.2813417 0.8977456 -0.2049221 0.1847918 0.9611758 -0.3197436 0.2827645 0.9043276 -0.4117396 0.2555534 0.874736 0.6614823 -0.7025993 0.262289 0.7056593 -0.6649659 0.2446739 0.5693663 -0.5777197 0.5848607 0.5947142 -0.6740827 0.4380953 0.6234435 -0.7718809 0.1245726 -0.587051 0.6951881 -0.4148308 -0.6541167 0.6611399 -0.3674582 -0.6710916 0.6964572 -0.2541329 -0.6925625 0.7149139 -0.09620547 -0.713648 0.5967264 -0.3669115 0.2903416 -0.3655427 0.8843532 0.05696505 -0.06906068 0.9959849 0.2235189 -0.4044187 0.8868399 0.506902 -0.4937517 0.706583 0.295529 -0.4521792 0.8415442 -0.5398766 0.5601837 0.6282736 -0.6459982 0.577377 0.4993218 -0.7230432 0.6682344 0.1751329 -0.6982789 0.7157598 0.009727954 -0.7623804 0.6243175 0.170305 -0.2108586 0.3063565 -0.9282696 -0.221381 0.2807797 -0.9338915 -0.3054848 0.4492419 -0.83956 -0.2928887 0.3817562 -0.8766291 -0.6369293 0.5291441 -0.5606494 0.7122203 -0.6763522 -0.1878566 0.6306288 -0.6204205 -0.4662464 0.6847272 -0.5832442 -0.4370068 0.6780769 -0.7061175 -0.2039849 0.6196079 -0.7363389 -0.2718294 -0.5500623 -0.7728782 -0.3163713 0.4693722 0.1939796 -0.8614301 0.7420017 0.5899001 0.3185144 -0.3196227 -0.356447 0.8779448 0.7071082 -0.7071053 3.52309e-6 -0.7071067 0.7071069 0 -0.7071066 0.707107 0 0.7071089 -0.7071048 -2.652e-6 0.776039 0.5457533 -0.3160966 -0.5846182 -0.7462734 0.3182728 0.7071061 -0.7071076 0 -0.7071066 0.707107 0 0.7071059 -0.7071077 0 0.349677 0.3265314 0.8781249 -0.2005414 -0.4639252 -0.862877 -0.2617973 -0.3541859 -0.8977832 -0.3268838 -0.382591 -0.8641593 -0.3213834 -0.4618707 -0.8266729 -0.2289386 -0.2949671 -0.9276754 -0.5612886 -0.5673582 -0.6025446 0.3352097 0.4320442 0.8372408 0.2813419 0.3389693 0.8977453 0.1847915 0.2049216 0.961176 0.2827644 0.3197435 0.9043276 0.2555539 0.4117394 0.874736 -0.7025994 -0.661481 0.262292 -0.6649656 -0.7056591 0.2446752 -0.5777201 -0.5693659 0.5848607 -0.6740831 -0.5947139 0.4380955 -0.7718814 -0.6234431 0.1245712 0.6951882 0.5870518 -0.4148296 0.6611402 0.6541156 -0.3674595 0.6964576 0.6710909 -0.2541338 0.7149141 0.6925624 -0.09620463 0.5967259 0.7136475 -0.3669137 -0.3655428 -0.2903414 0.8843531 -0.06906074 -0.05696505 0.9959849 -0.4044183 -0.2235181 0.8868402 -0.4937521 -0.506902 0.7065829 -0.4521796 -0.2955287 0.8415442 0.5601833 0.5398762 0.6282742 0.5773777 0.6459972 0.4993223 0.6682344 0.7230431 0.1751331 0.7157599 0.6982787 0.009726703 0.6243184 0.7623798 0.170305 0.3063575 0.2108588 -0.9282692 0.2807791 0.2213807 -0.9338917 0.4492422 0.3054848 -0.8395598 0.3817559 0.2928882 -0.8766294 0.5291448 0.6369293 -0.5606486 -0.676352 -0.7122195 -0.1878598 -0.6204199 -0.6306279 -0.4662486 -0.5832437 -0.6847261 -0.4370093 -0.7061181 -0.6780766 -0.2039842 -0.7363394 -0.6196076 -0.2718285 -0.5035468 0.803959 -0.3163712 -4.06976e-4 -0.5078762 -0.8614301 0.2610451 -0.9112651 0.3185143 -0.2069998 0.431699 0.8779448 -0.9238809 -0.3826804 -2.64231e-6 0.9238795 0.3826835 0 0.9238796 0.3826836 0 -0.9238822 -0.3826773 2.65199e-6 0.2072334 -0.9258171 -0.3160966 -0.4657434 0.8257031 0.3182726 -0.9238792 -0.3826846 0 -0.9238793 -0.382684 0 0.1678601 -0.4480174 0.878125 -0.3518671 0.3628122 -0.8628771 -0.2270401 0.3774099 -0.8977831 -0.2283758 0.4484137 -0.8641584 -0.3037256 0.4736704 -0.8266725 -0.1849029 0.3243905 -0.9276754 -0.3093749 0.7356819 -0.6025441 0.270877 -0.4750291 0.8372414 0.2055018 -0.3896437 0.8977455 0.1186065 -0.2491452 0.961176 0.1871952 -0.3836007 0.9043276 0.282602 -0.3936677 0.8747354 -0.342256 0.9022557 0.2622888 -0.3974728 0.884393 0.2446724 -0.3049423 0.7516307 0.5848602 -0.2914838 0.8503583 0.4380961 -0.2806006 0.9517065 0.1245719 0.2763282 -0.8669244 -0.4148313 0.3513181 -0.861134 -0.367456 0.3534854 -0.9002578 -0.2541339 0.3662588 -0.9255264 -0.09620434 0.4309675 -0.8244042 -0.3669126 -0.1283531 0.4488255 0.8843535 -0.02620035 0.08560329 0.9959849 -0.05173969 0.4591708 0.8868401 -0.279366 0.6501508 0.7065824 -0.09999138 0.5308529 0.8415444 0.2844077 -0.724143 0.6282748 0.3758718 -0.7806403 0.4993208 0.4122827 -0.8940642 0.1751345 0.3712162 -0.9284955 0.009726703 0.4654314 -0.8685448 0.1703049 0.07757019 -0.3637285 -0.9282696 0.09707933 -0.3441243 -0.9338919 0.110314 -0.5319508 -0.839559 0.1245018 -0.4647799 -0.8766292 0.3859515 -0.7326077 -0.560649 -0.3991773 0.8974227 -0.1878567 -0.3451998 0.8145235 -0.4662496 -0.4094073 0.8008801 -0.437009 -0.3562418 0.9118563 -0.2039853 -0.2906585 0.9174022 -0.2718287 0.8039588 0.5035468 -0.3163713 -0.5078762 4.06924e-4 -0.8614301 -0.9112652 -0.261045 0.3185143 0.431699 0.207 0.8779448 -0.3826844 0.9238792 0 0.3826835 -0.9238796 0 0.3826833 -0.9238797 0 -0.3826848 0.923879 5.30399e-6 -0.925817 -0.2072335 -0.3160967 0.8257031 0.4657435 0.3182725 -0.3826836 0.9238795 0 0.3826835 -0.9238796 0 0.3826835 -0.9238796 0 -0.4480174 -0.1678602 0.8781249 0.3628122 0.3518671 -0.8628771 0.3774101 0.2270402 -0.897783 0.4484127 0.228375 -0.8641592 0.4736697 0.3037252 -0.8266729 0.3243905 0.1849029 -0.9276754 0.7356816 0.3093744 -0.6025447 -0.4750285 -0.270877 0.8372417 -0.3896434 -0.2055017 0.8977455 -0.2491454 -0.1186065 0.9611759 -0.3836005 -0.187195 0.9043279 -0.3936671 -0.2826018 0.8747356 0.9022549 0.3422557 0.262292 0.8843925 0.397473 0.2446735 0.7516307 0.3049424 0.5848602 0.8503582 0.2914839 0.4380961 0.9517064 0.2806006 0.1245726 -0.8669253 -0.2763276 -0.4148299 -0.8611339 -0.3513182 -0.367456 -0.9002579 -0.3534855 -0.2541335 -0.9255264 -0.3662586 -0.09620529 -0.8244042 -0.4309675 -0.3669125 0.4488265 0.1283534 0.8843531 0.08560305 0.02620041 0.9959849 0.4591701 0.05173963 0.8868404 0.6501507 0.2793661 0.7065824 0.5308532 0.09999155 0.8415443 -0.7241437 -0.2844078 0.628274 -0.7806398 -0.3758718 0.4993215 -0.8940644 -0.4122827 0.1751336 -0.9284955 -0.3712162 0.009726703 -0.8685448 -0.4654313 0.1703046 -0.3637288 -0.07757037 -0.9282695 -0.3441249 -0.09707969 -0.9338917 -0.5319503 -0.110314 -0.8395593 -0.4647798 -0.124502 -0.8766294 -0.7326079 -0.3859512 -0.5606492 0.8974226 0.3991773 -0.1878567 0.8145242 0.3452 -0.4662483 0.8008806 0.4094073 -0.4370082 0.9118563 0.3562417 -0.2039853 0.9174022 0.2906584 -0.271829 0.503547 -0.8039588 -0.3163712 4.06767e-4 0.5078762 -0.8614301 -0.2610453 0.9112652 0.3185142 0.207 -0.4316989 0.8779448 0.9238834 0.3826742 -8.80772e-7 -0.9238795 -0.3826838 0 0.9238802 0.3826817 1.32599e-6 -0.2072335 0.9258171 -0.3160968 0.4657434 -0.8257031 0.3182728 0.923879 0.3826846 0 -0.9238795 -0.3826836 0 0.9238793 0.382684 0 -0.1678602 0.4480175 0.878125 0.351867 -0.3628122 -0.8628771 0.2270396 -0.3774095 -0.8977834 0.2283752 -0.4484124 -0.8641592 0.3037252 -0.4736692 -0.8266733 0.1849028 -0.3243903 -0.9276756 0.3093743 -0.7356814 -0.6025449 -0.2708771 0.4750289 0.8372414 -0.2055017 0.3896431 0.8977457 -0.1186065 0.2491451 0.961176 -0.1871951 0.3836005 0.9043278 -0.2826017 0.3936672 0.8747357 0.342256 -0.9022554 0.2622905 0.3974731 -0.8843926 0.2446736 0.3049425 -0.7516307 0.5848602 0.2914838 -0.8503583 0.4380959 0.2806007 -0.9517064 0.1245726 -0.2763286 0.8669241 -0.4148315 -0.3513181 0.861134 -0.367456 -0.3534853 0.9002578 -0.2541344 -0.3662586 0.9255265 -0.09620428 -0.4309676 0.8244041 -0.3669124 0.1283529 -0.4488249 0.8843539 0.02620047 -0.08560335 0.9959849 0.05173981 -0.4591704 0.8868403 0.2793661 -0.6501505 0.7065827 0.09999144 -0.5308532 0.8415442 -0.2844077 0.7241436 0.6282741 -0.375872 0.7806403 0.4993206 -0.412283 0.8940644 0.1751331 -0.3712162 0.9284955 0.009726107 -0.4654316 0.8685446 0.170305 -0.07757025 0.3637295 -0.9282692 -0.09707963 0.3441248 -0.9338917 -0.1103141 0.5319497 -0.8395597 -0.124502 0.46478 -0.8766294 -0.3859513 0.7326076 -0.5606495 0.3991776 -0.8974226 -0.1878567 0.3452 -0.8145241 -0.4662483 0.4094076 -0.800881 -0.4370067 0.3562422 -0.9118561 -0.203985 0.2906584 -0.9174023 -0.2718289 -0.803959 -0.5035465 -0.3163713 0.507876 -4.0734e-4 -0.8614301 0.9112653 0.2610446 0.3185143 -0.431699 -0.2069996 0.8779448 0.3826851 -0.923879 -7.0462e-6 -0.382683 0.9238798 0 -0.3826828 0.9238798 0 0.3826839 -0.9238793 5.30398e-6 0.9258173 0.2072328 -0.3160967 -0.8257034 -0.4657428 0.3182728 0.3826829 -0.9238798 0 -0.382683 0.9238798 0 0.3826845 -0.9238791 0 0.4480174 0.1678599 0.878125 -0.3628126 -0.3518669 -0.8628771 -0.3774089 -0.2270391 -0.8977838 -0.4484131 -0.228375 -0.8641588 -0.4736702 -0.3037251 -0.8266726 -0.3243899 -0.1849024 -0.9276757 -0.7356809 -0.3093744 -0.6025455 0.4750316 0.2708777 0.8372398 0.389643 0.2055011 0.8977458 0.2491449 0.1186062 0.9611762 0.3836007 0.187195 0.9043277 0.3936669 0.2826013 0.874736 -0.902256 -0.3422557 0.2622888 -0.8843925 -0.3974722 0.244675 -0.7516307 -0.3049415 0.5848606 -0.8503587 -0.2914836 0.4380955 -0.9517066 -0.2806 0.1245722 0.8669242 0.276327 -0.4148321 0.8611338 0.3513175 -0.367457 0.9002581 0.3534847 -0.2541339 0.9255267 0.3662577 -0.09620589 0.8244045 0.430967 -0.3669126 -0.4488257 -0.1283528 0.8843535 -0.08560353 -0.02620035 0.9959847 -0.4591711 -0.05173963 0.8868399 -0.6501504 -0.2793653 0.706583 -0.5308527 -0.09999096 0.8415446 0.7241432 0.2844073 0.6282747 0.7806403 0.3758717 0.4993209 0.8940643 0.4122825 0.1751348 0.9284958 0.3712157 0.009726107 0.8685451 0.4654311 0.1703042 0.3637294 0.07757014 -0.9282693 0.3441241 0.09707909 -0.9338921 0.5319501 0.110314 -0.8395594 0.4647801 0.1245014 -0.8766292 0.732608 0.3859509 -0.5606493 -0.897423 -0.3991764 -0.1878566 -0.8145237 -0.3451993 -0.4662494 -0.8008807 -0.4094069 -0.4370082 -0.9118564 -0.3562417 -0.203985 -0.9174025 -0.2906579 -0.2718288 0.2124235 0.9245462 -0.3163713 -0.3594103 -0.3588349 -0.8614301 -0.459775 -0.8289486 0.3185144 0.1588861 0.4516282 0.8779449 -0.9238794 0.3826838 0 0.9238796 -0.3826834 0 0.9238796 -0.3826834 0 -0.5081153 -0.8011878 -0.3160967 0.2545299 0.9131906 0.3182728 -0.9238809 0.3826804 0 0.9238796 -0.3826833 0 -0.1981011 -0.4354912 0.878125 0.007739365 0.5053546 -0.8628771 0.1063279 0.4274111 -0.897783 0.1555899 0.4785612 -0.8641592 0.1201692 0.5497018 -0.8266725 0.09863257 0.3601247 -0.9276755 0.3014443 0.7389662 -0.6025449 -0.1443575 -0.5274361 0.8372408 -0.1302077 -0.4208309 0.8977458 -0.09230494 -0.2600398 0.9611759 -0.1388795 -0.4036135 0.9043278 -0.0785349 -0.4781942 0.8747358 0.3959794 0.8800019 0.2622921 0.3443039 0.9064161 0.2446727 0.315856 0.74711 0.5848604 0.395184 0.8074041 0.4380961 0.4745435 0.8713726 0.1245726 -0.4176142 -0.8084017 -0.4148315 -0.3604944 -0.857333 -0.367456 -0.3866269 -0.8865308 -0.2541319 -0.3954619 -0.91343 -0.09620481 -0.2782018 -0.8876818 -0.3669124 0.2266086 0.4081279 0.884353 0.0420041 0.07905709 0.9959849 0.2880968 0.3612677 0.8868404 0.2621842 0.6572675 0.7065826 0.3046652 0.4460749 0.8415441 -0.31094 -0.7131538 0.6282737 -0.2862142 -0.8177773 0.4993214 -0.340671 -0.9237271 0.1751334 -0.3940557 -0.9190351 0.009726703 -0.285044 -0.9432636 0.1703045 -0.2023449 -0.3120453 -0.9282696 -0.1746872 -0.3119784 -0.9338918 -0.2981411 -0.4541481 -0.8395602 -0.2406127 -0.4166849 -0.8766295 -0.2451233 -0.7909407 -0.5606491 0.3523124 0.9168348 -0.1878563 0.3318623 0.8200486 -0.4662486 0.2768131 0.8558022 -0.4370092 0.3928788 0.8966809 -0.2039847 0.4431746 0.854228 -0.2718285 0.9245461 -0.2124237 -0.3163712 -0.3588348 0.3594105 -0.8614301 -0.8289483 0.4597752 0.3185144 0.4516283 -0.1588863 0.8779448 0.3826813 0.9238805 0 -0.3826838 -0.9238795 0 -0.3826836 -0.9238795 0 0.3826825 0.9238799 0 -0.8011875 0.5081157 -0.3160968 0.9131906 -0.2545302 0.3182728 0.3826821 0.9238802 0 -0.3826836 -0.9238795 0 -0.3826838 -0.9238795 0 0.3826832 0.9238796 0 -0.4354912 0.1981012 0.878125 0.5053544 -0.007739484 -0.8628773 0.4274103 -0.1063277 -0.8977834 0.4785606 -0.1555899 -0.8641595 0.5497006 -0.1201688 -0.8266733 0.3601239 -0.09863257 -0.9276758 0.7389664 -0.3014448 -0.6025444 -0.5274357 0.1443575 0.8372411 -0.4208315 0.130208 0.8977455 -0.2600398 0.09230506 0.9611759 -0.4036138 0.1388798 0.9043275 -0.4781939 0.07853502 0.8747358 0.8800022 -0.3959798 0.2622905 0.9064156 -0.3443044 0.2446737 0.7471097 -0.3158566 0.5848605 0.8074045 -0.3951842 0.4380955 0.8713725 -0.4745437 0.1245726 -0.8084022 0.4176151 -0.4148296 -0.8573328 0.3604949 -0.367456 -0.8865303 0.3866271 -0.2541331 -0.91343 0.3954622 -0.09620445 -0.8876818 0.278202 -0.3669124 0.4081277 -0.2266088 0.8843531 0.07905727 -0.04200416 0.9959849 0.3612673 -0.2880967 0.8868406 0.6572672 -0.2621843 0.7065829 0.4460747 -0.3046653 0.8415442 -0.7131541 0.3109406 0.6282731 -0.8177773 0.2862145 0.499321 -0.923727 0.3406713 0.1751335 -0.919035 0.3940563 0.009727358 -0.9432635 0.2850443 0.170305 -0.3120464 0.2023453 -0.9282691 -0.3119788 0.1746875 -0.9338916 -0.4541493 0.2981414 -0.8395596 -0.4166851 0.2406128 -0.8766294 -0.7909404 0.2451233 -0.5606496 0.9168344 -0.3523131 -0.1878566 0.8200486 -0.3318626 -0.4662484 0.855803 -0.2768138 -0.4370074 0.8966808 -0.3928789 -0.2039849 0.8542276 -0.4431749 -0.2718294 -0.2124236 -0.9245462 -0.316371 0.3594104 0.3588348 -0.8614301 0.4597751 0.8289484 0.3185142 -0.1588863 -0.4516283 0.8779448 0.9238794 -0.3826838 8.8077e-7 -0.9238795 0.3826838 0 0.9238839 -0.3826729 0 0.5081156 0.8011875 -0.3160967 -0.2545301 -0.9131905 0.3182728 0.9238792 -0.3826843 0 -0.9238795 0.3826836 0 0.923878 -0.382687 0 0.1981011 0.4354912 0.8781249 -0.007739424 -0.5053547 -0.8628771 -0.1063278 -0.4274117 -0.8977827 -0.1555903 -0.4785617 -0.8641588 -0.120169 -0.5497009 -0.8266731 -0.09863257 -0.3601248 -0.9276755 -0.3014444 -0.738966 -0.6025452 0.1443577 0.5274359 0.8372409 0.1302077 0.4208307 0.8977459 0.09230494 0.2600395 0.961176 0.1388797 0.4036136 0.9043277 0.07853496 0.4781942 0.8747358 -0.3959795 -0.8800018 0.262292 -0.3443042 -0.9064157 0.244674 -0.3158564 -0.7471103 0.5848598 -0.3951841 -0.8074042 0.4380961 -0.4745436 -0.8713727 0.1245719 0.4176153 0.8084013 -0.4148311 0.3604944 0.8573325 -0.3674572 0.3866271 0.8865305 -0.2541326 0.3954622 0.91343 -0.09620475 0.2782019 0.8876817 -0.3669126 -0.2266089 -0.408128 0.884353 -0.04200428 -0.07905727 0.9959847 -0.2880969 -0.3612677 0.8868404 -0.2621845 -0.6572675 0.7065825 -0.3046653 -0.4460746 0.8415442 0.3109403 0.7131539 0.6282736 0.2862145 0.8177776 0.4993208 0.3406714 0.923727 0.1751326 0.394056 0.919035 0.009726703 0.2850443 0.9432635 0.170305 0.2023448 0.3120464 -0.9282692 0.1746871 0.3119782 -0.9338919 0.2981418 0.4541488 -0.8395596 0.2406129 0.4166854 -0.8766292 0.2451235 0.790941 -0.5606487 -0.3523128 -0.9168344 -0.1878581 -0.3318622 -0.820048 -0.4662495 -0.2768134 -0.8558031 -0.4370073 -0.392879 -0.8966805 -0.2039859 -0.443175 -0.8542277 -0.2718288 -0.9245459 0.2124243 -0.3163716 0.3588345 -0.3594108 -0.8614301 0.8289481 -0.4597757 0.3185145 -0.4516282 0.1588866 0.8779448 -0.3826801 -0.923881 0 0.3826842 0.9238793 0 0.3826839 0.9238795 0 0.8011873 -0.508116 -0.3160966 -0.9131903 0.2545308 0.3182728 -0.3826836 -0.9238795 0 0.3826842 0.9238793 0 0.3826841 0.9238793 0 -0.3826839 -0.9238795 0 0.4354911 -0.1981014 0.878125 -0.5053552 0.007739663 -0.8628767 -0.4274118 0.1063284 -0.8977826 -0.4785607 0.1555902 -0.8641594 -0.549701 0.1201694 -0.8266729 -0.3601247 0.09863287 -0.9276755 -0.7389661 0.3014452 -0.6025446 0.5274351 -0.1443578 0.8372414 0.4208308 -0.1302079 0.8977457 0.2600399 -0.09230518 0.9611759 0.4036133 -0.1388798 0.9043278 0.4781941 -0.07853525 0.8747358 -0.8800021 0.39598 0.2622904 -0.9064152 0.3443049 0.2446744 -0.7471098 0.3158569 0.5848603 -0.8074039 0.3951846 0.438096 -0.8713722 0.4745444 0.1245727 0.8084022 -0.4176159 -0.4148285 0.8573323 -0.3604952 -0.3674572 0.8865301 -0.3866277 -0.254133 0.9134296 -0.3954628 -0.09620529 0.8876817 -0.2782025 -0.3669123 -0.4081286 0.2266094 0.8843525 -0.07905733 0.04200434 0.9959848 -0.3612681 0.2880974 0.8868401 -0.6572672 0.2621849 0.7065826 -0.4460744 0.3046656 0.8415441 0.7131538 -0.3109411 0.6282733 0.8177773 -0.2862152 0.4993206 0.9237269 -0.3406717 0.1751326 0.9190347 -0.3940568 0.009726107 0.9432633 -0.2850449 0.170305 0.312045 -0.2023447 -0.9282696 0.3119785 -0.1746876 -0.9338917 0.4541493 -0.2981422 -0.8395593 0.4166846 -0.2406133 -0.8766295 0.7909401 -0.2451239 -0.5606498 -0.9168344 0.3523134 -0.1878566 -0.8200484 0.331863 -0.4662485 -0.8558025 0.2768141 -0.4370083 -0.8966804 0.3928794 -0.2039853 -0.8542274 0.4431754 -0.2718294</float_array>
          <technique_common>
            <accessor source="#Cylinder_017-mesh-normals-array" count="4160" stride="3">
              <param name="X" type="float"/>
              <param name="Y" type="float"/>
              <param name="Z" type="float"/>
            </accessor>
          </technique_common>
        </source>
        <source id="Cylinder_017-mesh-map-0">
          <float_array id="Cylinder_017-mesh-map-0-array" count="18408">1 1 0.96875 0.8816251 1 0.8816251 0.96875 1 0.9375 0.8816251 0.96875 0.8816251 0.9375 0.8816251 0.90625 1 0.90625 0.8816251 0.90625 1 0.875 0.8816251 0.90625 0.8816251 0.875 1 0.84375 0.8816251 0.875 0.8816251 0.84375 1 0.8125 0.8816251 0.84375 0.8816251 0.8125 0.8816251 0.78125 1 0.78125 0.8816251 0.78125 0.8816251 0.75 1 0.75 0.8816251 0.75 0.8816251 0.71875 1 0.71875 0.8816251 0.71875 0.8816251 0.6875 1 0.6875 0.8816251 0.6875 0.8816251 0.65625 1 0.65625 0.8816251 0.65625 0.8816251 0.625 1 0.625 0.8816251 0.625 0.8816251 0.59375 1 0.59375 0.8816251 0.59375 0.8816251 0.5625 1 0.5625 0.8816251 0.5625 1 0.53125 0.8816251 0.5625 0.8816251 0.53125 0.8816251 0.5 1 0.5 0.8816251 0.5 1 0.46875 0.8816251 0.5 0.8816251 0.46875 1 0.4375 0.8816251 0.46875 0.8816251 0.4375 0.8816251 0.40625 1 0.40625 0.8816251 0.40625 0.8816251 0.375 1 0.375 0.8816251 0.375 1 0.34375 0.8816251 0.375 0.8816251 0.34375 0.8816251 0.3125 1 0.3125 0.8816251 0.3125 1 0.28125 0.8816251 0.3125 0.8816251 0.28125 1 0.25 0.8816251 0.28125 0.8816251 0.25 1 0.21875 0.8816251 0.25 0.8816251 0.21875 1 0.1875 0.8816251 0.21875 0.8816251 0.1875 1 0.15625 0.8816251 0.1875 0.8816251 0.15625 1 0.125 0.881625 0.15625 0.8816251 0.125 1 0.09375 0.8816251 0.125 0.881625 0.09375 1 0.0625 0.8816251 0.09375 0.8816251 0.6875 1 0.71875 1 0.6875 1 0.0625 1 0.03125 0.8816251 0.0625 0.8816251 0.03125 1 0 0.8816251 0.03125 0.8816251 0 0.5 0.03125 0.5 0.03125 0.5 0.03125 0.8816251 0 0.5 0.03125 0.5 0.0625 0.8816251 0.03125 0.5 0.0625 0.5 0.09375 0.8816251 0.0625 0.5 0.09375 0.5 0.125 0.881625 0.09375 0.5 0.125 0.5 0.15625 0.8816251 0.125 0.5 0.15625 0.5 0.1875 0.8816251 0.15625 0.5 0.1875 0.5 0.21875 0.8816251 0.1875 0.5 0.21875 0.5 0.25 0.8816251 0.21875 0.5 0.25 0.5 0.28125 0.8816251 0.25 0.5 0.28125 0.5 0.3125 0.8816251 0.28125 0.5 0.3125 0.5 0.34375 0.8816251 0.3125 0.5 0.34375 0.5 0.375 0.8816251 0.34375 0.5 0.375 0.5 0.40625 0.8816251 0.375 0.5 0.40625 0.5 0.4375 0.8816251 0.40625 0.5 0.4375 0.5 0.46875 0.8816251 0.4375 0.5 0.46875 0.5 0.5 0.8816251 0.46875 0.5 0.5 0.5 0.53125 0.8816251 0.5 0.5 0.53125 0.5 0.5625 0.8816251 0.53125 0.5 0.5625 0.5 0.59375 0.8816251 0.5625 0.5 0.59375 0.5 0.625 0.8816251 0.59375 0.5 0.625 0.5 0.65625 0.8816251 0.625 0.5 0.65625 0.5 0.6875 0.8816251 0.65625 0.5 0.6875 0.5 0.71875 0.8816251 0.6875 0.5 0.71875 0.5 0.75 0.8816251 0.71875 0.5 0.75 0.5 0.78125 0.8816251 0.75 0.5 0.78125 0.5 0.8125 0.8816251 0.78125 0.5 0.8125 0.5 0.84375 0.8816251 0.8125 0.5 0.84375 0.5 0.875 0.8816251 0.84375 0.5 0.875 0.5 0.90625 0.8816251 0.875 0.5 0.90625 0.5 0.9375 0.8816251 0.90625 0.5 0.9375 0.5 0.96875 0.8816251 0.9375 0.5 0.96875 0.5 1 0.8816251 0.96875 0.5 1 0.5 0.90625 1 0.875 1 0.875 1 0.4375 1 0.40625 1 0.40625 1 0.125 1 0.15625 1 0.125 1 0.8125 1 0.84375 1 0.8125 1 0.53125 1 0.5625 1 0.53125 1 0.25 1 0.28125 1 0.25 1 0.9375 1 0.96875 1 0.9375 1 0.6875 1 0.65625 1 0.65625 1 0.375 1 0.40625 1 0.375 1 0.125 1 0.09375 1 0.09375 1 0.8125 1 0.78125 1 0.78125 1 0.53125 1 0.5 1 0.5 1 0.21875 1 0.25 1 0.21875 1 0.9375 1 0.90625 1 0.90625 1 0.625 1 0.65625 1 0.625 1 0.34375 1 0.375 1 0.34375 1 0.09375 1 0.0625 1 0.0625 1 0.78125 1 0.75 1 0.75 1 0.46875 1 0.5 1 0.46875 1 0.1875 1 0.21875 1 0.1875 1 0.90625 1 0.875 1 0.875 1 0.625 1 0.59375 1 0.59375 1 0.34375 1 0.3125 1 0.3125 1 0.03125 1 0.0625 1 0.03125 1 0.75 1 0.71875 1 0.71875 1 0.46875 1 0.4375 1 0.4375 1 0.15625 1 0.1875 1 0.15625 1 0.875 1 0.84375 1 0.84375 1 0.5625 1 0.59375 1 0.5625 1 0.28125 1 0.3125 1 0.28125 1 1 1 0.96875 1 0.96875 1 0 1 0.03125 1 0 1 0.8125 1 0.84375 1 0.8125 1 0.0625 1 0.03125 1 0.03125 1 0.4375 1 0.46875 1 0.4375 1 0.875 1 0.84375 1 0.84375 1 0.03125 1 0 1 0 1 0.40625 1 0.4375 1 0.40625 1 0.84375 1 0.8125 1 0.8125 1 0.375 1 0.40625 1 0.375 1 0.8125 1 0.78125 1 0.78125 1 0.375 1 0.34375 1 0.34375 1 0.78125 1 0.75 1 0.75 1 0.3125 1 0.34375 1 0.3125 1 0.75 1 0.71875 1 0.71875 1 0.28125 1 0.3125 1 0.28125 1 0.71875 1 0.6875 1 0.6875 1 0.28125 1 0.25 1 0.25 1 0.6875 1 0.65625 1 0.65625 1 0.25 1 0.21875 1 0.21875 1 0.65625 1 0.625 1 0.625 1 0.21875 1 0.1875 1 0.1875 1 0.59375 1 0.625 1 0.59375 1 0.1875 1 0.15625 1 0.15625 1 0.59375 1 0.5625 1 0.5625 1 1 1 0.96875 1 0.96875 1 0.15625 1 0.125 1 0.125 1 0.53125 1 0.5625 1 0.53125 1 0.96875 1 0.9375 1 0.9375 1 0.125 1 0.09375 1 0.09375 1 0.53125 1 0.5 1 0.5 1 0.9375 1 0.90625 1 0.90625 1 0.09375 1 0.0625 1 0.0625 1 0.5 1 0.46875 1 0.46875 1 0 0 0 0 0 0 0 0 0 0 0 0 0 0 0 0 0 0 0 0 0 0 0 0 0 0 0 0 0 0 0 0 0 0 0 0 0 0 0 0 0 0 0 0 0 0 0 0 0 0 0 0 0 0 0 0 0 0 0 0 0 0 0 0 0 0 0 0 0 0 0 0 0 0 0 0 0 0 0 0 0 0 0 0 0 0 0 0 0 0 0 0 0 0 0 0 0 0 0 0 0 0 0 0 0 0 0 0 0 0 0 0 0 0 0 0 0 0 0 0 0 0 0 0 0 0 0 0 0 0 0 0 0 0 0 0 0 0 0 0 0 0 0 0 0 0 0 0 0 0 0 0 0 0 0 0 0 0 0 0 0 0 0 0 0 0 0 0 0 0 0 0 0 0 0 0 0 0 0 0 0 0 0 0 0 0 0 0 0 0 0 0 0 0 0 0 0 0 0 0 0 0 0 0 0 0 0 0 0 0 0 0 0 0 0 0 0 0 0 0 0 0 0 0 0 0 0 0 0 0 0 0 0 0 0 0 0 0 0 0 0 0 0 0 0 0 0 0 0 0 0 0 0 0 0 0 0 0 0 0 0 0 0 0 0 0 0 0 0 0 0 0 0 0 0 0 0 0 0 0 0 0 0 0 0 0 0 0 0 0 0 0 0 0 0 0 0 0 0 0 0 0 0 0 0 0 0 0 0 0 0 0 0 0 0 0 0 0 0 0 0 0 0 0 0 0 0 0 0 0 0 0 0 0 0 0 0 0 0 0 0 0 0 0 0 0 0 0 0 0 0 0 0 0 0 0 0 0 0 0 0 0 0 0 0 0 0 0 0 0 0 0 0 0 0 0 0 0 0 0 0 0 0 0 0 0 0 0 0 0 0 0 0 0 0 0 0 0 0 0 0 0 0 0 0 0 0 0 0 0 0 0 0 0 0 0 0 0 0 0 0 0 0 0 0 0 0 0 0 0 0 0 0 0 0 0 0 0 0 0 0 0 0 0 0 0 0 0 0 0 0 0 0 0 0 0 0 0 0 0 0 0 0 0 0 0 0 0 0 0 0 0 0 0 0 0 0 0 0 0 0 0 0 0 0 0 0 0 0 0 0 0 0 0 0 0 0 0 0 0 0 0 0 0 0 0 0 0 0 0 0 0 0 0 0 0 0 0 0 0 0 0 0 0 0 0 0 0 0 0 0 0 0 0 0 0 0 0 0 0 0 0 0 0 0 0 0 0 0 0 0 0 0 0 0 0 0 0 0 0 0 0 0 0 0 0 0 0 0 0 0 0 0 0 0 0 0 0 0 0 0 0 0 0 0 0 0 0 0 0 0 0 0 0 0 0 0 0 0 0 0 0 0 0 0 0 0 0 0 0 0 0 0 0 0 0 0 0 0 0 0 0 0 0 0 0 0 0 0 0 0 0 0 0 0 0 0 0 0 0 0 0 0 0 0 0 0 0 0 0 0 0 0 0 0 0 0 0 0 0 0 0 0 0 0 0 0 0 0 0 0 0 0 0 0 0 0 0 0 0 0 0 0 0 0 0 0 0 0 0 0 0 0 0 0 0 0 0 0 0 0 0 0 0 0 0 0 0 0 0 0 0 0 0 0 0 0 0 0 0 0 0 0 0 0 0 0 0 0 0 0 0 0 0 0 0 0 0 0 0 0 0 0 0 0 0 0 0 0 0 0 0 0 0 0 0 0 0 0 0 0 0 0 0 0 0 0 0 0.34375 1 0.375 1 0.34375 1 0.375 1 0.40625 1 0.375 1 0.8125 1 0.78125 1 0.78125 1 0.34375 1 0.375 1 0.34375 1 0.75 1 0.78125 1 0.75 1 0.34375 1 0.3125 1 0.3125 1 0.75 1 0.71875 1 0.71875 1 0.28125 1 0.3125 1 0.28125 1 0.71875 1 0.6875 1 0.6875 1 0.25 1 0.28125 1 0.25 1 0.6875 1 0.65625 1 0.65625 1 0.21875 1 0.25 1 0.21875 1 0.65625 1 0.625 1 0.625 1 0.1875 1 0.21875 1 0.1875 1 0.625 1 0.59375 1 0.59375 1 0.15625 1 0.1875 1 0.15625 1 0.59375 1 0.5625 1 0.5625 1 1 1 0.96875 1 0.96875 1 0.125 1 0.15625 1 0.125 1 0.5625 1 0.53125 1 0.53125 1 0.9375 1 0.96875 1 0.9375 1 0.125 1 0.09375 1 0.09375 1 0.53125 1 0.5 1 0.5 1 0.90625 1 0.9375 1 0.90625 1 0.09375 1 0.0625 1 0.0625 1 0.46875 1 0.5 1 0.46875 1 0.90625 1 0.875 1 0.875 1 0.03125 1 0.0625 1 0.03125 1 0.46875 1 0.4375 1 0.4375 1 0.875 1 0.84375 1 0.84375 1 0.03125 1 0 1 0 1 0.4375 1 0.40625 1 0.40625 1 0.02826899 0.3418443 0.1581559 0.02826893 0.4717311 0.158156 0.78125 1 0.75 1 0.75 1 0.3125 1 0.34375 1 0.3125 1 0.75 1 0.71875 1 0.71875 1 0.28125 1 0.3125 1 0.28125 1 0.6875 1 0.71875 1 0.6875 1 0.25 1 0.28125 1 0.25 1 0.65625 1 0.6875 1 0.65625 1 0.25 1 0.21875 1 0.21875 1 0.625 1 0.65625 1 0.625 1 0.21875 1 0.1875 1 0.1875 1 0.59375 1 0.625 1 0.59375 1 0.1875 1 0.15625 1 0.15625 1 0.5625 1 0.59375 1 0.5625 1 1 1 0.96875 1 0.96875 1 0.15625 1 0.125 1 0.125 1 0.53125 1 0.5625 1 0.53125 1 0.96875 1 0.9375 1 0.9375 1 0.125 1 0.09375 1 0.09375 1 0.5 1 0.53125 1 0.5 1 0.9375 1 0.90625 1 0.90625 1 0.09375 1 0.0625 1 0.0625 1 0.46875 1 0.5 1 0.46875 1 0.90625 1 0.875 1 0.875 1 0.0625 1 0.03125 1 0.03125 1 0.4375 1 0.46875 1 0.4375 1 0.875 1 0.84375 1 0.84375 1 0.03125 1 0 1 0 1 0.40625 1 0.4375 1 0.40625 1 0.84375 1 0.8125 1 0.8125 1 0.375 1 0.40625 1 0.375 1 0.8125 1 0.78125 1 0.78125 1 0.7968216 0.01461148 0.5146115 0.2031785 0.7031787 0.4853885 0.71875 0.5 0.6875 0.5 0.71875 0.5 0.4375 0.5 0.40625 0.5 0.4375 0.5 0.125 0.5 0.15625 0.5 0.15625 0.5 0.84375 0.5 0.8125 0.5 0.84375 0.5 0.53125 0.5 0.5625 0.5 0.5625 0.5 0.25 0.5 0.28125 0.5 0.28125 0.5 0.9375 0.5 0.96875 0.5 0.96875 0.5 0.6875 0.5 0.65625 0.5 0.6875 0.5 0.40625 0.5 0.375 0.5 0.40625 0.5 0.09375 0.5 0.125 0.5 0.125 0.5 0.8125 0.5 0.78125 0.5 0.8125 0.5 0.53125 0.5 0.5 0.5 0.53125 0.5 0.21875 0.5 0.25 0.5 0.25 0.5 0.9375 0.5 0.90625 0.5 0.9375 0.5 0.65625 0.5 0.625 0.5 0.65625 0.5 0.34375 0.5 0.375 0.5 0.375 0.5 0.0625 0.5 0.09375 0.5 0.09375 0.5 0.78125 0.5 0.75 0.5 0.78125 0.5 0.46875 0.5 0.5 0.5 0.5 0.5 0.1875 0.5 0.21875 0.5 0.21875 0.5 0.875 0.5 0.90625 0.5 0.90625 0.5 0.625 0.5 0.59375 0.5 0.625 0.5 0.3125 0.5 0.34375 0.5 0.34375 0.5 0.03125 0.5 0.0625 0.5 0.0625 0.5 0.75 0.5 0.71875 0.5 0.75 0.5 0.4375 0.5 0.46875 0.5 0.46875 0.5 0.15625 0.5 0.1875 0.5 0.1875 0.5 0.875 0.5 0.84375 0.5 0.875 0.5 0.59375 0.5 0.5625 0.5 0.59375 0.5 0.28125 0.5 0.3125 0.5 0.3125 0.5 0.96875 0.5 1 0.5 1 0.5 0.08029425 0.08029443 0.116663 0.05044734 0.116663 0.05044734 0.5802946 0.4197058 0.6166634 0.4495529 0.6166634 0.4495529 0.4495527 0.1166631 0.4717311 0.158156 0.4717311 0.158156 0.5802943 0.08029443 0.616663 0.05044734 0.5802943 0.08029443 0.341844 0.4717311 0.2968217 0.4853885 0.2968217 0.4853885 0.9495527 0.1166631 0.9717311 0.158156 0.9495527 0.1166631 0.05044746 0.3833371 0.08029454 0.4197058 0.05044746 0.3833371 0.841844 0.4717311 0.7968217 0.4853885 0.841844 0.4717311 0.116663 0.05044734 0.1581559 0.02826893 0.1581559 0.02826893 0.5504475 0.3833371 0.5802946 0.4197058 0.5802946 0.4197058 0.4717311 0.158156 0.4853885 0.2031783 0.4853885 0.2031783 0.616663 0.05044734 0.6581559 0.02826893 0.616663 0.05044734 0.9717311 0.158156 0.9853885 0.2031783 0.9717311 0.158156 0.02826899 0.3418443 0.05044746 0.3833371 0.02826899 0.3418443 0.25 0.49 0.2968217 0.4853885 0.25 0.49 0.1581559 0.02826893 0.2031782 0.01461154 0.2031782 0.01461154 0.5282691 0.3418443 0.5504475 0.3833371 0.5504475 0.3833371 0.75 0.49 0.7968217 0.4853885 0.7968217 0.4853885 0.4853885 0.2031783 0.49 0.25 0.49 0.25 0.6581559 0.02826893 0.7031782 0.01461154 0.6581559 0.02826893 0.9853885 0.2031783 0.99 0.25 0.9853885 0.2031783 0.01461154 0.2968219 0.02826899 0.3418443 0.01461154 0.2968219 0.2031782 0.01461154 0.2499999 0.00999999 0.2499999 0.00999999 0.5146116 0.2968219 0.5282691 0.3418443 0.5282691 0.3418443 0.4853885 0.2968217 0.49 0.25 0.4853885 0.2968217 0.75 0.00999999 0.7031782 0.01461154 0.7031782 0.01461154 0.9853885 0.2968217 0.99 0.25 0.99 0.25 0.01461154 0.2968219 0.00999999 0.2500002 0.00999999 0.2500002 0.2499999 0.00999999 0.2968216 0.01461148 0.2968216 0.01461148 0.5146116 0.2968219 0.51 0.2500002 0.5146116 0.2968219 0.616663 0.05044734 0.1581559 0.02826893 0.6581559 0.02826893 0.4717311 0.341844 0.4853885 0.2968217 0.4717311 0.341844 0.75 0.00999999 0.7968216 0.01461148 0.75 0.00999999 0.5802943 0.08029443 0.116663 0.05044734 0.616663 0.05044734 1 1 0.96875 0.5 1 0.5 0.96875 0.5 0.9375 1 0.9375 0.5 0.9375 1 0.90625 0.5 0.9375 0.5 0.90625 1 0.875 0.5 0.90625 0.5 0.875 1 0.84375 0.5 0.875 0.5 0.84375 1 0.8125 0.5 0.84375 0.5 0.8125 1 0.78125 0.5 0.8125 0.5 0.78125 1 0.75 0.5 0.78125 0.5 0.75 1 0.71875 0.5 0.75 0.5 0.71875 1 0.6875 0.5 0.71875 0.5 0.6875 1 0.65625 0.5 0.6875 0.5 0.65625 0.5 0.625 1 0.625 0.5 0.625 1 0.59375 0.5 0.625 0.5 0.59375 1 0.5625 0.5 0.59375 0.5 0.5625 1 0.53125 0.5 0.5625 0.5 0.53125 1 0.5 0.5 0.53125 0.5 0.5 1 0.46875 0.5 0.5 0.5 0.46875 1 0.4375 0.5 0.46875 0.5 0.4375 0.5 0.40625 1 0.40625 0.5 0.40625 1 0.375 0.5 0.40625 0.5 0.375 1 0.34375 0.5 0.375 0.5 0.34375 0.5 0.3125 1 0.3125 0.5 0.3125 1 0.28125 0.5 0.3125 0.5 0.28125 0.5 0.25 1 0.25 0.5 0.25 0.5 0.21875 1 0.21875 0.5 0.21875 0.5 0.1875 1 0.1875 0.5 0.1875 0.5 0.15625 1 0.15625 0.5 0.15625 1 0.125 0.5 0.15625 0.5 0.125 1 0.09375 0.5 0.125 0.5 0.09375 0.5 0.0625 1 0.0625 0.5 0.0625 1 0.03125 0.5 0.0625 0.5 0.03125 1 0 0.5 0.03125 0.5 0.8833369 0.4495527 0.841844 0.4717311 0.8833369 0.4495527 0.08029454 0.4197058 0.1166634 0.4495529 0.08029454 0.4197058 0.9197056 0.08029437 0.9495527 0.1166631 0.9197056 0.08029437 0.3833369 0.4495527 0.341844 0.4717311 0.341844 0.4717311 0.5802943 0.08029443 0.5504472 0.1166633 0.5504472 0.1166633 0.4197056 0.08029437 0.4495527 0.1166631 0.4495527 0.1166631 0.6166634 0.4495529 0.6581563 0.4717312 0.6581563 0.4717312 0.08029425 0.08029443 0.05044716 0.1166633 0.08029425 0.08029443 0.9197056 0.4197056 0.8833369 0.4495527 0.9197056 0.4197056 0.1581563 0.4717312 0.1166634 0.4495529 0.1166634 0.4495529 0.8833369 0.05044728 0.9197056 0.08029437 0.8833369 0.05044728 0.4197056 0.4197056 0.3833369 0.4495527 0.3833369 0.4495527 0.5504472 0.1166633 0.5282688 0.1581561 0.5282688 0.1581561 0.3833369 0.05044728 0.4197056 0.08029437 0.4197056 0.08029437 0.7031787 0.4853885 0.6581563 0.4717312 0.7031787 0.4853885 0.02826881 0.1581561 0.05044716 0.1166633 0.05044716 0.1166633 0.9197056 0.4197056 0.9495527 0.3833369 0.9495527 0.3833369 0.2031787 0.4853885 0.1581563 0.4717312 0.1581563 0.4717312 0.841844 0.02826887 0.8833369 0.05044728 0.841844 0.02826887 0.4495527 0.3833369 0.4197056 0.4197056 0.4197056 0.4197056 0.5146115 0.2031785 0.5282688 0.1581561 0.5146115 0.2031785 0.341844 0.02826887 0.3833369 0.05044728 0.3833369 0.05044728 0.7031787 0.4853885 0.75 0.49 0.75 0.49 0.01461148 0.2031785 0.02826881 0.1581561 0.02826881 0.1581561 0.9495527 0.3833369 0.9717311 0.341844 0.9717311 0.341844 0.25 0.49 0.2031787 0.4853885 0.2031787 0.4853885 0.841844 0.02826887 0.7968216 0.01461148 0.7968216 0.01461148 0.4495527 0.3833369 0.4717311 0.341844 0.4495527 0.3833369 0.5146115 0.2031785 0.51 0.2500002 0.51 0.2500002 0.341844 0.02826887 0.2968216 0.01461148 0.341844 0.02826887 0.01461148 0.2031785 0.00999999 0.2500002 0.01461148 0.2031785 0.9717311 0.341844 0.9853885 0.2968217 0.9853885 0.2968217 0.7031782 0.01461154 0.1581559 0.02826893 0.2031782 0.01461154 0.7031782 0.01461154 0.2499999 0.00999999 0.75 0.00999999 0.75 0.00999999 0.2968216 0.01461148 0.7968216 0.01461148 0.7968216 0.01461148 0.341844 0.02826887 0.841844 0.02826887 0.841844 0.02826887 0.3833369 0.05044728 0.8833369 0.05044728 0.8833369 0.05044728 0.4197056 0.08029437 0.9197056 0.08029437 0.9197056 0.08029437 0.4495527 0.1166631 0.9495527 0.1166631 0.9495527 0.1166631 0.4717311 0.158156 0.9717311 0.158156 0.9717311 0.158156 0.4853885 0.2031783 0.9853885 0.2031783 0.9853885 0.2031783 0.49 0.25 0.99 0.25 0.99 0.25 0.4853885 0.2968217 0.9853885 0.2968217 0.9853885 0.2968217 0.4717311 0.341844 0.9717311 0.341844 0.9717311 0.341844 0.4495527 0.3833369 0.9495527 0.3833369 0.9495527 0.3833369 0.4197056 0.4197056 0.9197056 0.4197056 0.9197056 0.4197056 0.3833369 0.4495527 0.8833369 0.4495527 0.8833369 0.4495527 0.341844 0.4717311 0.841844 0.4717311 0.841844 0.4717311 0.2968217 0.4853885 0.7968217 0.4853885 0.7968217 0.4853885 0.25 0.49 0.75 0.49 0.75 0.49 0.2031787 0.4853885 0.7031787 0.4853885 0.6581563 0.4717312 0.2031787 0.4853885 0.1581563 0.4717312 0.6581563 0.4717312 0.1166634 0.4495529 0.6166634 0.4495529 0.6166634 0.4495529 0.08029454 0.4197058 0.5802946 0.4197058 0.5504475 0.3833371 0.08029454 0.4197058 0.05044746 0.3833371 0.5282691 0.3418443 0.05044746 0.3833371 0.02826899 0.3418443 0.5146116 0.2968219 0.02826899 0.3418443 0.01461154 0.2968219 0.51 0.2500002 0.01461154 0.2968219 0.00999999 0.2500002 0.5146115 0.2031785 0.00999999 0.2500002 0.01461148 0.2031785 0.5146115 0.2031785 0.02826881 0.1581561 0.5282688 0.1581561 0.5504472 0.1166633 0.02826881 0.1581561 0.05044716 0.1166633 0.5504472 0.1166633 0.08029425 0.08029443 0.5802943 0.08029443 0.96875 0.5 1 1 1 0.5 0.9375 0.5 0.96875 1 0.96875 0.5 0.90625 0.5 0.9375 1 0.9375 0.5 0.875 0.5 0.90625 1 0.90625 0.5 0.875 0.5 0.84375 1 0.875 1 0.8125 0.5 0.84375 1 0.84375 0.5 0.78125 0.5 0.8125 1 0.8125 0.5 0.75 0.5 0.78125 1 0.78125 0.5 0.71875 0.5 0.75 1 0.75 0.5 0.6875 0.5 0.71875 1 0.71875 0.5 0.65625 0.5 0.6875 1 0.6875 0.5 0.625 0.5 0.65625 1 0.65625 0.5 0.59375 0.5 0.625 1 0.625 0.5 0.5625 0.5 0.59375 1 0.59375 0.5 0.53125 0.5 0.5625 1 0.5625 0.5 0.5 0.5 0.53125 1 0.53125 0.5 0.46875 0.5 0.5 1 0.5 0.5 0.4375 0.5 0.46875 1 0.46875 0.5 0.40625 0.5 0.4375 1 0.4375 0.5 0.375 0.5 0.40625 1 0.40625 0.5 0.375 0.5 0.34375 1 0.375 1 0.3125 0.5 0.34375 1 0.34375 0.5 0.28125 0.5 0.3125 1 0.3125 0.5 0.25 0.5 0.28125 1 0.28125 0.5 0.25 0.5 0.21875 1 0.25 1 0.1875 0.5 0.21875 1 0.21875 0.5 0.15625 0.5 0.1875 1 0.1875 0.5 0.125 0.5 0.15625 1 0.15625 0.5 0.09375 0.5 0.125 1 0.125 0.5 0.09375 0.5 0.0625 1 0.09375 1 0.03125 0.5 0.0625 1 0.0625 0.5 0 0.5 0.03125 1 0.03125 0.5 1 1 0.96875 0.5 1 0.5 0.96875 1 0.9375 0.5 0.96875 0.5 0.9375 1 0.90625 0.5 0.9375 0.5 0.90625 1 0.875 0.5 0.90625 0.5 0.875 0.5 0.84375 1 0.84375 0.5 0.84375 1 0.8125 0.5 0.84375 0.5 0.8125 1 0.78125 0.5 0.8125 0.5 0.78125 1 0.75 0.5 0.78125 0.5 0.75 1 0.71875 0.5 0.75 0.5 0.71875 1 0.6875 0.5 0.71875 0.5 0.6875 1 0.65625 0.5 0.6875 0.5 0.65625 1 0.625 0.5 0.65625 0.5 0.625 1 0.59375 0.5 0.625 0.5 0.59375 1 0.5625 0.5 0.59375 0.5 0.5625 1 0.53125 0.5 0.5625 0.5 0.53125 1 0.5 0.5 0.53125 0.5 0.5 1 0.46875 0.5 0.5 0.5 0.46875 1 0.4375 0.5 0.46875 0.5 0.4375 1 0.40625 0.5 0.4375 0.5 0.40625 1 0.375 0.5 0.40625 0.5 0.375 0.5 0.34375 1 0.34375 0.5 0.34375 1 0.3125 0.5 0.34375 0.5 0.3125 1 0.28125 0.5 0.3125 0.5 0.28125 1 0.25 0.5 0.28125 0.5 0.25 0.5 0.21875 1 0.21875 0.5 0.21875 1 0.1875 0.5 0.21875 0.5 0.1875 1 0.15625 0.5 0.1875 0.5 0.15625 1 0.125 0.5 0.15625 0.5 0.125 0.5 0.09375 1 0.09375 0.5 0.09375 1 0.0625 0.5 0.09375 0.5 0.0625 1 0.03125 0.5 0.0625 0.5 0.03125 1 0 0.5 0.03125 0.5 0.4375 0.5 0.46875 0.5 0.4375 0.5 0.71875 1 0.75 1 0.75 1 1 0.5 0.96875 0.5 0.96875 0.5 0.1875 0.5 0.15625 0.5 0.15625 0.5 0.4375 1 0.46875 1 0.46875 1 1 1 0.96875 1 1 1 0.1875 1 0.15625 1 0.1875 1 0.71875 0.5 0.6875 0.5 0.6875 0.5 0.40625 0.5 0.4375 0.5 0.40625 0.5 0.71875 1 0.6875 1 0.71875 1 0.125 0.5 0.15625 0.5 0.125 0.5 0.40625 1 0.4375 1 0.4375 1 0.96875 0.5 0.9375 0.5 0.9375 0.5 0.125 1 0.15625 1 0.15625 1 0.6875 0.5 0.65625 0.5 0.65625 0.5 0.96875 1 0.9375 1 0.96875 1 0.375 0.5 0.40625 0.5 0.375 0.5 0.6875 1 0.65625 1 0.6875 1 0.125 0.5 0.09375 0.5 0.09375 0.5 0.375 1 0.40625 1 0.40625 1 0.9375 0.5 0.90625 0.5 0.90625 0.5 0.125 1 0.09375 1 0.125 1 0.65625 0.5 0.625 0.5 0.625 0.5 0.9375 1 0.90625 1 0.9375 1 0.34375 0.5 0.375 0.5 0.34375 0.5 0.65625 1 0.625 1 0.65625 1 0.09375 0.5 0.0625 0.5 0.0625 0.5 0.34375 1 0.375 1 0.375 1 0.90625 0.5 0.875 0.5 0.875 0.5 0.09375 1 0.0625 1 0.09375 1 0.59375 0.5 0.625 0.5 0.59375 0.5 0.90625 1 0.875 1 0.90625 1 0.34375 0.5 0.3125 0.5 0.3125 0.5 0.59375 1 0.625 1 0.625 1 0.0625 0.5 0.03125 0.5 0.03125 0.5 0.34375 1 0.3125 1 0.34375 1 0.84375 0.5 0.875 0.5 0.84375 0.5 0.0625 1 0.03125 1 0.0625 1 0.59375 0.5 0.5625 0.5 0.5625 0.5 0.84375 1 0.875 1 0.875 1 0.3125 0.5 0.28125 0.5 0.28125 0.5 0.5625 1 0.59375 1 0.59375 1 0 0.5 0.03125 0.5 0 0.5 0.3125 1 0.28125 1 0.3125 1 0.84375 0.5 0.8125 0.5 0.8125 0.5 0 1 0.03125 1 0.03125 1 0.5625 0.5 0.53125 0.5 0.53125 0.5 0.84375 1 0.8125 1 0.84375 1 0.28125 0.5 0.25 0.5 0.25 0.5 0.5625 1 0.53125 1 0.5625 1 0.28125 1 0.25 1 0.28125 1 0.8125 0.5 0.78125 0.5 0.78125 0.5 0.5 0.5 0.53125 0.5 0.5 0.5 0.8125 1 0.78125 1 0.8125 1 0.25 0.5 0.21875 0.5 0.21875 0.5 0.5 1 0.53125 1 0.53125 1 0.21875 1 0.25 1 0.25 1 0.75 0.5 0.78125 0.5 0.75 0.5 0.5 0.5 0.46875 0.5 0.46875 0.5 0.75 1 0.78125 1 0.78125 1 0.21875 0.5 0.1875 0.5 0.1875 0.5 0.5 1 0.46875 1 0.5 1 0.21875 1 0.1875 1 0.21875 1 0.71875 0.5 0.75 0.5 0.71875 0.5 0.625 0.125 0.5833333 0.25 0.5833333 0.125 0.625 0.375 0.5833333 0.5 0.5833333 0.375 0.5833333 0.625 0.625 0.75 0.5833333 0.75 0.625 0.875 0.5833333 1 0.5833333 0.875 0.375 0.625 0.25 0.75 0.25 0.625 0.75 0.625 0.875 0.75 0.75 0.75 0.75 0.5 0.875 0.625 0.75 0.625 0.375 0.5 0.25 0.625 0.25 0.5 0.5833333 0.5 0.625 0.625 0.5833333 0.625 0.625 0 0.5833333 0.125 0.5833333 0 0.125 0.5 0.25 0.625 0.125 0.625 0.75 0.5 0.625 0.625 0.625 0.5 0.75 0.625 0.625 0.75 0.625 0.625 0.125 0.625 0.25 0.75 0.125 0.75 0.5833333 0.75 0.625 0.875 0.5833333 0.875 0.5833333 0.25 0.625 0.375 0.5833333 0.375 0.4166666 0.25 0.375 0.375 0.375 0.25 0.4583333 0.25 0.4166666 0.375 0.4166666 0.25 0.4583333 0.25 0.5 0.375 0.4583333 0.375 0.5416667 0.25 0.5 0.375 0.5 0.25 0.5833333 0.25 0.5416667 0.375 0.5416667 0.25 0.375 0.75 0.4166666 0.875 0.375 0.875 0.4166666 0.75 0.4583333 0.875 0.4166666 0.875 0.4583333 0.75 0.5 0.875 0.4583333 0.875 0.5 0.75 0.5416667 0.875 0.5 0.875 0.5833333 0.75 0.5416667 0.875 0.5416667 0.75 0.4166667 0 0.375 0.125 0.375 0 0.4166667 0 0.4583333 0.125 0.4166666 0.125 0.5 0 0.4583333 0.125 0.4583333 0 0.5416666 0 0.5 0.125 0.5 0 0.5833333 0 0.5416667 0.125 0.5416666 0 0.4166666 0.5 0.375 0.625 0.375 0.5 0.4583333 0.5 0.4166666 0.625 0.4166666 0.5 0.4583333 0.5 0.5 0.625 0.4583333 0.625 0.5 0.5 0.5416667 0.625 0.5 0.625 0.5416667 0.5 0.5833333 0.625 0.5416667 0.625 0.4166666 0.875 0.375 1 0.375 0.875 0.4583333 0.875 0.4166667 1 0.4166666 0.875 0.5 0.875 0.4583333 1 0.4583333 0.875 0.5 0.875 0.5416666 1 0.5 1 0.5416667 0.875 0.5833333 1 0.5416666 1 0.375 0.625 0.4166666 0.75 0.375 0.75 0.4166666 0.625 0.4583333 0.75 0.4166666 0.75 0.4583333 0.625 0.5 0.75 0.4583333 0.75 0.5416667 0.625 0.5 0.75 0.5 0.625 0.5833333 0.625 0.5416667 0.75 0.5416667 0.625 0.375 0.375 0.4166666 0.5 0.375 0.5 0.4166666 0.375 0.4583333 0.5 0.4166666 0.5 0.4583333 0.375 0.5 0.5 0.4583333 0.5 0.5416667 0.375 0.5 0.5 0.5 0.375 0.5833333 0.375 0.5416667 0.5 0.5416667 0.375 0.4166666 0.125 0.375 0.25 0.375 0.125 0.4583333 0.125 0.4166666 0.25 0.4166666 0.125 0.5 0.125 0.4583333 0.25 0.4583333 0.125 0.5 0.125 0.5416667 0.25 0.5 0.25 0.5416667 0.125 0.5833333 0.25 0.5416667 0.25 0.625 0.125 0.5833333 0.25 0.5833333 0.125 0.625 0.375 0.5833333 0.5 0.5833333 0.375 0.5833333 0.625 0.625 0.75 0.5833333 0.75 0.625 0.875 0.5833333 1 0.5833333 0.875 0.375 0.625 0.25 0.75 0.25 0.625 0.75 0.625 0.875 0.75 0.75 0.75 0.75 0.5 0.875 0.625 0.75 0.625 0.375 0.5 0.25 0.625 0.25 0.5 0.5833333 0.5 0.625 0.625 0.5833333 0.625 0.625 0 0.5833333 0.125 0.5833333 0 0.125 0.5 0.25 0.625 0.125 0.625 0.75 0.5 0.625 0.625 0.625 0.5 0.75 0.625 0.625 0.75 0.625 0.625 0.125 0.625 0.25 0.75 0.125 0.75 0.5833333 0.75 0.625 0.875 0.5833333 0.875 0.5833333 0.25 0.625 0.375 0.5833333 0.375 0.4166666 0.25 0.375 0.375 0.375 0.25 0.4583333 0.25 0.4166666 0.375 0.4166666 0.25 0.4583333 0.25 0.5 0.375 0.4583333 0.375 0.5416667 0.25 0.5 0.375 0.5 0.25 0.5833333 0.25 0.5416667 0.375 0.5416667 0.25 0.375 0.75 0.4166666 0.875 0.375 0.875 0.4166666 0.75 0.4583333 0.875 0.4166666 0.875 0.4583333 0.75 0.5 0.875 0.4583333 0.875 0.5 0.75 0.5416667 0.875 0.5 0.875 0.5833333 0.75 0.5416667 0.875 0.5416667 0.75 0.4166667 0 0.375 0.125 0.375 0 0.4166667 0 0.4583333 0.125 0.4166666 0.125 0.5 0 0.4583333 0.125 0.4583333 0 0.5416666 0 0.5 0.125 0.5 0 0.5833333 0 0.5416667 0.125 0.5416666 0 0.4166666 0.5 0.375 0.625 0.375 0.5 0.4583333 0.5 0.4166666 0.625 0.4166666 0.5 0.4583333 0.5 0.5 0.625 0.4583333 0.625 0.5 0.5 0.5416667 0.625 0.5 0.625 0.5416667 0.5 0.5833333 0.625 0.5416667 0.625 0.4166666 0.875 0.375 1 0.375 0.875 0.4583333 0.875 0.4166667 1 0.4166666 0.875 0.5 0.875 0.4583333 1 0.4583333 0.875 0.5 0.875 0.5416666 1 0.5 1 0.5416667 0.875 0.5833333 1 0.5416666 1 0.375 0.625 0.4166666 0.75 0.375 0.75 0.4166666 0.625 0.4583333 0.75 0.4166666 0.75 0.4583333 0.625 0.5 0.75 0.4583333 0.75 0.5416667 0.625 0.5 0.75 0.5 0.625 0.5833333 0.625 0.5416667 0.75 0.5416667 0.625 0.375 0.375 0.4166666 0.5 0.375 0.5 0.4166666 0.375 0.4583333 0.5 0.4166666 0.5 0.4583333 0.375 0.5 0.5 0.4583333 0.5 0.5416667 0.375 0.5 0.5 0.5 0.375 0.5833333 0.375 0.5416667 0.5 0.5416667 0.375 0.4166666 0.125 0.375 0.25 0.375 0.125 0.4583333 0.125 0.4166666 0.25 0.4166666 0.125 0.5 0.125 0.4583333 0.25 0.4583333 0.125 0.5 0.125 0.5416667 0.25 0.5 0.25 0.5416667 0.125 0.5833333 0.25 0.5416667 0.25 0.625 0.125 0.5833333 0.25 0.5833333 0.125 0.625 0.375 0.5833333 0.5 0.5833333 0.375 0.5833333 0.625 0.625 0.75 0.5833333 0.75 0.625 0.875 0.5833333 1 0.5833333 0.875 0.375 0.625 0.25 0.75 0.25 0.625 0.75 0.625 0.875 0.75 0.75 0.75 0.75 0.5 0.875 0.625 0.75 0.625 0.375 0.5 0.25 0.625 0.25 0.5 0.5833333 0.5 0.625 0.625 0.5833333 0.625 0.625 0 0.5833333 0.125 0.5833333 0 0.125 0.5 0.25 0.625 0.125 0.625 0.75 0.5 0.625 0.625 0.625 0.5 0.75 0.625 0.625 0.75 0.625 0.625 0.125 0.625 0.25 0.75 0.125 0.75 0.5833333 0.75 0.625 0.875 0.5833333 0.875 0.5833333 0.25 0.625 0.375 0.5833333 0.375 0.4166666 0.25 0.375 0.375 0.375 0.25 0.4583333 0.25 0.4166666 0.375 0.4166666 0.25 0.4583333 0.25 0.5 0.375 0.4583333 0.375 0.5416667 0.25 0.5 0.375 0.5 0.25 0.5833333 0.25 0.5416667 0.375 0.5416667 0.25 0.375 0.75 0.4166666 0.875 0.375 0.875 0.4166666 0.75 0.4583333 0.875 0.4166666 0.875 0.4583333 0.75 0.5 0.875 0.4583333 0.875 0.5 0.75 0.5416667 0.875 0.5 0.875 0.5833333 0.75 0.5416667 0.875 0.5416667 0.75 0.4166667 0 0.375 0.125 0.375 0 0.4166667 0 0.4583333 0.125 0.4166666 0.125 0.5 0 0.4583333 0.125 0.4583333 0 0.5416666 0 0.5 0.125 0.5 0 0.5833333 0 0.5416667 0.125 0.5416666 0 0.4166666 0.5 0.375 0.625 0.375 0.5 0.4583333 0.5 0.4166666 0.625 0.4166666 0.5 0.4583333 0.5 0.5 0.625 0.4583333 0.625 0.5 0.5 0.5416667 0.625 0.5 0.625 0.5416667 0.5 0.5833333 0.625 0.5416667 0.625 0.4166666 0.875 0.375 1 0.375 0.875 0.4583333 0.875 0.4166667 1 0.4166666 0.875 0.5 0.875 0.4583333 1 0.4583333 0.875 0.5 0.875 0.5416666 1 0.5 1 0.5416667 0.875 0.5833333 1 0.5416666 1 0.375 0.625 0.4166666 0.75 0.375 0.75 0.4166666 0.625 0.4583333 0.75 0.4166666 0.75 0.4583333 0.625 0.5 0.75 0.4583333 0.75 0.5416667 0.625 0.5 0.75 0.5 0.625 0.5833333 0.625 0.5416667 0.75 0.5416667 0.625 0.375 0.375 0.4166666 0.5 0.375 0.5 0.4166666 0.375 0.4583333 0.5 0.4166666 0.5 0.4583333 0.375 0.5 0.5 0.4583333 0.5 0.5416667 0.375 0.5 0.5 0.5 0.375 0.5833333 0.375 0.5416667 0.5 0.5416667 0.375 0.4166666 0.125 0.375 0.25 0.375 0.125 0.4583333 0.125 0.4166666 0.25 0.4166666 0.125 0.5 0.125 0.4583333 0.25 0.4583333 0.125 0.5 0.125 0.5416667 0.25 0.5 0.25 0.5416667 0.125 0.5833333 0.25 0.5416667 0.25 0.625 0.125 0.5833333 0.25 0.5833333 0.125 0.625 0.375 0.5833333 0.5 0.5833333 0.375 0.5833333 0.625 0.625 0.75 0.5833333 0.75 0.625 0.875 0.5833333 1 0.5833333 0.875 0.375 0.625 0.25 0.75 0.25 0.625 0.75 0.625 0.875 0.75 0.75 0.75 0.75 0.5 0.875 0.625 0.75 0.625 0.375 0.5 0.25 0.625 0.25 0.5 0.5833333 0.5 0.625 0.625 0.5833333 0.625 0.625 0 0.5833333 0.125 0.5833333 0 0.125 0.5 0.25 0.625 0.125 0.625 0.75 0.5 0.625 0.625 0.625 0.5 0.75 0.625 0.625 0.75 0.625 0.625 0.125 0.625 0.25 0.75 0.125 0.75 0.5833333 0.75 0.625 0.875 0.5833333 0.875 0.5833333 0.25 0.625 0.375 0.5833333 0.375 0.4166666 0.25 0.375 0.375 0.375 0.25 0.4583333 0.25 0.4166666 0.375 0.4166666 0.25 0.4583333 0.25 0.5 0.375 0.4583333 0.375 0.5416667 0.25 0.5 0.375 0.5 0.25 0.5833333 0.25 0.5416667 0.375 0.5416667 0.25 0.375 0.75 0.4166666 0.875 0.375 0.875 0.4166666 0.75 0.4583333 0.875 0.4166666 0.875 0.4583333 0.75 0.5 0.875 0.4583333 0.875 0.5 0.75 0.5416667 0.875 0.5 0.875 0.5833333 0.75 0.5416667 0.875 0.5416667 0.75 0.4166667 0 0.375 0.125 0.375 0 0.4166667 0 0.4583333 0.125 0.4166666 0.125 0.5 0 0.4583333 0.125 0.4583333 0 0.5416666 0 0.5 0.125 0.5 0 0.5833333 0 0.5416667 0.125 0.5416666 0 0.4166666 0.5 0.375 0.625 0.375 0.5 0.4583333 0.5 0.4166666 0.625 0.4166666 0.5 0.4583333 0.5 0.5 0.625 0.4583333 0.625 0.5 0.5 0.5416667 0.625 0.5 0.625 0.5416667 0.5 0.5833333 0.625 0.5416667 0.625 0.4166666 0.875 0.375 1 0.375 0.875 0.4583333 0.875 0.4166667 1 0.4166666 0.875 0.5 0.875 0.4583333 1 0.4583333 0.875 0.5 0.875 0.5416666 1 0.5 1 0.5416667 0.875 0.5833333 1 0.5416666 1 0.375 0.625 0.4166666 0.75 0.375 0.75 0.4166666 0.625 0.4583333 0.75 0.4166666 0.75 0.4583333 0.625 0.5 0.75 0.4583333 0.75 0.5416667 0.625 0.5 0.75 0.5 0.625 0.5833333 0.625 0.5416667 0.75 0.5416667 0.625 0.375 0.375 0.4166666 0.5 0.375 0.5 0.4166666 0.375 0.4583333 0.5 0.4166666 0.5 0.4583333 0.375 0.5 0.5 0.4583333 0.5 0.5416667 0.375 0.5 0.5 0.5 0.375 0.5833333 0.375 0.5416667 0.5 0.5416667 0.375 0.4166666 0.125 0.375 0.25 0.375 0.125 0.4583333 0.125 0.4166666 0.25 0.4166666 0.125 0.5 0.125 0.4583333 0.25 0.4583333 0.125 0.5 0.125 0.5416667 0.25 0.5 0.25 0.5416667 0.125 0.5833333 0.25 0.5416667 0.25 0.625 0.125 0.5833333 0.25 0.5833333 0.125 0.625 0.375 0.5833333 0.5 0.5833333 0.375 0.5833333 0.625 0.625 0.75 0.5833333 0.75 0.625 0.875 0.5833333 1 0.5833333 0.875 0.375 0.625 0.25 0.75 0.25 0.625 0.75 0.625 0.875 0.75 0.75 0.75 0.75 0.5 0.875 0.625 0.75 0.625 0.375 0.5 0.25 0.625 0.25 0.5 0.5833333 0.5 0.625 0.625 0.5833333 0.625 0.625 0 0.5833333 0.125 0.5833333 0 0.125 0.5 0.25 0.625 0.125 0.625 0.75 0.5 0.625 0.625 0.625 0.5 0.75 0.625 0.625 0.75 0.625 0.625 0.125 0.625 0.25 0.75 0.125 0.75 0.5833333 0.75 0.625 0.875 0.5833333 0.875 0.5833333 0.25 0.625 0.375 0.5833333 0.375 0.4166666 0.25 0.375 0.375 0.375 0.25 0.4583333 0.25 0.4166666 0.375 0.4166666 0.25 0.4583333 0.25 0.5 0.375 0.4583333 0.375 0.5416667 0.25 0.5 0.375 0.5 0.25 0.5833333 0.25 0.5416667 0.375 0.5416667 0.25 0.375 0.75 0.4166666 0.875 0.375 0.875 0.4166666 0.75 0.4583333 0.875 0.4166666 0.875 0.4583333 0.75 0.5 0.875 0.4583333 0.875 0.5 0.75 0.5416667 0.875 0.5 0.875 0.5833333 0.75 0.5416667 0.875 0.5416667 0.75 0.4166667 0 0.375 0.125 0.375 0 0.4166667 0 0.4583333 0.125 0.4166666 0.125 0.5 0 0.4583333 0.125 0.4583333 0 0.5416666 0 0.5 0.125 0.5 0 0.5833333 0 0.5416667 0.125 0.5416666 0 0.4166666 0.5 0.375 0.625 0.375 0.5 0.4583333 0.5 0.4166666 0.625 0.4166666 0.5 0.4583333 0.5 0.5 0.625 0.4583333 0.625 0.5 0.5 0.5416667 0.625 0.5 0.625 0.5416667 0.5 0.5833333 0.625 0.5416667 0.625 0.4166666 0.875 0.375 1 0.375 0.875 0.4583333 0.875 0.4166667 1 0.4166666 0.875 0.5 0.875 0.4583333 1 0.4583333 0.875 0.5 0.875 0.5416666 1 0.5 1 0.5416667 0.875 0.5833333 1 0.5416666 1 0.375 0.625 0.4166666 0.75 0.375 0.75 0.4166666 0.625 0.4583333 0.75 0.4166666 0.75 0.4583333 0.625 0.5 0.75 0.4583333 0.75 0.5416667 0.625 0.5 0.75 0.5 0.625 0.5833333 0.625 0.5416667 0.75 0.5416667 0.625 0.375 0.375 0.4166666 0.5 0.375 0.5 0.4166666 0.375 0.4583333 0.5 0.4166666 0.5 0.4583333 0.375 0.5 0.5 0.4583333 0.5 0.5416667 0.375 0.5 0.5 0.5 0.375 0.5833333 0.375 0.5416667 0.5 0.5416667 0.375 0.4166666 0.125 0.375 0.25 0.375 0.125 0.4583333 0.125 0.4166666 0.25 0.4166666 0.125 0.5 0.125 0.4583333 0.25 0.4583333 0.125 0.5 0.125 0.5416667 0.25 0.5 0.25 0.5416667 0.125 0.5833333 0.25 0.5416667 0.25 0.625 0.125 0.5833333 0.25 0.5833333 0.125 0.625 0.375 0.5833333 0.5 0.5833333 0.375 0.5833333 0.625 0.625 0.75 0.5833333 0.75 0.625 0.875 0.5833333 1 0.5833333 0.875 0.375 0.625 0.25 0.75 0.25 0.625 0.75 0.625 0.875 0.75 0.75 0.75 0.75 0.5 0.875 0.625 0.75 0.625 0.375 0.5 0.25 0.625 0.25 0.5 0.5833333 0.5 0.625 0.625 0.5833333 0.625 0.625 0 0.5833333 0.125 0.5833333 0 0.125 0.5 0.25 0.625 0.125 0.625 0.75 0.5 0.625 0.625 0.625 0.5 0.75 0.625 0.625 0.75 0.625 0.625 0.125 0.625 0.25 0.75 0.125 0.75 0.5833333 0.75 0.625 0.875 0.5833333 0.875 0.5833333 0.25 0.625 0.375 0.5833333 0.375 0.4166666 0.25 0.375 0.375 0.375 0.25 0.4583333 0.25 0.4166666 0.375 0.4166666 0.25 0.4583333 0.25 0.5 0.375 0.4583333 0.375 0.5416667 0.25 0.5 0.375 0.5 0.25 0.5833333 0.25 0.5416667 0.375 0.5416667 0.25 0.375 0.75 0.4166666 0.875 0.375 0.875 0.4166666 0.75 0.4583333 0.875 0.4166666 0.875 0.4583333 0.75 0.5 0.875 0.4583333 0.875 0.5 0.75 0.5416667 0.875 0.5 0.875 0.5833333 0.75 0.5416667 0.875 0.5416667 0.75 0.4166667 0 0.375 0.125 0.375 0 0.4166667 0 0.4583333 0.125 0.4166666 0.125 0.5 0 0.4583333 0.125 0.4583333 0 0.5416666 0 0.5 0.125 0.5 0 0.5833333 0 0.5416667 0.125 0.5416666 0 0.4166666 0.5 0.375 0.625 0.375 0.5 0.4583333 0.5 0.4166666 0.625 0.4166666 0.5 0.4583333 0.5 0.5 0.625 0.4583333 0.625 0.5 0.5 0.5416667 0.625 0.5 0.625 0.5416667 0.5 0.5833333 0.625 0.5416667 0.625 0.4166666 0.875 0.375 1 0.375 0.875 0.4583333 0.875 0.4166667 1 0.4166666 0.875 0.5 0.875 0.4583333 1 0.4583333 0.875 0.5 0.875 0.5416666 1 0.5 1 0.5416667 0.875 0.5833333 1 0.5416666 1 0.375 0.625 0.4166666 0.75 0.375 0.75 0.4166666 0.625 0.4583333 0.75 0.4166666 0.75 0.4583333 0.625 0.5 0.75 0.4583333 0.75 0.5416667 0.625 0.5 0.75 0.5 0.625 0.5833333 0.625 0.5416667 0.75 0.5416667 0.625 0.375 0.375 0.4166666 0.5 0.375 0.5 0.4166666 0.375 0.4583333 0.5 0.4166666 0.5 0.4583333 0.375 0.5 0.5 0.4583333 0.5 0.5416667 0.375 0.5 0.5 0.5 0.375 0.5833333 0.375 0.5416667 0.5 0.5416667 0.375 0.4166666 0.125 0.375 0.25 0.375 0.125 0.4583333 0.125 0.4166666 0.25 0.4166666 0.125 0.5 0.125 0.4583333 0.25 0.4583333 0.125 0.5 0.125 0.5416667 0.25 0.5 0.25 0.5416667 0.125 0.5833333 0.25 0.5416667 0.25 0.625 0.125 0.5833333 0.25 0.5833333 0.125 0.625 0.375 0.5833333 0.5 0.5833333 0.375 0.5833333 0.625 0.625 0.75 0.5833333 0.75 0.625 0.875 0.5833333 1 0.5833333 0.875 0.375 0.625 0.25 0.75 0.25 0.625 0.75 0.625 0.875 0.75 0.75 0.75 0.75 0.5 0.875 0.625 0.75 0.625 0.375 0.5 0.25 0.625 0.25 0.5 0.5833333 0.5 0.625 0.625 0.5833333 0.625 0.625 0 0.5833333 0.125 0.5833333 0 0.125 0.5 0.25 0.625 0.125 0.625 0.75 0.5 0.625 0.625 0.625 0.5 0.75 0.625 0.625 0.75 0.625 0.625 0.125 0.625 0.25 0.75 0.125 0.75 0.5833333 0.75 0.625 0.875 0.5833333 0.875 0.5833333 0.25 0.625 0.375 0.5833333 0.375 0.4166666 0.25 0.375 0.375 0.375 0.25 0.4583333 0.25 0.4166666 0.375 0.4166666 0.25 0.4583333 0.25 0.5 0.375 0.4583333 0.375 0.5416667 0.25 0.5 0.375 0.5 0.25 0.5833333 0.25 0.5416667 0.375 0.5416667 0.25 0.375 0.75 0.4166666 0.875 0.375 0.875 0.4166666 0.75 0.4583333 0.875 0.4166666 0.875 0.4583333 0.75 0.5 0.875 0.4583333 0.875 0.5 0.75 0.5416667 0.875 0.5 0.875 0.5833333 0.75 0.5416667 0.875 0.5416667 0.75 0.4166667 0 0.375 0.125 0.375 0 0.4166667 0 0.4583333 0.125 0.4166666 0.125 0.5 0 0.4583333 0.125 0.4583333 0 0.5416666 0 0.5 0.125 0.5 0 0.5833333 0 0.5416667 0.125 0.5416666 0 0.4166666 0.5 0.375 0.625 0.375 0.5 0.4583333 0.5 0.4166666 0.625 0.4166666 0.5 0.4583333 0.5 0.5 0.625 0.4583333 0.625 0.5 0.5 0.5416667 0.625 0.5 0.625 0.5416667 0.5 0.5833333 0.625 0.5416667 0.625 0.4166666 0.875 0.375 1 0.375 0.875 0.4583333 0.875 0.4166667 1 0.4166666 0.875 0.5 0.875 0.4583333 1 0.4583333 0.875 0.5 0.875 0.5416666 1 0.5 1 0.5416667 0.875 0.5833333 1 0.5416666 1 0.375 0.625 0.4166666 0.75 0.375 0.75 0.4166666 0.625 0.4583333 0.75 0.4166666 0.75 0.4583333 0.625 0.5 0.75 0.4583333 0.75 0.5416667 0.625 0.5 0.75 0.5 0.625 0.5833333 0.625 0.5416667 0.75 0.5416667 0.625 0.375 0.375 0.4166666 0.5 0.375 0.5 0.4166666 0.375 0.4583333 0.5 0.4166666 0.5 0.4583333 0.375 0.5 0.5 0.4583333 0.5 0.5416667 0.375 0.5 0.5 0.5 0.375 0.5833333 0.375 0.5416667 0.5 0.5416667 0.375 0.4166666 0.125 0.375 0.25 0.375 0.125 0.4583333 0.125 0.4166666 0.25 0.4166666 0.125 0.5 0.125 0.4583333 0.25 0.4583333 0.125 0.5 0.125 0.5416667 0.25 0.5 0.25 0.5416667 0.125 0.5833333 0.25 0.5416667 0.25 0.625 0.125 0.5833333 0.25 0.5833333 0.125 0.625 0.375 0.5833333 0.5 0.5833333 0.375 0.5833333 0.625 0.625 0.75 0.5833333 0.75 0.625 0.875 0.5833333 1 0.5833333 0.875 0.375 0.625 0.25 0.75 0.25 0.625 0.75 0.625 0.875 0.75 0.75 0.75 0.75 0.5 0.875 0.625 0.75 0.625 0.375 0.5 0.25 0.625 0.25 0.5 0.5833333 0.5 0.625 0.625 0.5833333 0.625 0.625 0 0.5833333 0.125 0.5833333 0 0.125 0.5 0.25 0.625 0.125 0.625 0.75 0.5 0.625 0.625 0.625 0.5 0.75 0.625 0.625 0.75 0.625 0.625 0.125 0.625 0.25 0.75 0.125 0.75 0.5833333 0.75 0.625 0.875 0.5833333 0.875 0.5833333 0.25 0.625 0.375 0.5833333 0.375 0.4166666 0.25 0.375 0.375 0.375 0.25 0.4583333 0.25 0.4166666 0.375 0.4166666 0.25 0.4583333 0.25 0.5 0.375 0.4583333 0.375 0.5416667 0.25 0.5 0.375 0.5 0.25 0.5833333 0.25 0.5416667 0.375 0.5416667 0.25 0.375 0.75 0.4166666 0.875 0.375 0.875 0.4166666 0.75 0.4583333 0.875 0.4166666 0.875 0.4583333 0.75 0.5 0.875 0.4583333 0.875 0.5 0.75 0.5416667 0.875 0.5 0.875 0.5833333 0.75 0.5416667 0.875 0.5416667 0.75 0.4166667 0 0.375 0.125 0.375 0 0.4166667 0 0.4583333 0.125 0.4166666 0.125 0.5 0 0.4583333 0.125 0.4583333 0 0.5416666 0 0.5 0.125 0.5 0 0.5833333 0 0.5416667 0.125 0.5416666 0 0.4166666 0.5 0.375 0.625 0.375 0.5 0.4583333 0.5 0.4166666 0.625 0.4166666 0.5 0.4583333 0.5 0.5 0.625 0.4583333 0.625 0.5 0.5 0.5416667 0.625 0.5 0.625 0.5416667 0.5 0.5833333 0.625 0.5416667 0.625 0.4166666 0.875 0.375 1 0.375 0.875 0.4583333 0.875 0.4166667 1 0.4166666 0.875 0.5 0.875 0.4583333 1 0.4583333 0.875 0.5 0.875 0.5416666 1 0.5 1 0.5416667 0.875 0.5833333 1 0.5416666 1 0.375 0.625 0.4166666 0.75 0.375 0.75 0.4166666 0.625 0.4583333 0.75 0.4166666 0.75 0.4583333 0.625 0.5 0.75 0.4583333 0.75 0.5416667 0.625 0.5 0.75 0.5 0.625 0.5833333 0.625 0.5416667 0.75 0.5416667 0.625 0.375 0.375 0.4166666 0.5 0.375 0.5 0.4166666 0.375 0.4583333 0.5 0.4166666 0.5 0.4583333 0.375 0.5 0.5 0.4583333 0.5 0.5416667 0.375 0.5 0.5 0.5 0.375 0.5833333 0.375 0.5416667 0.5 0.5416667 0.375 0.4166666 0.125 0.375 0.25 0.375 0.125 0.4583333 0.125 0.4166666 0.25 0.4166666 0.125 0.5 0.125 0.4583333 0.25 0.4583333 0.125 0.5 0.125 0.5416667 0.25 0.5 0.25 0.5416667 0.125 0.5833333 0.25 0.5416667 0.25 0.625 0.125 0.5833333 0.25 0.5833333 0.125 0.625 0.375 0.5833333 0.5 0.5833333 0.375 0.5833333 0.625 0.625 0.75 0.5833333 0.75 0.625 0.875 0.5833333 1 0.5833333 0.875 0.375 0.625 0.25 0.75 0.25 0.625 0.75 0.625 0.875 0.75 0.75 0.75 0.75 0.5 0.875 0.625 0.75 0.625 0.375 0.5 0.25 0.625 0.25 0.5 0.5833333 0.5 0.625 0.625 0.5833333 0.625 0.625 0 0.5833333 0.125 0.5833333 0 0.125 0.5 0.25 0.625 0.125 0.625 0.75 0.5 0.625 0.625 0.625 0.5 0.75 0.625 0.625 0.75 0.625 0.625 0.125 0.625 0.25 0.75 0.125 0.75 0.5833333 0.75 0.625 0.875 0.5833333 0.875 0.5833333 0.25 0.625 0.375 0.5833333 0.375 0.4166666 0.25 0.375 0.375 0.375 0.25 0.4583333 0.25 0.4166666 0.375 0.4166666 0.25 0.4583333 0.25 0.5 0.375 0.4583333 0.375 0.5416667 0.25 0.5 0.375 0.5 0.25 0.5833333 0.25 0.5416667 0.375 0.5416667 0.25 0.375 0.75 0.4166666 0.875 0.375 0.875 0.4166666 0.75 0.4583333 0.875 0.4166666 0.875 0.4583333 0.75 0.5 0.875 0.4583333 0.875 0.5 0.75 0.5416667 0.875 0.5 0.875 0.5833333 0.75 0.5416667 0.875 0.5416667 0.75 0.4166667 0 0.375 0.125 0.375 0 0.4166667 0 0.4583333 0.125 0.4166666 0.125 0.5 0 0.4583333 0.125 0.4583333 0 0.5416666 0 0.5 0.125 0.5 0 0.5833333 0 0.5416667 0.125 0.5416666 0 0.4166666 0.5 0.375 0.625 0.375 0.5 0.4583333 0.5 0.4166666 0.625 0.4166666 0.5 0.4583333 0.5 0.5 0.625 0.4583333 0.625 0.5 0.5 0.5416667 0.625 0.5 0.625 0.5416667 0.5 0.5833333 0.625 0.5416667 0.625 0.4166666 0.875 0.375 1 0.375 0.875 0.4583333 0.875 0.4166667 1 0.4166666 0.875 0.5 0.875 0.4583333 1 0.4583333 0.875 0.5 0.875 0.5416666 1 0.5 1 0.5416667 0.875 0.5833333 1 0.5416666 1 0.375 0.625 0.4166666 0.75 0.375 0.75 0.4166666 0.625 0.4583333 0.75 0.4166666 0.75 0.4583333 0.625 0.5 0.75 0.4583333 0.75 0.5416667 0.625 0.5 0.75 0.5 0.625 0.5833333 0.625 0.5416667 0.75 0.5416667 0.625 0.375 0.375 0.4166666 0.5 0.375 0.5 0.4166666 0.375 0.4583333 0.5 0.4166666 0.5 0.4583333 0.375 0.5 0.5 0.4583333 0.5 0.5416667 0.375 0.5 0.5 0.5 0.375 0.5833333 0.375 0.5416667 0.5 0.5416667 0.375 0.4166666 0.125 0.375 0.25 0.375 0.125 0.4583333 0.125 0.4166666 0.25 0.4166666 0.125 0.5 0.125 0.4583333 0.25 0.4583333 0.125 0.5 0.125 0.5416667 0.25 0.5 0.25 0.5416667 0.125 0.5833333 0.25 0.5416667 0.25 0.625 0.125 0.5833333 0.25 0.5833333 0.125 0.625 0.375 0.5833333 0.5 0.5833333 0.375 0.5833333 0.625 0.625 0.75 0.5833333 0.75 0.625 0.875 0.5833333 1 0.5833333 0.875 0.375 0.625 0.25 0.75 0.25 0.625 0.75 0.625 0.875 0.75 0.75 0.75 0.75 0.5 0.875 0.625 0.75 0.625 0.375 0.5 0.25 0.625 0.25 0.5 0.5833333 0.5 0.625 0.625 0.5833333 0.625 0.625 0 0.5833333 0.125 0.5833333 0 0.125 0.5 0.25 0.625 0.125 0.625 0.75 0.5 0.625 0.625 0.625 0.5 0.75 0.625 0.625 0.75 0.625 0.625 0.125 0.625 0.25 0.75 0.125 0.75 0.5833333 0.75 0.625 0.875 0.5833333 0.875 0.5833333 0.25 0.625 0.375 0.5833333 0.375 0.4166666 0.25 0.375 0.375 0.375 0.25 0.4583333 0.25 0.4166666 0.375 0.4166666 0.25 0.4583333 0.25 0.5 0.375 0.4583333 0.375 0.5416667 0.25 0.5 0.375 0.5 0.25 0.5833333 0.25 0.5416667 0.375 0.5416667 0.25 0.375 0.75 0.4166666 0.875 0.375 0.875 0.4166666 0.75 0.4583333 0.875 0.4166666 0.875 0.4583333 0.75 0.5 0.875 0.4583333 0.875 0.5 0.75 0.5416667 0.875 0.5 0.875 0.5833333 0.75 0.5416667 0.875 0.5416667 0.75 0.4166667 0 0.375 0.125 0.375 0 0.4166667 0 0.4583333 0.125 0.4166666 0.125 0.5 0 0.4583333 0.125 0.4583333 0 0.5416666 0 0.5 0.125 0.5 0 0.5833333 0 0.5416667 0.125 0.5416666 0 0.4166666 0.5 0.375 0.625 0.375 0.5 0.4583333 0.5 0.4166666 0.625 0.4166666 0.5 0.4583333 0.5 0.5 0.625 0.4583333 0.625 0.5 0.5 0.5416667 0.625 0.5 0.625 0.5416667 0.5 0.5833333 0.625 0.5416667 0.625 0.4166666 0.875 0.375 1 0.375 0.875 0.4583333 0.875 0.4166667 1 0.4166666 0.875 0.5 0.875 0.4583333 1 0.4583333 0.875 0.5 0.875 0.5416666 1 0.5 1 0.5416667 0.875 0.5833333 1 0.5416666 1 0.375 0.625 0.4166666 0.75 0.375 0.75 0.4166666 0.625 0.4583333 0.75 0.4166666 0.75 0.4583333 0.625 0.5 0.75 0.4583333 0.75 0.5416667 0.625 0.5 0.75 0.5 0.625 0.5833333 0.625 0.5416667 0.75 0.5416667 0.625 0.375 0.375 0.4166666 0.5 0.375 0.5 0.4166666 0.375 0.4583333 0.5 0.4166666 0.5 0.4583333 0.375 0.5 0.5 0.4583333 0.5 0.5416667 0.375 0.5 0.5 0.5 0.375 0.5833333 0.375 0.5416667 0.5 0.5416667 0.375 0.4166666 0.125 0.375 0.25 0.375 0.125 0.4583333 0.125 0.4166666 0.25 0.4166666 0.125 0.5 0.125 0.4583333 0.25 0.4583333 0.125 0.5 0.125 0.5416667 0.25 0.5 0.25 0.5416667 0.125 0.5833333 0.25 0.5416667 0.25 0.625 0.125 0.5833333 0.25 0.5833333 0.125 0.625 0.375 0.5833333 0.5 0.5833333 0.375 0.5833333 0.625 0.625 0.75 0.5833333 0.75 0.625 0.875 0.5833333 1 0.5833333 0.875 0.375 0.625 0.25 0.75 0.25 0.625 0.75 0.625 0.875 0.75 0.75 0.75 0.75 0.5 0.875 0.625 0.75 0.625 0.375 0.5 0.25 0.625 0.25 0.5 0.5833333 0.5 0.625 0.625 0.5833333 0.625 0.625 0 0.5833333 0.125 0.5833333 0 0.125 0.5 0.25 0.625 0.125 0.625 0.75 0.5 0.625 0.625 0.625 0.5 0.75 0.625 0.625 0.75 0.625 0.625 0.125 0.625 0.25 0.75 0.125 0.75 0.5833333 0.75 0.625 0.875 0.5833333 0.875 0.5833333 0.25 0.625 0.375 0.5833333 0.375 0.4166666 0.25 0.375 0.375 0.375 0.25 0.4583333 0.25 0.4166666 0.375 0.4166666 0.25 0.4583333 0.25 0.5 0.375 0.4583333 0.375 0.5416667 0.25 0.5 0.375 0.5 0.25 0.5833333 0.25 0.5416667 0.375 0.5416667 0.25 0.375 0.75 0.4166666 0.875 0.375 0.875 0.4166666 0.75 0.4583333 0.875 0.4166666 0.875 0.4583333 0.75 0.5 0.875 0.4583333 0.875 0.5 0.75 0.5416667 0.875 0.5 0.875 0.5833333 0.75 0.5416667 0.875 0.5416667 0.75 0.4166667 0 0.375 0.125 0.375 0 0.4166667 0 0.4583333 0.125 0.4166666 0.125 0.5 0 0.4583333 0.125 0.4583333 0 0.5416666 0 0.5 0.125 0.5 0 0.5833333 0 0.5416667 0.125 0.5416666 0 0.4166666 0.5 0.375 0.625 0.375 0.5 0.4583333 0.5 0.4166666 0.625 0.4166666 0.5 0.4583333 0.5 0.5 0.625 0.4583333 0.625 0.5 0.5 0.5416667 0.625 0.5 0.625 0.5416667 0.5 0.5833333 0.625 0.5416667 0.625 0.4166666 0.875 0.375 1 0.375 0.875 0.4583333 0.875 0.4166667 1 0.4166666 0.875 0.5 0.875 0.4583333 1 0.4583333 0.875 0.5 0.875 0.5416666 1 0.5 1 0.5416667 0.875 0.5833333 1 0.5416666 1 0.375 0.625 0.4166666 0.75 0.375 0.75 0.4166666 0.625 0.4583333 0.75 0.4166666 0.75 0.4583333 0.625 0.5 0.75 0.4583333 0.75 0.5416667 0.625 0.5 0.75 0.5 0.625 0.5833333 0.625 0.5416667 0.75 0.5416667 0.625 0.375 0.375 0.4166666 0.5 0.375 0.5 0.4166666 0.375 0.4583333 0.5 0.4166666 0.5 0.4583333 0.375 0.5 0.5 0.4583333 0.5 0.5416667 0.375 0.5 0.5 0.5 0.375 0.5833333 0.375 0.5416667 0.5 0.5416667 0.375 0.4166666 0.125 0.375 0.25 0.375 0.125 0.4583333 0.125 0.4166666 0.25 0.4166666 0.125 0.5 0.125 0.4583333 0.25 0.4583333 0.125 0.5 0.125 0.5416667 0.25 0.5 0.25 0.5416667 0.125 0.5833333 0.25 0.5416667 0.25 0.625 0.125 0.5833333 0.25 0.5833333 0.125 0.625 0.375 0.5833333 0.5 0.5833333 0.375 0.5833333 0.625 0.625 0.75 0.5833333 0.75 0.625 0.875 0.5833333 1 0.5833333 0.875 0.375 0.625 0.25 0.75 0.25 0.625 0.75 0.625 0.875 0.75 0.75 0.75 0.75 0.5 0.875 0.625 0.75 0.625 0.375 0.5 0.25 0.625 0.25 0.5 0.5833333 0.5 0.625 0.625 0.5833333 0.625 0.625 0 0.5833333 0.125 0.5833333 0 0.125 0.5 0.25 0.625 0.125 0.625 0.75 0.5 0.625 0.625 0.625 0.5 0.75 0.625 0.625 0.75 0.625 0.625 0.125 0.625 0.25 0.75 0.125 0.75 0.5833333 0.75 0.625 0.875 0.5833333 0.875 0.5833333 0.25 0.625 0.375 0.5833333 0.375 0.4166666 0.25 0.375 0.375 0.375 0.25 0.4583333 0.25 0.4166666 0.375 0.4166666 0.25 0.4583333 0.25 0.5 0.375 0.4583333 0.375 0.5416667 0.25 0.5 0.375 0.5 0.25 0.5833333 0.25 0.5416667 0.375 0.5416667 0.25 0.375 0.75 0.4166666 0.875 0.375 0.875 0.4166666 0.75 0.4583333 0.875 0.4166666 0.875 0.4583333 0.75 0.5 0.875 0.4583333 0.875 0.5 0.75 0.5416667 0.875 0.5 0.875 0.5833333 0.75 0.5416667 0.875 0.5416667 0.75 0.4166667 0 0.375 0.125 0.375 0 0.4166667 0 0.4583333 0.125 0.4166666 0.125 0.5 0 0.4583333 0.125 0.4583333 0 0.5416666 0 0.5 0.125 0.5 0 0.5833333 0 0.5416667 0.125 0.5416666 0 0.4166666 0.5 0.375 0.625 0.375 0.5 0.4583333 0.5 0.4166666 0.625 0.4166666 0.5 0.4583333 0.5 0.5 0.625 0.4583333 0.625 0.5 0.5 0.5416667 0.625 0.5 0.625 0.5416667 0.5 0.5833333 0.625 0.5416667 0.625 0.4166666 0.875 0.375 1 0.375 0.875 0.4583333 0.875 0.4166667 1 0.4166666 0.875 0.5 0.875 0.4583333 1 0.4583333 0.875 0.5 0.875 0.5416666 1 0.5 1 0.5416667 0.875 0.5833333 1 0.5416666 1 0.375 0.625 0.4166666 0.75 0.375 0.75 0.4166666 0.625 0.4583333 0.75 0.4166666 0.75 0.4583333 0.625 0.5 0.75 0.4583333 0.75 0.5416667 0.625 0.5 0.75 0.5 0.625 0.5833333 0.625 0.5416667 0.75 0.5416667 0.625 0.375 0.375 0.4166666 0.5 0.375 0.5 0.4166666 0.375 0.4583333 0.5 0.4166666 0.5 0.4583333 0.375 0.5 0.5 0.4583333 0.5 0.5416667 0.375 0.5 0.5 0.5 0.375 0.5833333 0.375 0.5416667 0.5 0.5416667 0.375 0.4166666 0.125 0.375 0.25 0.375 0.125 0.4583333 0.125 0.4166666 0.25 0.4166666 0.125 0.5 0.125 0.4583333 0.25 0.4583333 0.125 0.5 0.125 0.5416667 0.25 0.5 0.25 0.5416667 0.125 0.5833333 0.25 0.5416667 0.25 0.625 0.125 0.5833333 0.25 0.5833333 0.125 0.625 0.375 0.5833333 0.5 0.5833333 0.375 0.5833333 0.625 0.625 0.75 0.5833333 0.75 0.625 0.875 0.5833333 1 0.5833333 0.875 0.375 0.625 0.25 0.75 0.25 0.625 0.75 0.625 0.875 0.75 0.75 0.75 0.75 0.5 0.875 0.625 0.75 0.625 0.375 0.5 0.25 0.625 0.25 0.5 0.5833333 0.5 0.625 0.625 0.5833333 0.625 0.625 0 0.5833333 0.125 0.5833333 0 0.125 0.5 0.25 0.625 0.125 0.625 0.75 0.5 0.625 0.625 0.625 0.5 0.75 0.625 0.625 0.75 0.625 0.625 0.125 0.625 0.25 0.75 0.125 0.75 0.5833333 0.75 0.625 0.875 0.5833333 0.875 0.5833333 0.25 0.625 0.375 0.5833333 0.375 0.4166666 0.25 0.375 0.375 0.375 0.25 0.4583333 0.25 0.4166666 0.375 0.4166666 0.25 0.4583333 0.25 0.5 0.375 0.4583333 0.375 0.5416667 0.25 0.5 0.375 0.5 0.25 0.5833333 0.25 0.5416667 0.375 0.5416667 0.25 0.375 0.75 0.4166666 0.875 0.375 0.875 0.4166666 0.75 0.4583333 0.875 0.4166666 0.875 0.4583333 0.75 0.5 0.875 0.4583333 0.875 0.5 0.75 0.5416667 0.875 0.5 0.875 0.5833333 0.75 0.5416667 0.875 0.5416667 0.75 0.4166667 0 0.375 0.125 0.375 0 0.4166667 0 0.4583333 0.125 0.4166666 0.125 0.5 0 0.4583333 0.125 0.4583333 0 0.5416666 0 0.5 0.125 0.5 0 0.5833333 0 0.5416667 0.125 0.5416666 0 0.4166666 0.5 0.375 0.625 0.375 0.5 0.4583333 0.5 0.4166666 0.625 0.4166666 0.5 0.4583333 0.5 0.5 0.625 0.4583333 0.625 0.5 0.5 0.5416667 0.625 0.5 0.625 0.5416667 0.5 0.5833333 0.625 0.5416667 0.625 0.4166666 0.875 0.375 1 0.375 0.875 0.4583333 0.875 0.4166667 1 0.4166666 0.875 0.5 0.875 0.4583333 1 0.4583333 0.875 0.5 0.875 0.5416666 1 0.5 1 0.5416667 0.875 0.5833333 1 0.5416666 1 0.375 0.625 0.4166666 0.75 0.375 0.75 0.4166666 0.625 0.4583333 0.75 0.4166666 0.75 0.4583333 0.625 0.5 0.75 0.4583333 0.75 0.5416667 0.625 0.5 0.75 0.5 0.625 0.5833333 0.625 0.5416667 0.75 0.5416667 0.625 0.375 0.375 0.4166666 0.5 0.375 0.5 0.4166666 0.375 0.4583333 0.5 0.4166666 0.5 0.4583333 0.375 0.5 0.5 0.4583333 0.5 0.5416667 0.375 0.5 0.5 0.5 0.375 0.5833333 0.375 0.5416667 0.5 0.5416667 0.375 0.4166666 0.125 0.375 0.25 0.375 0.125 0.4583333 0.125 0.4166666 0.25 0.4166666 0.125 0.5 0.125 0.4583333 0.25 0.4583333 0.125 0.5 0.125 0.5416667 0.25 0.5 0.25 0.5416667 0.125 0.5833333 0.25 0.5416667 0.25 0.625 0.125 0.5833333 0.25 0.5833333 0.125 0.625 0.375 0.5833333 0.5 0.5833333 0.375 0.5833333 0.625 0.625 0.75 0.5833333 0.75 0.625 0.875 0.5833333 1 0.5833333 0.875 0.375 0.625 0.25 0.75 0.25 0.625 0.75 0.625 0.875 0.75 0.75 0.75 0.75 0.5 0.875 0.625 0.75 0.625 0.375 0.5 0.25 0.625 0.25 0.5 0.5833333 0.5 0.625 0.625 0.5833333 0.625 0.625 0 0.5833333 0.125 0.5833333 0 0.125 0.5 0.25 0.625 0.125 0.625 0.75 0.5 0.625 0.625 0.625 0.5 0.75 0.625 0.625 0.75 0.625 0.625 0.125 0.625 0.25 0.75 0.125 0.75 0.5833333 0.75 0.625 0.875 0.5833333 0.875 0.5833333 0.25 0.625 0.375 0.5833333 0.375 0.4166666 0.25 0.375 0.375 0.375 0.25 0.4583333 0.25 0.4166666 0.375 0.4166666 0.25 0.4583333 0.25 0.5 0.375 0.4583333 0.375 0.5416667 0.25 0.5 0.375 0.5 0.25 0.5833333 0.25 0.5416667 0.375 0.5416667 0.25 0.375 0.75 0.4166666 0.875 0.375 0.875 0.4166666 0.75 0.4583333 0.875 0.4166666 0.875 0.4583333 0.75 0.5 0.875 0.4583333 0.875 0.5 0.75 0.5416667 0.875 0.5 0.875 0.5833333 0.75 0.5416667 0.875 0.5416667 0.75 0.4166667 0 0.375 0.125 0.375 0 0.4166667 0 0.4583333 0.125 0.4166666 0.125 0.5 0 0.4583333 0.125 0.4583333 0 0.5416666 0 0.5 0.125 0.5 0 0.5833333 0 0.5416667 0.125 0.5416666 0 0.4166666 0.5 0.375 0.625 0.375 0.5 0.4583333 0.5 0.4166666 0.625 0.4166666 0.5 0.4583333 0.5 0.5 0.625 0.4583333 0.625 0.5 0.5 0.5416667 0.625 0.5 0.625 0.5416667 0.5 0.5833333 0.625 0.5416667 0.625 0.4166666 0.875 0.375 1 0.375 0.875 0.4583333 0.875 0.4166667 1 0.4166666 0.875 0.5 0.875 0.4583333 1 0.4583333 0.875 0.5 0.875 0.5416666 1 0.5 1 0.5416667 0.875 0.5833333 1 0.5416666 1 0.375 0.625 0.4166666 0.75 0.375 0.75 0.4166666 0.625 0.4583333 0.75 0.4166666 0.75 0.4583333 0.625 0.5 0.75 0.4583333 0.75 0.5416667 0.625 0.5 0.75 0.5 0.625 0.5833333 0.625 0.5416667 0.75 0.5416667 0.625 0.375 0.375 0.4166666 0.5 0.375 0.5 0.4166666 0.375 0.4583333 0.5 0.4166666 0.5 0.4583333 0.375 0.5 0.5 0.4583333 0.5 0.5416667 0.375 0.5 0.5 0.5 0.375 0.5833333 0.375 0.5416667 0.5 0.5416667 0.375 0.4166666 0.125 0.375 0.25 0.375 0.125 0.4583333 0.125 0.4166666 0.25 0.4166666 0.125 0.5 0.125 0.4583333 0.25 0.4583333 0.125 0.5 0.125 0.5416667 0.25 0.5 0.25 0.5416667 0.125 0.5833333 0.25 0.5416667 0.25 0.625 0.125 0.5833333 0.25 0.5833333 0.125 0.625 0.375 0.5833333 0.5 0.5833333 0.375 0.5833333 0.625 0.625 0.75 0.5833333 0.75 0.625 0.875 0.5833333 1 0.5833333 0.875 0.375 0.625 0.25 0.75 0.25 0.625 0.75 0.625 0.875 0.75 0.75 0.75 0.75 0.5 0.875 0.625 0.75 0.625 0.375 0.5 0.25 0.625 0.25 0.5 0.5833333 0.5 0.625 0.625 0.5833333 0.625 0.625 0 0.5833333 0.125 0.5833333 0 0.125 0.5 0.25 0.625 0.125 0.625 0.75 0.5 0.625 0.625 0.625 0.5 0.75 0.625 0.625 0.75 0.625 0.625 0.125 0.625 0.25 0.75 0.125 0.75 0.5833333 0.75 0.625 0.875 0.5833333 0.875 0.5833333 0.25 0.625 0.375 0.5833333 0.375 0.4166666 0.25 0.375 0.375 0.375 0.25 0.4583333 0.25 0.4166666 0.375 0.4166666 0.25 0.4583333 0.25 0.5 0.375 0.4583333 0.375 0.5416667 0.25 0.5 0.375 0.5 0.25 0.5833333 0.25 0.5416667 0.375 0.5416667 0.25 0.375 0.75 0.4166666 0.875 0.375 0.875 0.4166666 0.75 0.4583333 0.875 0.4166666 0.875 0.4583333 0.75 0.5 0.875 0.4583333 0.875 0.5 0.75 0.5416667 0.875 0.5 0.875 0.5833333 0.75 0.5416667 0.875 0.5416667 0.75 0.4166667 0 0.375 0.125 0.375 0 0.4166667 0 0.4583333 0.125 0.4166666 0.125 0.5 0 0.4583333 0.125 0.4583333 0 0.5416666 0 0.5 0.125 0.5 0 0.5833333 0 0.5416667 0.125 0.5416666 0 0.4166666 0.5 0.375 0.625 0.375 0.5 0.4583333 0.5 0.4166666 0.625 0.4166666 0.5 0.4583333 0.5 0.5 0.625 0.4583333 0.625 0.5 0.5 0.5416667 0.625 0.5 0.625 0.5416667 0.5 0.5833333 0.625 0.5416667 0.625 0.4166666 0.875 0.375 1 0.375 0.875 0.4583333 0.875 0.4166667 1 0.4166666 0.875 0.5 0.875 0.4583333 1 0.4583333 0.875 0.5 0.875 0.5416666 1 0.5 1 0.5416667 0.875 0.5833333 1 0.5416666 1 0.375 0.625 0.4166666 0.75 0.375 0.75 0.4166666 0.625 0.4583333 0.75 0.4166666 0.75 0.4583333 0.625 0.5 0.75 0.4583333 0.75 0.5416667 0.625 0.5 0.75 0.5 0.625 0.5833333 0.625 0.5416667 0.75 0.5416667 0.625 0.375 0.375 0.4166666 0.5 0.375 0.5 0.4166666 0.375 0.4583333 0.5 0.4166666 0.5 0.4583333 0.375 0.5 0.5 0.4583333 0.5 0.5416667 0.375 0.5 0.5 0.5 0.375 0.5833333 0.375 0.5416667 0.5 0.5416667 0.375 0.4166666 0.125 0.375 0.25 0.375 0.125 0.4583333 0.125 0.4166666 0.25 0.4166666 0.125 0.5 0.125 0.4583333 0.25 0.4583333 0.125 0.5 0.125 0.5416667 0.25 0.5 0.25 0.5416667 0.125 0.5833333 0.25 0.5416667 0.25 0.625 0.125 0.5833333 0.25 0.5833333 0.125 0.625 0.375 0.5833333 0.5 0.5833333 0.375 0.5833333 0.625 0.625 0.75 0.5833333 0.75 0.625 0.875 0.5833333 1 0.5833333 0.875 0.375 0.625 0.25 0.75 0.25 0.625 0.75 0.625 0.875 0.75 0.75 0.75 0.75 0.5 0.875 0.625 0.75 0.625 0.375 0.5 0.25 0.625 0.25 0.5 0.5833333 0.5 0.625 0.625 0.5833333 0.625 0.625 0 0.5833333 0.125 0.5833333 0 0.125 0.5 0.25 0.625 0.125 0.625 0.75 0.5 0.625 0.625 0.625 0.5 0.75 0.625 0.625 0.75 0.625 0.625 0.125 0.625 0.25 0.75 0.125 0.75 0.5833333 0.75 0.625 0.875 0.5833333 0.875 0.5833333 0.25 0.625 0.375 0.5833333 0.375 0.4166666 0.25 0.375 0.375 0.375 0.25 0.4583333 0.25 0.4166666 0.375 0.4166666 0.25 0.4583333 0.25 0.5 0.375 0.4583333 0.375 0.5416667 0.25 0.5 0.375 0.5 0.25 0.5833333 0.25 0.5416667 0.375 0.5416667 0.25 0.375 0.75 0.4166666 0.875 0.375 0.875 0.4166666 0.75 0.4583333 0.875 0.4166666 0.875 0.4583333 0.75 0.5 0.875 0.4583333 0.875 0.5 0.75 0.5416667 0.875 0.5 0.875 0.5833333 0.75 0.5416667 0.875 0.5416667 0.75 0.4166667 0 0.375 0.125 0.375 0 0.4166667 0 0.4583333 0.125 0.4166666 0.125 0.5 0 0.4583333 0.125 0.4583333 0 0.5416666 0 0.5 0.125 0.5 0 0.5833333 0 0.5416667 0.125 0.5416666 0 0.4166666 0.5 0.375 0.625 0.375 0.5 0.4583333 0.5 0.4166666 0.625 0.4166666 0.5 0.4583333 0.5 0.5 0.625 0.4583333 0.625 0.5 0.5 0.5416667 0.625 0.5 0.625 0.5416667 0.5 0.5833333 0.625 0.5416667 0.625 0.4166666 0.875 0.375 1 0.375 0.875 0.4583333 0.875 0.4166667 1 0.4166666 0.875 0.5 0.875 0.4583333 1 0.4583333 0.875 0.5 0.875 0.5416666 1 0.5 1 0.5416667 0.875 0.5833333 1 0.5416666 1 0.375 0.625 0.4166666 0.75 0.375 0.75 0.4166666 0.625 0.4583333 0.75 0.4166666 0.75 0.4583333 0.625 0.5 0.75 0.4583333 0.75 0.5416667 0.625 0.5 0.75 0.5 0.625 0.5833333 0.625 0.5416667 0.75 0.5416667 0.625 0.375 0.375 0.4166666 0.5 0.375 0.5 0.4166666 0.375 0.4583333 0.5 0.4166666 0.5 0.4583333 0.375 0.5 0.5 0.4583333 0.5 0.5416667 0.375 0.5 0.5 0.5 0.375 0.5833333 0.375 0.5416667 0.5 0.5416667 0.375 0.4166666 0.125 0.375 0.25 0.375 0.125 0.4583333 0.125 0.4166666 0.25 0.4166666 0.125 0.5 0.125 0.4583333 0.25 0.4583333 0.125 0.5 0.125 0.5416667 0.25 0.5 0.25 0.5416667 0.125 0.5833333 0.25 0.5416667 0.25 1 1 0.96875 1 0.96875 0.8816251 0.96875 1 0.9375 1 0.9375 0.8816251 0.9375 0.8816251 0.9375 1 0.90625 1 0.90625 1 0.875 1 0.875 0.8816251 0.875 1 0.84375 1 0.84375 0.8816251 0.84375 1 0.8125 1 0.8125 0.8816251 0.8125 0.8816251 0.8125 1 0.78125 1 0.78125 0.8816251 0.78125 1 0.75 1 0.75 0.8816251 0.75 1 0.71875 1 0.71875 0.8816251 0.71875 1 0.6875 1 0.6875 0.8816251 0.6875 1 0.65625 1 0.65625 0.8816251 0.65625 1 0.625 1 0.625 0.8816251 0.625 1 0.59375 1 0.59375 0.8816251 0.59375 1 0.5625 1 0.5625 1 0.53125 1 0.53125 0.8816251 0.53125 0.8816251 0.53125 1 0.5 1 0.5 1 0.46875 1 0.46875 0.8816251 0.46875 1 0.4375 1 0.4375 0.8816251 0.4375 0.8816251 0.4375 1 0.40625 1 0.40625 0.8816251 0.40625 1 0.375 1 0.375 1 0.34375 1 0.34375 0.8816251 0.34375 0.8816251 0.34375 1 0.3125 1 0.3125 1 0.28125 1 0.28125 0.8816251 0.28125 1 0.25 1 0.25 0.8816251 0.25 1 0.21875 1 0.21875 0.8816251 0.21875 1 0.1875 1 0.1875 0.8816251 0.1875 1 0.15625 1 0.15625 0.8816251 0.15625 1 0.125 1 0.125 0.881625 0.125 1 0.09375 1 0.09375 0.8816251 0.09375 1 0.0625 1 0.0625 0.8816251 0.6875 1 0.71875 1 0.71875 1 0.0625 1 0.03125 1 0.03125 0.8816251 0.03125 1 0 1 0 0.8816251 0 0.5 0 0.5 0.03125 0.5 0.03125 0.8816251 0 0.8816251 0 0.5 0.0625 0.8816251 0.03125 0.8816251 0.03125 0.5 0.09375 0.8816251 0.0625 0.8816251 0.0625 0.5 0.125 0.881625 0.09375 0.8816251 0.09375 0.5 0.15625 0.8816251 0.125 0.881625 0.125 0.5 0.1875 0.8816251 0.15625 0.8816251 0.15625 0.5 0.21875 0.8816251 0.1875 0.8816251 0.1875 0.5 0.25 0.8816251 0.21875 0.8816251 0.21875 0.5 0.28125 0.8816251 0.25 0.8816251 0.25 0.5 0.3125 0.8816251 0.28125 0.8816251 0.28125 0.5 0.34375 0.8816251 0.3125 0.8816251 0.3125 0.5 0.375 0.8816251 0.34375 0.8816251 0.34375 0.5 0.40625 0.8816251 0.375 0.8816251 0.375 0.5 0.4375 0.8816251 0.40625 0.8816251 0.40625 0.5 0.46875 0.8816251 0.4375 0.8816251 0.4375 0.5 0.5 0.8816251 0.46875 0.8816251 0.46875 0.5 0.53125 0.8816251 0.5 0.8816251 0.5 0.5 0.5625 0.8816251 0.53125 0.8816251 0.53125 0.5 0.59375 0.8816251 0.5625 0.8816251 0.5625 0.5 0.625 0.8816251 0.59375 0.8816251 0.59375 0.5 0.65625 0.8816251 0.625 0.8816251 0.625 0.5 0.6875 0.8816251 0.65625 0.8816251 0.65625 0.5 0.71875 0.8816251 0.6875 0.8816251 0.6875 0.5 0.75 0.8816251 0.71875 0.8816251 0.71875 0.5 0.78125 0.8816251 0.75 0.8816251 0.75 0.5 0.8125 0.8816251 0.78125 0.8816251 0.78125 0.5 0.84375 0.8816251 0.8125 0.8816251 0.8125 0.5 0.875 0.8816251 0.84375 0.8816251 0.84375 0.5 0.90625 0.8816251 0.875 0.8816251 0.875 0.5 0.9375 0.8816251 0.90625 0.8816251 0.90625 0.5 0.96875 0.8816251 0.9375 0.8816251 0.9375 0.5 1 0.8816251 0.96875 0.8816251 0.96875 0.5 0.90625 1 0.90625 1 0.875 1 0.4375 1 0.4375 1 0.40625 1 0.125 1 0.15625 1 0.15625 1 0.8125 1 0.84375 1 0.84375 1 0.53125 1 0.5625 1 0.5625 1 0.25 1 0.28125 1 0.28125 1 0.9375 1 0.96875 1 0.96875 1 0.6875 1 0.6875 1 0.65625 1 0.375 1 0.40625 1 0.40625 1 0.125 1 0.125 1 0.09375 1 0.8125 1 0.8125 1 0.78125 1 0.53125 1 0.53125 1 0.5 1 0.21875 1 0.25 1 0.25 1 0.9375 1 0.9375 1 0.90625 1 0.625 1 0.65625 1 0.65625 1 0.34375 1 0.375 1 0.375 1 0.09375 1 0.09375 1 0.0625 1 0.78125 1 0.78125 1 0.75 1 0.46875 1 0.5 1 0.5 1 0.1875 1 0.21875 1 0.21875 1 0.90625 1 0.90625 1 0.875 1 0.625 1 0.625 1 0.59375 1 0.34375 1 0.34375 1 0.3125 1 0.03125 1 0.0625 1 0.0625 1 0.75 1 0.75 1 0.71875 1 0.46875 1 0.46875 1 0.4375 1 0.15625 1 0.1875 1 0.1875 1 0.875 1 0.875 1 0.84375 1 0.5625 1 0.59375 1 0.59375 1 0.28125 1 0.3125 1 0.3125 1 1 1 1 1 0.96875 1 0 1 0.03125 1 0.03125 1 0.8125 1 0.84375 1 0.84375 1 0.0625 1 0.0625 1 0.03125 1 0.4375 1 0.46875 1 0.46875 1 0.875 1 0.875 1 0.84375 1 0.03125 1 0.03125 1 0 1 0.40625 1 0.4375 1 0.4375 1 0.84375 1 0.84375 1 0.8125 1 0.375 1 0.40625 1 0.40625 1 0.8125 1 0.8125 1 0.78125 1 0.375 1 0.375 1 0.34375 1 0.78125 1 0.78125 1 0.75 1 0.3125 1 0.34375 1 0.34375 1 0.75 1 0.75 1 0.71875 1 0.28125 1 0.3125 1 0.3125 1 0.71875 1 0.71875 1 0.6875 1 0.28125 1 0.28125 1 0.25 1 0.6875 1 0.6875 1 0.65625 1 0.25 1 0.25 1 0.21875 1 0.65625 1 0.65625 1 0.625 1 0.21875 1 0.21875 1 0.1875 1 0.59375 1 0.625 1 0.625 1 0.1875 1 0.1875 1 0.15625 1 0.59375 1 0.59375 1 0.5625 1 1 1 1 1 0.96875 1 0.15625 1 0.15625 1 0.125 1 0.53125 1 0.5625 1 0.5625 1 0.96875 1 0.96875 1 0.9375 1 0.125 1 0.125 1 0.09375 1 0.53125 1 0.53125 1 0.5 1 0.9375 1 0.9375 1 0.90625 1 0.09375 1 0.09375 1 0.0625 1 0.5 1 0.5 1 0.46875 1 0 0 0 0 0 0 0 0 0 0 0 0 0 0 0 0 0 0 0 0 0 0 0 0 0 0 0 0 0 0 0 0 0 0 0 0 0 0 0 0 0 0 0 0 0 0 0 0 0 0 0 0 0 0 0 0 0 0 0 0 0 0 0 0 0 0 0 0 0 0 0 0 0 0 0 0 0 0 0 0 0 0 0 0 0 0 0 0 0 0 0 0 0 0 0 0 0 0 0 0 0 0 0 0 0 0 0 0 0 0 0 0 0 0 0 0 0 0 0 0 0 0 0 0 0 0 0 0 0 0 0 0 0 0 0 0 0 0 0 0 0 0 0 0 0 0 0 0 0 0 0 0 0 0 0 0 0 0 0 0 0 0 0 0 0 0 0 0 0 0 0 0 0 0 0 0 0 0 0 0 0 0 0 0 0 0 0 0 0 0 0 0 0 0 0 0 0 0 0 0 0 0 0 0 0 0 0 0 0 0 0 0 0 0 0 0 0 0 0 0 0 0 0 0 0 0 0 0 0 0 0 0 0 0 0 0 0 0 0 0 0 0 0 0 0 0 0 0 0 0 0 0 0 0 0 0 0 0 0 0 0 0 0 0 0 0 0 0 0 0 0 0 0 0 0 0 0 0 0 0 0 0 0 0 0 0 0 0 0 0 0 0 0 0 0 0 0 0 0 0 0 0 0 0 0 0 0 0 0 0 0 0 0 0 0 0 0 0 0 0 0 0 0 0 0 0 0 0 0 0 0 0 0 0 0 0 0 0 0 0 0 0 0 0 0 0 0 0 0 0 0 0 0 0 0 0 0 0 0 0 0 0 0 0 0 0 0 0 0 0 0 0 0 0 0 0 0 0 0 0 0 0 0 0 0 0 0 0 0 0 0 0 0 0 0 0 0 0 0 0 0 0 0 0 0 0 0 0 0 0 0 0 0 0 0 0 0 0 0 0 0 0 0 0 0 0 0 0 0 0 0 0 0 0 0 0 0 0 0 0 0 0 0 0 0 0 0 0 0 0 0 0 0 0 0 0 0 0 0 0 0 0 0 0 0 0 0 0 0 0 0 0 0 0 0 0 0 0 0 0 0 0 0 0 0 0 0 0 0 0 0 0 0 0 0 0 0 0 0 0 0 0 0 0 0 0 0 0 0 0 0 0 0 0 0 0 0 0 0 0 0 0 0 0 0 0 0 0 0 0 0 0 0 0 0 0 0 0 0 0 0 0 0 0 0 0 0 0 0 0 0 0 0 0 0 0 0 0 0 0 0 0 0 0 0 0 0 0 0 0 0 0 0 0 0 0 0 0 0 0 0 0 0 0 0 0 0 0 0 0 0 0 0 0 0 0 0 0 0 0 0 0 0 0 0 0 0 0 0 0 0 0 0 0 0 0 0 0 0 0 0 0 0 0 0 0 0 0 0 0 0 0 0 0 0 0 0 0 0 0 0 0 0 0 0 0 0 0 0 0 0 0 0 0 0 0 0 0 0 0 0 0 0 0 0 0 0 0 0 0 0 0 0 0 0 0 0 0 0 0 0 0 0 0 0 0 0 0 0 0 0 0 0 0 0 0 0 0 0 0 0 0 0 0 0 0 0 0 0 0 0 0 0 0 0 0 0 0 0 0 0 0 0 0 0 0 0 0 0 0 0 0 0 0 0 0 0 0 0 0 0 0 0 0 0 0 0 0 0 0 0 0 0 0 0 0 0 0 0 0 0 0 0 0 0 0 0 0 0.34375 1 0.375 1 0.375 1 0.375 1 0.40625 1 0.40625 1 0.8125 1 0.8125 1 0.78125 1 0.34375 1 0.375 1 0.375 1 0.75 1 0.78125 1 0.78125 1 0.34375 1 0.34375 1 0.3125 1 0.75 1 0.75 1 0.71875 1 0.28125 1 0.3125 1 0.3125 1 0.71875 1 0.71875 1 0.6875 1 0.25 1 0.28125 1 0.28125 1 0.6875 1 0.6875 1 0.65625 1 0.21875 1 0.25 1 0.25 1 0.65625 1 0.65625 1 0.625 1 0.1875 1 0.21875 1 0.21875 1 0.625 1 0.625 1 0.59375 1 0.15625 1 0.1875 1 0.1875 1 0.59375 1 0.59375 1 0.5625 1 1 1 1 1 0.96875 1 0.125 1 0.15625 1 0.15625 1 0.5625 1 0.5625 1 0.53125 1 0.9375 1 0.96875 1 0.96875 1 0.125 1 0.125 1 0.09375 1 0.53125 1 0.53125 1 0.5 1 0.90625 1 0.9375 1 0.9375 1 0.09375 1 0.09375 1 0.0625 1 0.46875 1 0.5 1 0.5 1 0.90625 1 0.90625 1 0.875 1 0.03125 1 0.0625 1 0.0625 1 0.46875 1 0.46875 1 0.4375 1 0.875 1 0.875 1 0.84375 1 0.03125 1 0.03125 1 0 1 0.4375 1 0.4375 1 0.40625 1 0.341844 0.4717311 0.2968217 0.4853885 0.25 0.49 0.25 0.49 0.2031787 0.4853885 0.341844 0.4717311 0.2031787 0.4853885 0.1581563 0.4717312 0.341844 0.4717311 0.1581563 0.4717312 0.1166634 0.4495529 0.08029454 0.4197058 0.08029454 0.4197058 0.05044746 0.3833371 0.02826899 0.3418443 0.02826899 0.3418443 0.01461154 0.2968219 0.00999999 0.2500002 0.00999999 0.2500002 0.01461148 0.2031785 0.02826899 0.3418443 0.01461148 0.2031785 0.02826881 0.1581561 0.02826899 0.3418443 0.02826881 0.1581561 0.05044716 0.1166633 0.1581559 0.02826893 0.05044716 0.1166633 0.08029425 0.08029443 0.1581559 0.02826893 0.08029425 0.08029443 0.116663 0.05044734 0.1581559 0.02826893 0.1581559 0.02826893 0.2031782 0.01461154 0.341844 0.02826887 0.2031782 0.01461154 0.2499999 0.00999999 0.341844 0.02826887 0.2499999 0.00999999 0.2968216 0.01461148 0.341844 0.02826887 0.341844 0.02826887 0.3833369 0.05044728 0.4197056 0.08029437 0.4197056 0.08029437 0.4495527 0.1166631 0.4717311 0.158156 0.4717311 0.158156 0.4853885 0.2031783 0.49 0.25 0.49 0.25 0.4853885 0.2968217 0.4717311 0.341844 0.4717311 0.341844 0.4495527 0.3833369 0.4197056 0.4197056 0.4197056 0.4197056 0.3833369 0.4495527 0.4717311 0.341844 0.3833369 0.4495527 0.341844 0.4717311 0.4717311 0.341844 0.1581563 0.4717312 0.08029454 0.4197058 0.341844 0.4717311 0.08029454 0.4197058 0.02826899 0.3418443 0.341844 0.4717311 0.341844 0.02826887 0.4197056 0.08029437 0.4717311 0.158156 0.4717311 0.158156 0.49 0.25 0.4717311 0.341844 0.02826899 0.3418443 0.02826881 0.1581561 0.1581559 0.02826893 0.1581559 0.02826893 0.341844 0.02826887 0.4717311 0.158156 0.4717311 0.158156 0.4717311 0.341844 0.341844 0.4717311 0.341844 0.4717311 0.02826899 0.3418443 0.4717311 0.158156 0.78125 1 0.78125 1 0.75 1 0.3125 1 0.34375 1 0.34375 1 0.75 1 0.75 1 0.71875 1 0.28125 1 0.3125 1 0.3125 1 0.6875 1 0.71875 1 0.71875 1 0.25 1 0.28125 1 0.28125 1 0.65625 1 0.6875 1 0.6875 1 0.25 1 0.25 1 0.21875 1 0.625 1 0.65625 1 0.65625 1 0.21875 1 0.21875 1 0.1875 1 0.59375 1 0.625 1 0.625 1 0.1875 1 0.1875 1 0.15625 1 0.5625 1 0.59375 1 0.59375 1 1 1 1 1 0.96875 1 0.15625 1 0.15625 1 0.125 1 0.53125 1 0.5625 1 0.5625 1 0.96875 1 0.96875 1 0.9375 1 0.125 1 0.125 1 0.09375 1 0.5 1 0.53125 1 0.53125 1 0.9375 1 0.9375 1 0.90625 1 0.09375 1 0.09375 1 0.0625 1 0.46875 1 0.5 1 0.5 1 0.90625 1 0.90625 1 0.875 1 0.0625 1 0.0625 1 0.03125 1 0.4375 1 0.46875 1 0.46875 1 0.875 1 0.875 1 0.84375 1 0.03125 1 0.03125 1 0 1 0.40625 1 0.4375 1 0.4375 1 0.84375 1 0.84375 1 0.8125 1 0.375 1 0.40625 1 0.40625 1 0.8125 1 0.8125 1 0.78125 1 0.7031787 0.4853885 0.75 0.49 0.7968217 0.4853885 0.7968217 0.4853885 0.841844 0.4717311 0.7031787 0.4853885 0.841844 0.4717311 0.8833369 0.4495527 0.7031787 0.4853885 0.8833369 0.4495527 0.9197056 0.4197056 0.9853885 0.2968217 0.9197056 0.4197056 0.9495527 0.3833369 0.9853885 0.2968217 0.9495527 0.3833369 0.9717311 0.341844 0.9853885 0.2968217 0.9853885 0.2968217 0.99 0.25 0.9853885 0.2031783 0.9853885 0.2031783 0.9717311 0.158156 0.9495527 0.1166631 0.9495527 0.1166631 0.9197056 0.08029437 0.7968216 0.01461148 0.9197056 0.08029437 0.8833369 0.05044728 0.7968216 0.01461148 0.8833369 0.05044728 0.841844 0.02826887 0.7968216 0.01461148 0.7968216 0.01461148 0.75 0.00999999 0.7031782 0.01461154 0.7031782 0.01461154 0.6581559 0.02826893 0.616663 0.05044734 0.616663 0.05044734 0.5802943 0.08029443 0.5504472 0.1166633 0.5504472 0.1166633 0.5282688 0.1581561 0.5146115 0.2031785 0.5146115 0.2031785 0.51 0.2500002 0.5146116 0.2968219 0.5146116 0.2968219 0.5282691 0.3418443 0.5146115 0.2031785 0.5282691 0.3418443 0.5504475 0.3833371 0.5146115 0.2031785 0.5504475 0.3833371 0.5802946 0.4197058 0.6166634 0.4495529 0.6166634 0.4495529 0.6581563 0.4717312 0.7031787 0.4853885 0.9853885 0.2968217 0.9853885 0.2031783 0.9495527 0.1166631 0.7968216 0.01461148 0.7031782 0.01461154 0.616663 0.05044734 0.616663 0.05044734 0.5504472 0.1166633 0.7968216 0.01461148 0.5504472 0.1166633 0.5146115 0.2031785 0.7968216 0.01461148 0.5504475 0.3833371 0.6166634 0.4495529 0.7031787 0.4853885 0.7031787 0.4853885 0.8833369 0.4495527 0.9853885 0.2968217 0.9853885 0.2968217 0.9495527 0.1166631 0.7968216 0.01461148 0.5146115 0.2031785 0.5504475 0.3833371 0.7031787 0.4853885 0.7031787 0.4853885 0.9853885 0.2968217 0.7968216 0.01461148 0.71875 0.5 0.6875 0.5 0.6875 0.5 0.4375 0.5 0.40625 0.5 0.40625 0.5 0.125 0.5 0.125 0.5 0.15625 0.5 0.84375 0.5 0.8125 0.5 0.8125 0.5 0.53125 0.5 0.53125 0.5 0.5625 0.5 0.25 0.5 0.25 0.5 0.28125 0.5 0.9375 0.5 0.9375 0.5 0.96875 0.5 0.6875 0.5 0.65625 0.5 0.65625 0.5 0.40625 0.5 0.375 0.5 0.375 0.5 0.09375 0.5 0.09375 0.5 0.125 0.5 0.8125 0.5 0.78125 0.5 0.78125 0.5 0.53125 0.5 0.5 0.5 0.5 0.5 0.21875 0.5 0.21875 0.5 0.25 0.5 0.9375 0.5 0.90625 0.5 0.90625 0.5 0.65625 0.5 0.625 0.5 0.625 0.5 0.34375 0.5 0.34375 0.5 0.375 0.5 0.0625 0.5 0.0625 0.5 0.09375 0.5 0.78125 0.5 0.75 0.5 0.75 0.5 0.46875 0.5 0.46875 0.5 0.5 0.5 0.1875 0.5 0.1875 0.5 0.21875 0.5 0.875 0.5 0.875 0.5 0.90625 0.5 0.625 0.5 0.59375 0.5 0.59375 0.5 0.3125 0.5 0.3125 0.5 0.34375 0.5 0.03125 0.5 0.03125 0.5 0.0625 0.5 0.75 0.5 0.71875 0.5 0.71875 0.5 0.4375 0.5 0.4375 0.5 0.46875 0.5 0.15625 0.5 0.15625 0.5 0.1875 0.5 0.875 0.5 0.84375 0.5 0.84375 0.5 0.59375 0.5 0.5625 0.5 0.5625 0.5 0.28125 0.5 0.28125 0.5 0.3125 0.5 0.96875 0.5 0.96875 0.5 1 0.5 0.08029425 0.08029443 0.08029425 0.08029443 0.116663 0.05044734 0.5802946 0.4197058 0.5802946 0.4197058 0.6166634 0.4495529 0.4495527 0.1166631 0.4495527 0.1166631 0.4717311 0.158156 0.5802943 0.08029443 0.616663 0.05044734 0.616663 0.05044734 0.341844 0.4717311 0.341844 0.4717311 0.2968217 0.4853885 0.9495527 0.1166631 0.9717311 0.158156 0.9717311 0.158156 0.05044746 0.3833371 0.08029454 0.4197058 0.08029454 0.4197058 0.841844 0.4717311 0.7968217 0.4853885 0.7968217 0.4853885 0.116663 0.05044734 0.116663 0.05044734 0.1581559 0.02826893 0.5504475 0.3833371 0.5504475 0.3833371 0.5802946 0.4197058 0.4717311 0.158156 0.4717311 0.158156 0.4853885 0.2031783 0.616663 0.05044734 0.6581559 0.02826893 0.6581559 0.02826893 0.9717311 0.158156 0.9853885 0.2031783 0.9853885 0.2031783 0.02826899 0.3418443 0.05044746 0.3833371 0.05044746 0.3833371 0.25 0.49 0.2968217 0.4853885 0.2968217 0.4853885 0.1581559 0.02826893 0.1581559 0.02826893 0.2031782 0.01461154 0.5282691 0.3418443 0.5282691 0.3418443 0.5504475 0.3833371 0.75 0.49 0.75 0.49 0.7968217 0.4853885 0.4853885 0.2031783 0.4853885 0.2031783 0.49 0.25 0.6581559 0.02826893 0.7031782 0.01461154 0.7031782 0.01461154 0.9853885 0.2031783 0.99 0.25 0.99 0.25 0.01461154 0.2968219 0.02826899 0.3418443 0.02826899 0.3418443 0.2031782 0.01461154 0.2031782 0.01461154 0.2499999 0.00999999 0.5146116 0.2968219 0.5146116 0.2968219 0.5282691 0.3418443 0.4853885 0.2968217 0.49 0.25 0.49 0.25 0.75 0.00999999 0.75 0.00999999 0.7031782 0.01461154 0.9853885 0.2968217 0.9853885 0.2968217 0.99 0.25 0.01461154 0.2968219 0.01461154 0.2968219 0.00999999 0.2500002 0.2499999 0.00999999 0.2499999 0.00999999 0.2968216 0.01461148 0.5146116 0.2968219 0.51 0.2500002 0.51 0.2500002 0.616663 0.05044734 0.116663 0.05044734 0.1581559 0.02826893 0.4717311 0.341844 0.4853885 0.2968217 0.4853885 0.2968217 0.75 0.00999999 0.7968216 0.01461148 0.7968216 0.01461148 0.5802943 0.08029443 0.08029425 0.08029443 0.116663 0.05044734 1 1 0.96875 1 0.96875 0.5 0.96875 0.5 0.96875 1 0.9375 1 0.9375 1 0.90625 1 0.90625 0.5 0.90625 1 0.875 1 0.875 0.5 0.875 1 0.84375 1 0.84375 0.5 0.84375 1 0.8125 1 0.8125 0.5 0.8125 1 0.78125 1 0.78125 0.5 0.78125 1 0.75 1 0.75 0.5 0.75 1 0.71875 1 0.71875 0.5 0.71875 1 0.6875 1 0.6875 0.5 0.6875 1 0.65625 1 0.65625 0.5 0.65625 0.5 0.65625 1 0.625 1 0.625 1 0.59375 1 0.59375 0.5 0.59375 1 0.5625 1 0.5625 0.5 0.5625 1 0.53125 1 0.53125 0.5 0.53125 1 0.5 1 0.5 0.5 0.5 1 0.46875 1 0.46875 0.5 0.46875 1 0.4375 1 0.4375 0.5 0.4375 0.5 0.4375 1 0.40625 1 0.40625 1 0.375 1 0.375 0.5 0.375 1 0.34375 1 0.34375 0.5 0.34375 0.5 0.34375 1 0.3125 1 0.3125 1 0.28125 1 0.28125 0.5 0.28125 0.5 0.28125 1 0.25 1 0.25 0.5 0.25 1 0.21875 1 0.21875 0.5 0.21875 1 0.1875 1 0.1875 0.5 0.1875 1 0.15625 1 0.15625 1 0.125 1 0.125 0.5 0.125 1 0.09375 1 0.09375 0.5 0.09375 0.5 0.09375 1 0.0625 1 0.0625 1 0.03125 1 0.03125 0.5 0.03125 1 0 1 0 0.5 0.8833369 0.4495527 0.841844 0.4717311 0.841844 0.4717311 0.08029454 0.4197058 0.1166634 0.4495529 0.1166634 0.4495529 0.9197056 0.08029437 0.9495527 0.1166631 0.9495527 0.1166631 0.3833369 0.4495527 0.3833369 0.4495527 0.341844 0.4717311 0.5802943 0.08029443 0.5802943 0.08029443 0.5504472 0.1166633 0.4197056 0.08029437 0.4197056 0.08029437 0.4495527 0.1166631 0.6166634 0.4495529 0.6166634 0.4495529 0.6581563 0.4717312 0.08029425 0.08029443 0.05044716 0.1166633 0.05044716 0.1166633 0.9197056 0.4197056 0.8833369 0.4495527 0.8833369 0.4495527 0.1581563 0.4717312 0.1581563 0.4717312 0.1166634 0.4495529 0.8833369 0.05044728 0.9197056 0.08029437 0.9197056 0.08029437 0.4197056 0.4197056 0.4197056 0.4197056 0.3833369 0.4495527 0.5504472 0.1166633 0.5504472 0.1166633 0.5282688 0.1581561 0.3833369 0.05044728 0.3833369 0.05044728 0.4197056 0.08029437 0.7031787 0.4853885 0.6581563 0.4717312 0.6581563 0.4717312 0.02826881 0.1581561 0.02826881 0.1581561 0.05044716 0.1166633 0.9197056 0.4197056 0.9197056 0.4197056 0.9495527 0.3833369 0.2031787 0.4853885 0.2031787 0.4853885 0.1581563 0.4717312 0.841844 0.02826887 0.8833369 0.05044728 0.8833369 0.05044728 0.4495527 0.3833369 0.4495527 0.3833369 0.4197056 0.4197056 0.5146115 0.2031785 0.5282688 0.1581561 0.5282688 0.1581561 0.341844 0.02826887 0.341844 0.02826887 0.3833369 0.05044728 0.7031787 0.4853885 0.7031787 0.4853885 0.75 0.49 0.01461148 0.2031785 0.01461148 0.2031785 0.02826881 0.1581561 0.9495527 0.3833369 0.9495527 0.3833369 0.9717311 0.341844 0.25 0.49 0.25 0.49 0.2031787 0.4853885 0.841844 0.02826887 0.841844 0.02826887 0.7968216 0.01461148 0.4495527 0.3833369 0.4717311 0.341844 0.4717311 0.341844 0.5146115 0.2031785 0.5146115 0.2031785 0.51 0.2500002 0.341844 0.02826887 0.2968216 0.01461148 0.2968216 0.01461148 0.01461148 0.2031785 0.00999999 0.2500002 0.00999999 0.2500002 0.9717311 0.341844 0.9717311 0.341844 0.9853885 0.2968217 0.7031782 0.01461154 0.6581559 0.02826893 0.1581559 0.02826893 0.7031782 0.01461154 0.2031782 0.01461154 0.2499999 0.00999999 0.75 0.00999999 0.2499999 0.00999999 0.2968216 0.01461148 0.7968216 0.01461148 0.2968216 0.01461148 0.341844 0.02826887 0.841844 0.02826887 0.341844 0.02826887 0.3833369 0.05044728 0.8833369 0.05044728 0.3833369 0.05044728 0.4197056 0.08029437 0.9197056 0.08029437 0.4197056 0.08029437 0.4495527 0.1166631 0.9495527 0.1166631 0.4495527 0.1166631 0.4717311 0.158156 0.9717311 0.158156 0.4717311 0.158156 0.4853885 0.2031783 0.9853885 0.2031783 0.4853885 0.2031783 0.49 0.25 0.99 0.25 0.49 0.25 0.4853885 0.2968217 0.9853885 0.2968217 0.4853885 0.2968217 0.4717311 0.341844 0.9717311 0.341844 0.4717311 0.341844 0.4495527 0.3833369 0.9495527 0.3833369 0.4495527 0.3833369 0.4197056 0.4197056 0.9197056 0.4197056 0.4197056 0.4197056 0.3833369 0.4495527 0.8833369 0.4495527 0.3833369 0.4495527 0.341844 0.4717311 0.841844 0.4717311 0.341844 0.4717311 0.2968217 0.4853885 0.7968217 0.4853885 0.2968217 0.4853885 0.25 0.49 0.75 0.49 0.25 0.49 0.2031787 0.4853885 0.6581563 0.4717312 0.7031787 0.4853885 0.2031787 0.4853885 0.6581563 0.4717312 0.1581563 0.4717312 0.1166634 0.4495529 0.6166634 0.4495529 0.1166634 0.4495529 0.08029454 0.4197058 0.5504475 0.3833371 0.5802946 0.4197058 0.08029454 0.4197058 0.5282691 0.3418443 0.5504475 0.3833371 0.05044746 0.3833371 0.5146116 0.2968219 0.5282691 0.3418443 0.02826899 0.3418443 0.51 0.2500002 0.5146116 0.2968219 0.01461154 0.2968219 0.5146115 0.2031785 0.51 0.2500002 0.00999999 0.2500002 0.5146115 0.2031785 0.01461148 0.2031785 0.02826881 0.1581561 0.5504472 0.1166633 0.5282688 0.1581561 0.02826881 0.1581561 0.5504472 0.1166633 0.05044716 0.1166633 0.08029425 0.08029443 0.96875 0.5 0.96875 1 1 1 0.9375 0.5 0.9375 1 0.96875 1 0.90625 0.5 0.90625 1 0.9375 1 0.875 0.5 0.875 1 0.90625 1 0.875 0.5 0.84375 0.5 0.84375 1 0.8125 0.5 0.8125 1 0.84375 1 0.78125 0.5 0.78125 1 0.8125 1 0.75 0.5 0.75 1 0.78125 1 0.71875 0.5 0.71875 1 0.75 1 0.6875 0.5 0.6875 1 0.71875 1 0.65625 0.5 0.65625 1 0.6875 1 0.625 0.5 0.625 1 0.65625 1 0.59375 0.5 0.59375 1 0.625 1 0.5625 0.5 0.5625 1 0.59375 1 0.53125 0.5 0.53125 1 0.5625 1 0.5 0.5 0.5 1 0.53125 1 0.46875 0.5 0.46875 1 0.5 1 0.4375 0.5 0.4375 1 0.46875 1 0.40625 0.5 0.40625 1 0.4375 1 0.375 0.5 0.375 1 0.40625 1 0.375 0.5 0.34375 0.5 0.34375 1 0.3125 0.5 0.3125 1 0.34375 1 0.28125 0.5 0.28125 1 0.3125 1 0.25 0.5 0.25 1 0.28125 1 0.25 0.5 0.21875 0.5 0.21875 1 0.1875 0.5 0.1875 1 0.21875 1 0.15625 0.5 0.15625 1 0.1875 1 0.125 0.5 0.125 1 0.15625 1 0.09375 0.5 0.09375 1 0.125 1 0.09375 0.5 0.0625 0.5 0.0625 1 0.03125 0.5 0.03125 1 0.0625 1 0 0.5 0 1 0.03125 1 1 1 0.96875 1 0.96875 0.5 0.96875 1 0.9375 1 0.9375 0.5 0.9375 1 0.90625 1 0.90625 0.5 0.90625 1 0.875 1 0.875 0.5 0.875 0.5 0.875 1 0.84375 1 0.84375 1 0.8125 1 0.8125 0.5 0.8125 1 0.78125 1 0.78125 0.5 0.78125 1 0.75 1 0.75 0.5 0.75 1 0.71875 1 0.71875 0.5 0.71875 1 0.6875 1 0.6875 0.5 0.6875 1 0.65625 1 0.65625 0.5 0.65625 1 0.625 1 0.625 0.5 0.625 1 0.59375 1 0.59375 0.5 0.59375 1 0.5625 1 0.5625 0.5 0.5625 1 0.53125 1 0.53125 0.5 0.53125 1 0.5 1 0.5 0.5 0.5 1 0.46875 1 0.46875 0.5 0.46875 1 0.4375 1 0.4375 0.5 0.4375 1 0.40625 1 0.40625 0.5 0.40625 1 0.375 1 0.375 0.5 0.375 0.5 0.375 1 0.34375 1 0.34375 1 0.3125 1 0.3125 0.5 0.3125 1 0.28125 1 0.28125 0.5 0.28125 1 0.25 1 0.25 0.5 0.25 0.5 0.25 1 0.21875 1 0.21875 1 0.1875 1 0.1875 0.5 0.1875 1 0.15625 1 0.15625 0.5 0.15625 1 0.125 1 0.125 0.5 0.125 0.5 0.125 1 0.09375 1 0.09375 1 0.0625 1 0.0625 0.5 0.0625 1 0.03125 1 0.03125 0.5 0.03125 1 0 1 0 0.5 0.4375 0.5 0.46875 0.5 0.46875 0.5 0.71875 1 0.71875 1 0.75 1 1 0.5 1 0.5 0.96875 0.5 0.1875 0.5 0.1875 0.5 0.15625 0.5 0.4375 1 0.4375 1 0.46875 1 1 1 0.96875 1 0.96875 1 0.1875 1 0.15625 1 0.15625 1 0.71875 0.5 0.71875 0.5 0.6875 0.5 0.40625 0.5 0.4375 0.5 0.4375 0.5 0.71875 1 0.6875 1 0.6875 1 0.125 0.5 0.15625 0.5 0.15625 0.5 0.40625 1 0.40625 1 0.4375 1 0.96875 0.5 0.96875 0.5 0.9375 0.5 0.125 1 0.125 1 0.15625 1 0.6875 0.5 0.6875 0.5 0.65625 0.5 0.96875 1 0.9375 1 0.9375 1 0.375 0.5 0.40625 0.5 0.40625 0.5 0.6875 1 0.65625 1 0.65625 1 0.125 0.5 0.125 0.5 0.09375 0.5 0.375 1 0.375 1 0.40625 1 0.9375 0.5 0.9375 0.5 0.90625 0.5 0.125 1 0.09375 1 0.09375 1 0.65625 0.5 0.65625 0.5 0.625 0.5 0.9375 1 0.90625 1 0.90625 1 0.34375 0.5 0.375 0.5 0.375 0.5 0.65625 1 0.625 1 0.625 1 0.09375 0.5 0.09375 0.5 0.0625 0.5 0.34375 1 0.34375 1 0.375 1 0.90625 0.5 0.90625 0.5 0.875 0.5 0.09375 1 0.0625 1 0.0625 1 0.59375 0.5 0.625 0.5 0.625 0.5 0.90625 1 0.875 1 0.875 1 0.34375 0.5 0.34375 0.5 0.3125 0.5 0.59375 1 0.59375 1 0.625 1 0.0625 0.5 0.0625 0.5 0.03125 0.5 0.34375 1 0.3125 1 0.3125 1 0.84375 0.5 0.875 0.5 0.875 0.5 0.0625 1 0.03125 1 0.03125 1 0.59375 0.5 0.59375 0.5 0.5625 0.5 0.84375 1 0.84375 1 0.875 1 0.3125 0.5 0.3125 0.5 0.28125 0.5 0.5625 1 0.5625 1 0.59375 1 0 0.5 0.03125 0.5 0.03125 0.5 0.3125 1 0.28125 1 0.28125 1 0.84375 0.5 0.84375 0.5 0.8125 0.5 0 1 0 1 0.03125 1 0.5625 0.5 0.5625 0.5 0.53125 0.5 0.84375 1 0.8125 1 0.8125 1 0.28125 0.5 0.28125 0.5 0.25 0.5 0.5625 1 0.53125 1 0.53125 1 0.28125 1 0.25 1 0.25 1 0.8125 0.5 0.8125 0.5 0.78125 0.5 0.5 0.5 0.53125 0.5 0.53125 0.5 0.8125 1 0.78125 1 0.78125 1 0.25 0.5 0.25 0.5 0.21875 0.5 0.5 1 0.5 1 0.53125 1 0.21875 1 0.21875 1 0.25 1 0.75 0.5 0.78125 0.5 0.78125 0.5 0.5 0.5 0.5 0.5 0.46875 0.5 0.75 1 0.75 1 0.78125 1 0.21875 0.5 0.21875 0.5 0.1875 0.5 0.5 1 0.46875 1 0.46875 1 0.21875 1 0.1875 1 0.1875 1 0.71875 0.5 0.75 0.5 0.75 0.5 0.625 0.125 0.625 0.25 0.5833333 0.25 0.625 0.375 0.625 0.5 0.5833333 0.5 0.5833333 0.625 0.625 0.625 0.625 0.75 0.625 0.875 0.625 1 0.5833333 1 0.375 0.625 0.375 0.75 0.25 0.75 0.75 0.625 0.875 0.625 0.875 0.75 0.75 0.5 0.875 0.5 0.875 0.625 0.375 0.5 0.375 0.625 0.25 0.625 0.5833333 0.5 0.625 0.5 0.625 0.625 0.625 0 0.625 0.125 0.5833333 0.125 0.125 0.5 0.25 0.5 0.25 0.625 0.75 0.5 0.75 0.625 0.625 0.625 0.75 0.625 0.75 0.75 0.625 0.75 0.125 0.625 0.25 0.625 0.25 0.75 0.5833333 0.75 0.625 0.75 0.625 0.875 0.5833333 0.25 0.625 0.25 0.625 0.375 0.4166666 0.25 0.4166666 0.375 0.375 0.375 0.4583333 0.25 0.4583333 0.375 0.4166666 0.375 0.4583333 0.25 0.5 0.25 0.5 0.375 0.5416667 0.25 0.5416667 0.375 0.5 0.375 0.5833333 0.25 0.5833333 0.375 0.5416667 0.375 0.375 0.75 0.4166666 0.75 0.4166666 0.875 0.4166666 0.75 0.4583333 0.75 0.4583333 0.875 0.4583333 0.75 0.5 0.75 0.5 0.875 0.5 0.75 0.5416667 0.75 0.5416667 0.875 0.5833333 0.75 0.5833333 0.875 0.5416667 0.875 0.4166667 0 0.4166666 0.125 0.375 0.125 0.4166667 0 0.4583333 0 0.4583333 0.125 0.5 0 0.5 0.125 0.4583333 0.125 0.5416666 0 0.5416667 0.125 0.5 0.125 0.5833333 0 0.5833333 0.125 0.5416667 0.125 0.4166666 0.5 0.4166666 0.625 0.375 0.625 0.4583333 0.5 0.4583333 0.625 0.4166666 0.625 0.4583333 0.5 0.5 0.5 0.5 0.625 0.5 0.5 0.5416667 0.5 0.5416667 0.625 0.5416667 0.5 0.5833333 0.5 0.5833333 0.625 0.4166666 0.875 0.4166667 1 0.375 1 0.4583333 0.875 0.4583333 1 0.4166667 1 0.5 0.875 0.5 1 0.4583333 1 0.5 0.875 0.5416667 0.875 0.5416666 1 0.5416667 0.875 0.5833333 0.875 0.5833333 1 0.375 0.625 0.4166666 0.625 0.4166666 0.75 0.4166666 0.625 0.4583333 0.625 0.4583333 0.75 0.4583333 0.625 0.5 0.625 0.5 0.75 0.5416667 0.625 0.5416667 0.75 0.5 0.75 0.5833333 0.625 0.5833333 0.75 0.5416667 0.75 0.375 0.375 0.4166666 0.375 0.4166666 0.5 0.4166666 0.375 0.4583333 0.375 0.4583333 0.5 0.4583333 0.375 0.5 0.375 0.5 0.5 0.5416667 0.375 0.5416667 0.5 0.5 0.5 0.5833333 0.375 0.5833333 0.5 0.5416667 0.5 0.4166666 0.125 0.4166666 0.25 0.375 0.25 0.4583333 0.125 0.4583333 0.25 0.4166666 0.25 0.5 0.125 0.5 0.25 0.4583333 0.25 0.5 0.125 0.5416667 0.125 0.5416667 0.25 0.5416667 0.125 0.5833333 0.125 0.5833333 0.25 0.625 0.125 0.625 0.25 0.5833333 0.25 0.625 0.375 0.625 0.5 0.5833333 0.5 0.5833333 0.625 0.625 0.625 0.625 0.75 0.625 0.875 0.625 1 0.5833333 1 0.375 0.625 0.375 0.75 0.25 0.75 0.75 0.625 0.875 0.625 0.875 0.75 0.75 0.5 0.875 0.5 0.875 0.625 0.375 0.5 0.375 0.625 0.25 0.625 0.5833333 0.5 0.625 0.5 0.625 0.625 0.625 0 0.625 0.125 0.5833333 0.125 0.125 0.5 0.25 0.5 0.25 0.625 0.75 0.5 0.75 0.625 0.625 0.625 0.75 0.625 0.75 0.75 0.625 0.75 0.125 0.625 0.25 0.625 0.25 0.75 0.5833333 0.75 0.625 0.75 0.625 0.875 0.5833333 0.25 0.625 0.25 0.625 0.375 0.4166666 0.25 0.4166666 0.375 0.375 0.375 0.4583333 0.25 0.4583333 0.375 0.4166666 0.375 0.4583333 0.25 0.5 0.25 0.5 0.375 0.5416667 0.25 0.5416667 0.375 0.5 0.375 0.5833333 0.25 0.5833333 0.375 0.5416667 0.375 0.375 0.75 0.4166666 0.75 0.4166666 0.875 0.4166666 0.75 0.4583333 0.75 0.4583333 0.875 0.4583333 0.75 0.5 0.75 0.5 0.875 0.5 0.75 0.5416667 0.75 0.5416667 0.875 0.5833333 0.75 0.5833333 0.875 0.5416667 0.875 0.4166667 0 0.4166666 0.125 0.375 0.125 0.4166667 0 0.4583333 0 0.4583333 0.125 0.5 0 0.5 0.125 0.4583333 0.125 0.5416666 0 0.5416667 0.125 0.5 0.125 0.5833333 0 0.5833333 0.125 0.5416667 0.125 0.4166666 0.5 0.4166666 0.625 0.375 0.625 0.4583333 0.5 0.4583333 0.625 0.4166666 0.625 0.4583333 0.5 0.5 0.5 0.5 0.625 0.5 0.5 0.5416667 0.5 0.5416667 0.625 0.5416667 0.5 0.5833333 0.5 0.5833333 0.625 0.4166666 0.875 0.4166667 1 0.375 1 0.4583333 0.875 0.4583333 1 0.4166667 1 0.5 0.875 0.5 1 0.4583333 1 0.5 0.875 0.5416667 0.875 0.5416666 1 0.5416667 0.875 0.5833333 0.875 0.5833333 1 0.375 0.625 0.4166666 0.625 0.4166666 0.75 0.4166666 0.625 0.4583333 0.625 0.4583333 0.75 0.4583333 0.625 0.5 0.625 0.5 0.75 0.5416667 0.625 0.5416667 0.75 0.5 0.75 0.5833333 0.625 0.5833333 0.75 0.5416667 0.75 0.375 0.375 0.4166666 0.375 0.4166666 0.5 0.4166666 0.375 0.4583333 0.375 0.4583333 0.5 0.4583333 0.375 0.5 0.375 0.5 0.5 0.5416667 0.375 0.5416667 0.5 0.5 0.5 0.5833333 0.375 0.5833333 0.5 0.5416667 0.5 0.4166666 0.125 0.4166666 0.25 0.375 0.25 0.4583333 0.125 0.4583333 0.25 0.4166666 0.25 0.5 0.125 0.5 0.25 0.4583333 0.25 0.5 0.125 0.5416667 0.125 0.5416667 0.25 0.5416667 0.125 0.5833333 0.125 0.5833333 0.25 0.625 0.125 0.625 0.25 0.5833333 0.25 0.625 0.375 0.625 0.5 0.5833333 0.5 0.5833333 0.625 0.625 0.625 0.625 0.75 0.625 0.875 0.625 1 0.5833333 1 0.375 0.625 0.375 0.75 0.25 0.75 0.75 0.625 0.875 0.625 0.875 0.75 0.75 0.5 0.875 0.5 0.875 0.625 0.375 0.5 0.375 0.625 0.25 0.625 0.5833333 0.5 0.625 0.5 0.625 0.625 0.625 0 0.625 0.125 0.5833333 0.125 0.125 0.5 0.25 0.5 0.25 0.625 0.75 0.5 0.75 0.625 0.625 0.625 0.75 0.625 0.75 0.75 0.625 0.75 0.125 0.625 0.25 0.625 0.25 0.75 0.5833333 0.75 0.625 0.75 0.625 0.875 0.5833333 0.25 0.625 0.25 0.625 0.375 0.4166666 0.25 0.4166666 0.375 0.375 0.375 0.4583333 0.25 0.4583333 0.375 0.4166666 0.375 0.4583333 0.25 0.5 0.25 0.5 0.375 0.5416667 0.25 0.5416667 0.375 0.5 0.375 0.5833333 0.25 0.5833333 0.375 0.5416667 0.375 0.375 0.75 0.4166666 0.75 0.4166666 0.875 0.4166666 0.75 0.4583333 0.75 0.4583333 0.875 0.4583333 0.75 0.5 0.75 0.5 0.875 0.5 0.75 0.5416667 0.75 0.5416667 0.875 0.5833333 0.75 0.5833333 0.875 0.5416667 0.875 0.4166667 0 0.4166666 0.125 0.375 0.125 0.4166667 0 0.4583333 0 0.4583333 0.125 0.5 0 0.5 0.125 0.4583333 0.125 0.5416666 0 0.5416667 0.125 0.5 0.125 0.5833333 0 0.5833333 0.125 0.5416667 0.125 0.4166666 0.5 0.4166666 0.625 0.375 0.625 0.4583333 0.5 0.4583333 0.625 0.4166666 0.625 0.4583333 0.5 0.5 0.5 0.5 0.625 0.5 0.5 0.5416667 0.5 0.5416667 0.625 0.5416667 0.5 0.5833333 0.5 0.5833333 0.625 0.4166666 0.875 0.4166667 1 0.375 1 0.4583333 0.875 0.4583333 1 0.4166667 1 0.5 0.875 0.5 1 0.4583333 1 0.5 0.875 0.5416667 0.875 0.5416666 1 0.5416667 0.875 0.5833333 0.875 0.5833333 1 0.375 0.625 0.4166666 0.625 0.4166666 0.75 0.4166666 0.625 0.4583333 0.625 0.4583333 0.75 0.4583333 0.625 0.5 0.625 0.5 0.75 0.5416667 0.625 0.5416667 0.75 0.5 0.75 0.5833333 0.625 0.5833333 0.75 0.5416667 0.75 0.375 0.375 0.4166666 0.375 0.4166666 0.5 0.4166666 0.375 0.4583333 0.375 0.4583333 0.5 0.4583333 0.375 0.5 0.375 0.5 0.5 0.5416667 0.375 0.5416667 0.5 0.5 0.5 0.5833333 0.375 0.5833333 0.5 0.5416667 0.5 0.4166666 0.125 0.4166666 0.25 0.375 0.25 0.4583333 0.125 0.4583333 0.25 0.4166666 0.25 0.5 0.125 0.5 0.25 0.4583333 0.25 0.5 0.125 0.5416667 0.125 0.5416667 0.25 0.5416667 0.125 0.5833333 0.125 0.5833333 0.25 0.625 0.125 0.625 0.25 0.5833333 0.25 0.625 0.375 0.625 0.5 0.5833333 0.5 0.5833333 0.625 0.625 0.625 0.625 0.75 0.625 0.875 0.625 1 0.5833333 1 0.375 0.625 0.375 0.75 0.25 0.75 0.75 0.625 0.875 0.625 0.875 0.75 0.75 0.5 0.875 0.5 0.875 0.625 0.375 0.5 0.375 0.625 0.25 0.625 0.5833333 0.5 0.625 0.5 0.625 0.625 0.625 0 0.625 0.125 0.5833333 0.125 0.125 0.5 0.25 0.5 0.25 0.625 0.75 0.5 0.75 0.625 0.625 0.625 0.75 0.625 0.75 0.75 0.625 0.75 0.125 0.625 0.25 0.625 0.25 0.75 0.5833333 0.75 0.625 0.75 0.625 0.875 0.5833333 0.25 0.625 0.25 0.625 0.375 0.4166666 0.25 0.4166666 0.375 0.375 0.375 0.4583333 0.25 0.4583333 0.375 0.4166666 0.375 0.4583333 0.25 0.5 0.25 0.5 0.375 0.5416667 0.25 0.5416667 0.375 0.5 0.375 0.5833333 0.25 0.5833333 0.375 0.5416667 0.375 0.375 0.75 0.4166666 0.75 0.4166666 0.875 0.4166666 0.75 0.4583333 0.75 0.4583333 0.875 0.4583333 0.75 0.5 0.75 0.5 0.875 0.5 0.75 0.5416667 0.75 0.5416667 0.875 0.5833333 0.75 0.5833333 0.875 0.5416667 0.875 0.4166667 0 0.4166666 0.125 0.375 0.125 0.4166667 0 0.4583333 0 0.4583333 0.125 0.5 0 0.5 0.125 0.4583333 0.125 0.5416666 0 0.5416667 0.125 0.5 0.125 0.5833333 0 0.5833333 0.125 0.5416667 0.125 0.4166666 0.5 0.4166666 0.625 0.375 0.625 0.4583333 0.5 0.4583333 0.625 0.4166666 0.625 0.4583333 0.5 0.5 0.5 0.5 0.625 0.5 0.5 0.5416667 0.5 0.5416667 0.625 0.5416667 0.5 0.5833333 0.5 0.5833333 0.625 0.4166666 0.875 0.4166667 1 0.375 1 0.4583333 0.875 0.4583333 1 0.4166667 1 0.5 0.875 0.5 1 0.4583333 1 0.5 0.875 0.5416667 0.875 0.5416666 1 0.5416667 0.875 0.5833333 0.875 0.5833333 1 0.375 0.625 0.4166666 0.625 0.4166666 0.75 0.4166666 0.625 0.4583333 0.625 0.4583333 0.75 0.4583333 0.625 0.5 0.625 0.5 0.75 0.5416667 0.625 0.5416667 0.75 0.5 0.75 0.5833333 0.625 0.5833333 0.75 0.5416667 0.75 0.375 0.375 0.4166666 0.375 0.4166666 0.5 0.4166666 0.375 0.4583333 0.375 0.4583333 0.5 0.4583333 0.375 0.5 0.375 0.5 0.5 0.5416667 0.375 0.5416667 0.5 0.5 0.5 0.5833333 0.375 0.5833333 0.5 0.5416667 0.5 0.4166666 0.125 0.4166666 0.25 0.375 0.25 0.4583333 0.125 0.4583333 0.25 0.4166666 0.25 0.5 0.125 0.5 0.25 0.4583333 0.25 0.5 0.125 0.5416667 0.125 0.5416667 0.25 0.5416667 0.125 0.5833333 0.125 0.5833333 0.25 0.625 0.125 0.625 0.25 0.5833333 0.25 0.625 0.375 0.625 0.5 0.5833333 0.5 0.5833333 0.625 0.625 0.625 0.625 0.75 0.625 0.875 0.625 1 0.5833333 1 0.375 0.625 0.375 0.75 0.25 0.75 0.75 0.625 0.875 0.625 0.875 0.75 0.75 0.5 0.875 0.5 0.875 0.625 0.375 0.5 0.375 0.625 0.25 0.625 0.5833333 0.5 0.625 0.5 0.625 0.625 0.625 0 0.625 0.125 0.5833333 0.125 0.125 0.5 0.25 0.5 0.25 0.625 0.75 0.5 0.75 0.625 0.625 0.625 0.75 0.625 0.75 0.75 0.625 0.75 0.125 0.625 0.25 0.625 0.25 0.75 0.5833333 0.75 0.625 0.75 0.625 0.875 0.5833333 0.25 0.625 0.25 0.625 0.375 0.4166666 0.25 0.4166666 0.375 0.375 0.375 0.4583333 0.25 0.4583333 0.375 0.4166666 0.375 0.4583333 0.25 0.5 0.25 0.5 0.375 0.5416667 0.25 0.5416667 0.375 0.5 0.375 0.5833333 0.25 0.5833333 0.375 0.5416667 0.375 0.375 0.75 0.4166666 0.75 0.4166666 0.875 0.4166666 0.75 0.4583333 0.75 0.4583333 0.875 0.4583333 0.75 0.5 0.75 0.5 0.875 0.5 0.75 0.5416667 0.75 0.5416667 0.875 0.5833333 0.75 0.5833333 0.875 0.5416667 0.875 0.4166667 0 0.4166666 0.125 0.375 0.125 0.4166667 0 0.4583333 0 0.4583333 0.125 0.5 0 0.5 0.125 0.4583333 0.125 0.5416666 0 0.5416667 0.125 0.5 0.125 0.5833333 0 0.5833333 0.125 0.5416667 0.125 0.4166666 0.5 0.4166666 0.625 0.375 0.625 0.4583333 0.5 0.4583333 0.625 0.4166666 0.625 0.4583333 0.5 0.5 0.5 0.5 0.625 0.5 0.5 0.5416667 0.5 0.5416667 0.625 0.5416667 0.5 0.5833333 0.5 0.5833333 0.625 0.4166666 0.875 0.4166667 1 0.375 1 0.4583333 0.875 0.4583333 1 0.4166667 1 0.5 0.875 0.5 1 0.4583333 1 0.5 0.875 0.5416667 0.875 0.5416666 1 0.5416667 0.875 0.5833333 0.875 0.5833333 1 0.375 0.625 0.4166666 0.625 0.4166666 0.75 0.4166666 0.625 0.4583333 0.625 0.4583333 0.75 0.4583333 0.625 0.5 0.625 0.5 0.75 0.5416667 0.625 0.5416667 0.75 0.5 0.75 0.5833333 0.625 0.5833333 0.75 0.5416667 0.75 0.375 0.375 0.4166666 0.375 0.4166666 0.5 0.4166666 0.375 0.4583333 0.375 0.4583333 0.5 0.4583333 0.375 0.5 0.375 0.5 0.5 0.5416667 0.375 0.5416667 0.5 0.5 0.5 0.5833333 0.375 0.5833333 0.5 0.5416667 0.5 0.4166666 0.125 0.4166666 0.25 0.375 0.25 0.4583333 0.125 0.4583333 0.25 0.4166666 0.25 0.5 0.125 0.5 0.25 0.4583333 0.25 0.5 0.125 0.5416667 0.125 0.5416667 0.25 0.5416667 0.125 0.5833333 0.125 0.5833333 0.25 0.625 0.125 0.625 0.25 0.5833333 0.25 0.625 0.375 0.625 0.5 0.5833333 0.5 0.5833333 0.625 0.625 0.625 0.625 0.75 0.625 0.875 0.625 1 0.5833333 1 0.375 0.625 0.375 0.75 0.25 0.75 0.75 0.625 0.875 0.625 0.875 0.75 0.75 0.5 0.875 0.5 0.875 0.625 0.375 0.5 0.375 0.625 0.25 0.625 0.5833333 0.5 0.625 0.5 0.625 0.625 0.625 0 0.625 0.125 0.5833333 0.125 0.125 0.5 0.25 0.5 0.25 0.625 0.75 0.5 0.75 0.625 0.625 0.625 0.75 0.625 0.75 0.75 0.625 0.75 0.125 0.625 0.25 0.625 0.25 0.75 0.5833333 0.75 0.625 0.75 0.625 0.875 0.5833333 0.25 0.625 0.25 0.625 0.375 0.4166666 0.25 0.4166666 0.375 0.375 0.375 0.4583333 0.25 0.4583333 0.375 0.4166666 0.375 0.4583333 0.25 0.5 0.25 0.5 0.375 0.5416667 0.25 0.5416667 0.375 0.5 0.375 0.5833333 0.25 0.5833333 0.375 0.5416667 0.375 0.375 0.75 0.4166666 0.75 0.4166666 0.875 0.4166666 0.75 0.4583333 0.75 0.4583333 0.875 0.4583333 0.75 0.5 0.75 0.5 0.875 0.5 0.75 0.5416667 0.75 0.5416667 0.875 0.5833333 0.75 0.5833333 0.875 0.5416667 0.875 0.4166667 0 0.4166666 0.125 0.375 0.125 0.4166667 0 0.4583333 0 0.4583333 0.125 0.5 0 0.5 0.125 0.4583333 0.125 0.5416666 0 0.5416667 0.125 0.5 0.125 0.5833333 0 0.5833333 0.125 0.5416667 0.125 0.4166666 0.5 0.4166666 0.625 0.375 0.625 0.4583333 0.5 0.4583333 0.625 0.4166666 0.625 0.4583333 0.5 0.5 0.5 0.5 0.625 0.5 0.5 0.5416667 0.5 0.5416667 0.625 0.5416667 0.5 0.5833333 0.5 0.5833333 0.625 0.4166666 0.875 0.4166667 1 0.375 1 0.4583333 0.875 0.4583333 1 0.4166667 1 0.5 0.875 0.5 1 0.4583333 1 0.5 0.875 0.5416667 0.875 0.5416666 1 0.5416667 0.875 0.5833333 0.875 0.5833333 1 0.375 0.625 0.4166666 0.625 0.4166666 0.75 0.4166666 0.625 0.4583333 0.625 0.4583333 0.75 0.4583333 0.625 0.5 0.625 0.5 0.75 0.5416667 0.625 0.5416667 0.75 0.5 0.75 0.5833333 0.625 0.5833333 0.75 0.5416667 0.75 0.375 0.375 0.4166666 0.375 0.4166666 0.5 0.4166666 0.375 0.4583333 0.375 0.4583333 0.5 0.4583333 0.375 0.5 0.375 0.5 0.5 0.5416667 0.375 0.5416667 0.5 0.5 0.5 0.5833333 0.375 0.5833333 0.5 0.5416667 0.5 0.4166666 0.125 0.4166666 0.25 0.375 0.25 0.4583333 0.125 0.4583333 0.25 0.4166666 0.25 0.5 0.125 0.5 0.25 0.4583333 0.25 0.5 0.125 0.5416667 0.125 0.5416667 0.25 0.5416667 0.125 0.5833333 0.125 0.5833333 0.25 0.625 0.125 0.625 0.25 0.5833333 0.25 0.625 0.375 0.625 0.5 0.5833333 0.5 0.5833333 0.625 0.625 0.625 0.625 0.75 0.625 0.875 0.625 1 0.5833333 1 0.375 0.625 0.375 0.75 0.25 0.75 0.75 0.625 0.875 0.625 0.875 0.75 0.75 0.5 0.875 0.5 0.875 0.625 0.375 0.5 0.375 0.625 0.25 0.625 0.5833333 0.5 0.625 0.5 0.625 0.625 0.625 0 0.625 0.125 0.5833333 0.125 0.125 0.5 0.25 0.5 0.25 0.625 0.75 0.5 0.75 0.625 0.625 0.625 0.75 0.625 0.75 0.75 0.625 0.75 0.125 0.625 0.25 0.625 0.25 0.75 0.5833333 0.75 0.625 0.75 0.625 0.875 0.5833333 0.25 0.625 0.25 0.625 0.375 0.4166666 0.25 0.4166666 0.375 0.375 0.375 0.4583333 0.25 0.4583333 0.375 0.4166666 0.375 0.4583333 0.25 0.5 0.25 0.5 0.375 0.5416667 0.25 0.5416667 0.375 0.5 0.375 0.5833333 0.25 0.5833333 0.375 0.5416667 0.375 0.375 0.75 0.4166666 0.75 0.4166666 0.875 0.4166666 0.75 0.4583333 0.75 0.4583333 0.875 0.4583333 0.75 0.5 0.75 0.5 0.875 0.5 0.75 0.5416667 0.75 0.5416667 0.875 0.5833333 0.75 0.5833333 0.875 0.5416667 0.875 0.4166667 0 0.4166666 0.125 0.375 0.125 0.4166667 0 0.4583333 0 0.4583333 0.125 0.5 0 0.5 0.125 0.4583333 0.125 0.5416666 0 0.5416667 0.125 0.5 0.125 0.5833333 0 0.5833333 0.125 0.5416667 0.125 0.4166666 0.5 0.4166666 0.625 0.375 0.625 0.4583333 0.5 0.4583333 0.625 0.4166666 0.625 0.4583333 0.5 0.5 0.5 0.5 0.625 0.5 0.5 0.5416667 0.5 0.5416667 0.625 0.5416667 0.5 0.5833333 0.5 0.5833333 0.625 0.4166666 0.875 0.4166667 1 0.375 1 0.4583333 0.875 0.4583333 1 0.4166667 1 0.5 0.875 0.5 1 0.4583333 1 0.5 0.875 0.5416667 0.875 0.5416666 1 0.5416667 0.875 0.5833333 0.875 0.5833333 1 0.375 0.625 0.4166666 0.625 0.4166666 0.75 0.4166666 0.625 0.4583333 0.625 0.4583333 0.75 0.4583333 0.625 0.5 0.625 0.5 0.75 0.5416667 0.625 0.5416667 0.75 0.5 0.75 0.5833333 0.625 0.5833333 0.75 0.5416667 0.75 0.375 0.375 0.4166666 0.375 0.4166666 0.5 0.4166666 0.375 0.4583333 0.375 0.4583333 0.5 0.4583333 0.375 0.5 0.375 0.5 0.5 0.5416667 0.375 0.5416667 0.5 0.5 0.5 0.5833333 0.375 0.5833333 0.5 0.5416667 0.5 0.4166666 0.125 0.4166666 0.25 0.375 0.25 0.4583333 0.125 0.4583333 0.25 0.4166666 0.25 0.5 0.125 0.5 0.25 0.4583333 0.25 0.5 0.125 0.5416667 0.125 0.5416667 0.25 0.5416667 0.125 0.5833333 0.125 0.5833333 0.25 0.625 0.125 0.625 0.25 0.5833333 0.25 0.625 0.375 0.625 0.5 0.5833333 0.5 0.5833333 0.625 0.625 0.625 0.625 0.75 0.625 0.875 0.625 1 0.5833333 1 0.375 0.625 0.375 0.75 0.25 0.75 0.75 0.625 0.875 0.625 0.875 0.75 0.75 0.5 0.875 0.5 0.875 0.625 0.375 0.5 0.375 0.625 0.25 0.625 0.5833333 0.5 0.625 0.5 0.625 0.625 0.625 0 0.625 0.125 0.5833333 0.125 0.125 0.5 0.25 0.5 0.25 0.625 0.75 0.5 0.75 0.625 0.625 0.625 0.75 0.625 0.75 0.75 0.625 0.75 0.125 0.625 0.25 0.625 0.25 0.75 0.5833333 0.75 0.625 0.75 0.625 0.875 0.5833333 0.25 0.625 0.25 0.625 0.375 0.4166666 0.25 0.4166666 0.375 0.375 0.375 0.4583333 0.25 0.4583333 0.375 0.4166666 0.375 0.4583333 0.25 0.5 0.25 0.5 0.375 0.5416667 0.25 0.5416667 0.375 0.5 0.375 0.5833333 0.25 0.5833333 0.375 0.5416667 0.375 0.375 0.75 0.4166666 0.75 0.4166666 0.875 0.4166666 0.75 0.4583333 0.75 0.4583333 0.875 0.4583333 0.75 0.5 0.75 0.5 0.875 0.5 0.75 0.5416667 0.75 0.5416667 0.875 0.5833333 0.75 0.5833333 0.875 0.5416667 0.875 0.4166667 0 0.4166666 0.125 0.375 0.125 0.4166667 0 0.4583333 0 0.4583333 0.125 0.5 0 0.5 0.125 0.4583333 0.125 0.5416666 0 0.5416667 0.125 0.5 0.125 0.5833333 0 0.5833333 0.125 0.5416667 0.125 0.4166666 0.5 0.4166666 0.625 0.375 0.625 0.4583333 0.5 0.4583333 0.625 0.4166666 0.625 0.4583333 0.5 0.5 0.5 0.5 0.625 0.5 0.5 0.5416667 0.5 0.5416667 0.625 0.5416667 0.5 0.5833333 0.5 0.5833333 0.625 0.4166666 0.875 0.4166667 1 0.375 1 0.4583333 0.875 0.4583333 1 0.4166667 1 0.5 0.875 0.5 1 0.4583333 1 0.5 0.875 0.5416667 0.875 0.5416666 1 0.5416667 0.875 0.5833333 0.875 0.5833333 1 0.375 0.625 0.4166666 0.625 0.4166666 0.75 0.4166666 0.625 0.4583333 0.625 0.4583333 0.75 0.4583333 0.625 0.5 0.625 0.5 0.75 0.5416667 0.625 0.5416667 0.75 0.5 0.75 0.5833333 0.625 0.5833333 0.75 0.5416667 0.75 0.375 0.375 0.4166666 0.375 0.4166666 0.5 0.4166666 0.375 0.4583333 0.375 0.4583333 0.5 0.4583333 0.375 0.5 0.375 0.5 0.5 0.5416667 0.375 0.5416667 0.5 0.5 0.5 0.5833333 0.375 0.5833333 0.5 0.5416667 0.5 0.4166666 0.125 0.4166666 0.25 0.375 0.25 0.4583333 0.125 0.4583333 0.25 0.4166666 0.25 0.5 0.125 0.5 0.25 0.4583333 0.25 0.5 0.125 0.5416667 0.125 0.5416667 0.25 0.5416667 0.125 0.5833333 0.125 0.5833333 0.25 0.625 0.125 0.625 0.25 0.5833333 0.25 0.625 0.375 0.625 0.5 0.5833333 0.5 0.5833333 0.625 0.625 0.625 0.625 0.75 0.625 0.875 0.625 1 0.5833333 1 0.375 0.625 0.375 0.75 0.25 0.75 0.75 0.625 0.875 0.625 0.875 0.75 0.75 0.5 0.875 0.5 0.875 0.625 0.375 0.5 0.375 0.625 0.25 0.625 0.5833333 0.5 0.625 0.5 0.625 0.625 0.625 0 0.625 0.125 0.5833333 0.125 0.125 0.5 0.25 0.5 0.25 0.625 0.75 0.5 0.75 0.625 0.625 0.625 0.75 0.625 0.75 0.75 0.625 0.75 0.125 0.625 0.25 0.625 0.25 0.75 0.5833333 0.75 0.625 0.75 0.625 0.875 0.5833333 0.25 0.625 0.25 0.625 0.375 0.4166666 0.25 0.4166666 0.375 0.375 0.375 0.4583333 0.25 0.4583333 0.375 0.4166666 0.375 0.4583333 0.25 0.5 0.25 0.5 0.375 0.5416667 0.25 0.5416667 0.375 0.5 0.375 0.5833333 0.25 0.5833333 0.375 0.5416667 0.375 0.375 0.75 0.4166666 0.75 0.4166666 0.875 0.4166666 0.75 0.4583333 0.75 0.4583333 0.875 0.4583333 0.75 0.5 0.75 0.5 0.875 0.5 0.75 0.5416667 0.75 0.5416667 0.875 0.5833333 0.75 0.5833333 0.875 0.5416667 0.875 0.4166667 0 0.4166666 0.125 0.375 0.125 0.4166667 0 0.4583333 0 0.4583333 0.125 0.5 0 0.5 0.125 0.4583333 0.125 0.5416666 0 0.5416667 0.125 0.5 0.125 0.5833333 0 0.5833333 0.125 0.5416667 0.125 0.4166666 0.5 0.4166666 0.625 0.375 0.625 0.4583333 0.5 0.4583333 0.625 0.4166666 0.625 0.4583333 0.5 0.5 0.5 0.5 0.625 0.5 0.5 0.5416667 0.5 0.5416667 0.625 0.5416667 0.5 0.5833333 0.5 0.5833333 0.625 0.4166666 0.875 0.4166667 1 0.375 1 0.4583333 0.875 0.4583333 1 0.4166667 1 0.5 0.875 0.5 1 0.4583333 1 0.5 0.875 0.5416667 0.875 0.5416666 1 0.5416667 0.875 0.5833333 0.875 0.5833333 1 0.375 0.625 0.4166666 0.625 0.4166666 0.75 0.4166666 0.625 0.4583333 0.625 0.4583333 0.75 0.4583333 0.625 0.5 0.625 0.5 0.75 0.5416667 0.625 0.5416667 0.75 0.5 0.75 0.5833333 0.625 0.5833333 0.75 0.5416667 0.75 0.375 0.375 0.4166666 0.375 0.4166666 0.5 0.4166666 0.375 0.4583333 0.375 0.4583333 0.5 0.4583333 0.375 0.5 0.375 0.5 0.5 0.5416667 0.375 0.5416667 0.5 0.5 0.5 0.5833333 0.375 0.5833333 0.5 0.5416667 0.5 0.4166666 0.125 0.4166666 0.25 0.375 0.25 0.4583333 0.125 0.4583333 0.25 0.4166666 0.25 0.5 0.125 0.5 0.25 0.4583333 0.25 0.5 0.125 0.5416667 0.125 0.5416667 0.25 0.5416667 0.125 0.5833333 0.125 0.5833333 0.25 0.625 0.125 0.625 0.25 0.5833333 0.25 0.625 0.375 0.625 0.5 0.5833333 0.5 0.5833333 0.625 0.625 0.625 0.625 0.75 0.625 0.875 0.625 1 0.5833333 1 0.375 0.625 0.375 0.75 0.25 0.75 0.75 0.625 0.875 0.625 0.875 0.75 0.75 0.5 0.875 0.5 0.875 0.625 0.375 0.5 0.375 0.625 0.25 0.625 0.5833333 0.5 0.625 0.5 0.625 0.625 0.625 0 0.625 0.125 0.5833333 0.125 0.125 0.5 0.25 0.5 0.25 0.625 0.75 0.5 0.75 0.625 0.625 0.625 0.75 0.625 0.75 0.75 0.625 0.75 0.125 0.625 0.25 0.625 0.25 0.75 0.5833333 0.75 0.625 0.75 0.625 0.875 0.5833333 0.25 0.625 0.25 0.625 0.375 0.4166666 0.25 0.4166666 0.375 0.375 0.375 0.4583333 0.25 0.4583333 0.375 0.4166666 0.375 0.4583333 0.25 0.5 0.25 0.5 0.375 0.5416667 0.25 0.5416667 0.375 0.5 0.375 0.5833333 0.25 0.5833333 0.375 0.5416667 0.375 0.375 0.75 0.4166666 0.75 0.4166666 0.875 0.4166666 0.75 0.4583333 0.75 0.4583333 0.875 0.4583333 0.75 0.5 0.75 0.5 0.875 0.5 0.75 0.5416667 0.75 0.5416667 0.875 0.5833333 0.75 0.5833333 0.875 0.5416667 0.875 0.4166667 0 0.4166666 0.125 0.375 0.125 0.4166667 0 0.4583333 0 0.4583333 0.125 0.5 0 0.5 0.125 0.4583333 0.125 0.5416666 0 0.5416667 0.125 0.5 0.125 0.5833333 0 0.5833333 0.125 0.5416667 0.125 0.4166666 0.5 0.4166666 0.625 0.375 0.625 0.4583333 0.5 0.4583333 0.625 0.4166666 0.625 0.4583333 0.5 0.5 0.5 0.5 0.625 0.5 0.5 0.5416667 0.5 0.5416667 0.625 0.5416667 0.5 0.5833333 0.5 0.5833333 0.625 0.4166666 0.875 0.4166667 1 0.375 1 0.4583333 0.875 0.4583333 1 0.4166667 1 0.5 0.875 0.5 1 0.4583333 1 0.5 0.875 0.5416667 0.875 0.5416666 1 0.5416667 0.875 0.5833333 0.875 0.5833333 1 0.375 0.625 0.4166666 0.625 0.4166666 0.75 0.4166666 0.625 0.4583333 0.625 0.4583333 0.75 0.4583333 0.625 0.5 0.625 0.5 0.75 0.5416667 0.625 0.5416667 0.75 0.5 0.75 0.5833333 0.625 0.5833333 0.75 0.5416667 0.75 0.375 0.375 0.4166666 0.375 0.4166666 0.5 0.4166666 0.375 0.4583333 0.375 0.4583333 0.5 0.4583333 0.375 0.5 0.375 0.5 0.5 0.5416667 0.375 0.5416667 0.5 0.5 0.5 0.5833333 0.375 0.5833333 0.5 0.5416667 0.5 0.4166666 0.125 0.4166666 0.25 0.375 0.25 0.4583333 0.125 0.4583333 0.25 0.4166666 0.25 0.5 0.125 0.5 0.25 0.4583333 0.25 0.5 0.125 0.5416667 0.125 0.5416667 0.25 0.5416667 0.125 0.5833333 0.125 0.5833333 0.25 0.625 0.125 0.625 0.25 0.5833333 0.25 0.625 0.375 0.625 0.5 0.5833333 0.5 0.5833333 0.625 0.625 0.625 0.625 0.75 0.625 0.875 0.625 1 0.5833333 1 0.375 0.625 0.375 0.75 0.25 0.75 0.75 0.625 0.875 0.625 0.875 0.75 0.75 0.5 0.875 0.5 0.875 0.625 0.375 0.5 0.375 0.625 0.25 0.625 0.5833333 0.5 0.625 0.5 0.625 0.625 0.625 0 0.625 0.125 0.5833333 0.125 0.125 0.5 0.25 0.5 0.25 0.625 0.75 0.5 0.75 0.625 0.625 0.625 0.75 0.625 0.75 0.75 0.625 0.75 0.125 0.625 0.25 0.625 0.25 0.75 0.5833333 0.75 0.625 0.75 0.625 0.875 0.5833333 0.25 0.625 0.25 0.625 0.375 0.4166666 0.25 0.4166666 0.375 0.375 0.375 0.4583333 0.25 0.4583333 0.375 0.4166666 0.375 0.4583333 0.25 0.5 0.25 0.5 0.375 0.5416667 0.25 0.5416667 0.375 0.5 0.375 0.5833333 0.25 0.5833333 0.375 0.5416667 0.375 0.375 0.75 0.4166666 0.75 0.4166666 0.875 0.4166666 0.75 0.4583333 0.75 0.4583333 0.875 0.4583333 0.75 0.5 0.75 0.5 0.875 0.5 0.75 0.5416667 0.75 0.5416667 0.875 0.5833333 0.75 0.5833333 0.875 0.5416667 0.875 0.4166667 0 0.4166666 0.125 0.375 0.125 0.4166667 0 0.4583333 0 0.4583333 0.125 0.5 0 0.5 0.125 0.4583333 0.125 0.5416666 0 0.5416667 0.125 0.5 0.125 0.5833333 0 0.5833333 0.125 0.5416667 0.125 0.4166666 0.5 0.4166666 0.625 0.375 0.625 0.4583333 0.5 0.4583333 0.625 0.4166666 0.625 0.4583333 0.5 0.5 0.5 0.5 0.625 0.5 0.5 0.5416667 0.5 0.5416667 0.625 0.5416667 0.5 0.5833333 0.5 0.5833333 0.625 0.4166666 0.875 0.4166667 1 0.375 1 0.4583333 0.875 0.4583333 1 0.4166667 1 0.5 0.875 0.5 1 0.4583333 1 0.5 0.875 0.5416667 0.875 0.5416666 1 0.5416667 0.875 0.5833333 0.875 0.5833333 1 0.375 0.625 0.4166666 0.625 0.4166666 0.75 0.4166666 0.625 0.4583333 0.625 0.4583333 0.75 0.4583333 0.625 0.5 0.625 0.5 0.75 0.5416667 0.625 0.5416667 0.75 0.5 0.75 0.5833333 0.625 0.5833333 0.75 0.5416667 0.75 0.375 0.375 0.4166666 0.375 0.4166666 0.5 0.4166666 0.375 0.4583333 0.375 0.4583333 0.5 0.4583333 0.375 0.5 0.375 0.5 0.5 0.5416667 0.375 0.5416667 0.5 0.5 0.5 0.5833333 0.375 0.5833333 0.5 0.5416667 0.5 0.4166666 0.125 0.4166666 0.25 0.375 0.25 0.4583333 0.125 0.4583333 0.25 0.4166666 0.25 0.5 0.125 0.5 0.25 0.4583333 0.25 0.5 0.125 0.5416667 0.125 0.5416667 0.25 0.5416667 0.125 0.5833333 0.125 0.5833333 0.25 0.625 0.125 0.625 0.25 0.5833333 0.25 0.625 0.375 0.625 0.5 0.5833333 0.5 0.5833333 0.625 0.625 0.625 0.625 0.75 0.625 0.875 0.625 1 0.5833333 1 0.375 0.625 0.375 0.75 0.25 0.75 0.75 0.625 0.875 0.625 0.875 0.75 0.75 0.5 0.875 0.5 0.875 0.625 0.375 0.5 0.375 0.625 0.25 0.625 0.5833333 0.5 0.625 0.5 0.625 0.625 0.625 0 0.625 0.125 0.5833333 0.125 0.125 0.5 0.25 0.5 0.25 0.625 0.75 0.5 0.75 0.625 0.625 0.625 0.75 0.625 0.75 0.75 0.625 0.75 0.125 0.625 0.25 0.625 0.25 0.75 0.5833333 0.75 0.625 0.75 0.625 0.875 0.5833333 0.25 0.625 0.25 0.625 0.375 0.4166666 0.25 0.4166666 0.375 0.375 0.375 0.4583333 0.25 0.4583333 0.375 0.4166666 0.375 0.4583333 0.25 0.5 0.25 0.5 0.375 0.5416667 0.25 0.5416667 0.375 0.5 0.375 0.5833333 0.25 0.5833333 0.375 0.5416667 0.375 0.375 0.75 0.4166666 0.75 0.4166666 0.875 0.4166666 0.75 0.4583333 0.75 0.4583333 0.875 0.4583333 0.75 0.5 0.75 0.5 0.875 0.5 0.75 0.5416667 0.75 0.5416667 0.875 0.5833333 0.75 0.5833333 0.875 0.5416667 0.875 0.4166667 0 0.4166666 0.125 0.375 0.125 0.4166667 0 0.4583333 0 0.4583333 0.125 0.5 0 0.5 0.125 0.4583333 0.125 0.5416666 0 0.5416667 0.125 0.5 0.125 0.5833333 0 0.5833333 0.125 0.5416667 0.125 0.4166666 0.5 0.4166666 0.625 0.375 0.625 0.4583333 0.5 0.4583333 0.625 0.4166666 0.625 0.4583333 0.5 0.5 0.5 0.5 0.625 0.5 0.5 0.5416667 0.5 0.5416667 0.625 0.5416667 0.5 0.5833333 0.5 0.5833333 0.625 0.4166666 0.875 0.4166667 1 0.375 1 0.4583333 0.875 0.4583333 1 0.4166667 1 0.5 0.875 0.5 1 0.4583333 1 0.5 0.875 0.5416667 0.875 0.5416666 1 0.5416667 0.875 0.5833333 0.875 0.5833333 1 0.375 0.625 0.4166666 0.625 0.4166666 0.75 0.4166666 0.625 0.4583333 0.625 0.4583333 0.75 0.4583333 0.625 0.5 0.625 0.5 0.75 0.5416667 0.625 0.5416667 0.75 0.5 0.75 0.5833333 0.625 0.5833333 0.75 0.5416667 0.75 0.375 0.375 0.4166666 0.375 0.4166666 0.5 0.4166666 0.375 0.4583333 0.375 0.4583333 0.5 0.4583333 0.375 0.5 0.375 0.5 0.5 0.5416667 0.375 0.5416667 0.5 0.5 0.5 0.5833333 0.375 0.5833333 0.5 0.5416667 0.5 0.4166666 0.125 0.4166666 0.25 0.375 0.25 0.4583333 0.125 0.4583333 0.25 0.4166666 0.25 0.5 0.125 0.5 0.25 0.4583333 0.25 0.5 0.125 0.5416667 0.125 0.5416667 0.25 0.5416667 0.125 0.5833333 0.125 0.5833333 0.25 0.625 0.125 0.625 0.25 0.5833333 0.25 0.625 0.375 0.625 0.5 0.5833333 0.5 0.5833333 0.625 0.625 0.625 0.625 0.75 0.625 0.875 0.625 1 0.5833333 1 0.375 0.625 0.375 0.75 0.25 0.75 0.75 0.625 0.875 0.625 0.875 0.75 0.75 0.5 0.875 0.5 0.875 0.625 0.375 0.5 0.375 0.625 0.25 0.625 0.5833333 0.5 0.625 0.5 0.625 0.625 0.625 0 0.625 0.125 0.5833333 0.125 0.125 0.5 0.25 0.5 0.25 0.625 0.75 0.5 0.75 0.625 0.625 0.625 0.75 0.625 0.75 0.75 0.625 0.75 0.125 0.625 0.25 0.625 0.25 0.75 0.5833333 0.75 0.625 0.75 0.625 0.875 0.5833333 0.25 0.625 0.25 0.625 0.375 0.4166666 0.25 0.4166666 0.375 0.375 0.375 0.4583333 0.25 0.4583333 0.375 0.4166666 0.375 0.4583333 0.25 0.5 0.25 0.5 0.375 0.5416667 0.25 0.5416667 0.375 0.5 0.375 0.5833333 0.25 0.5833333 0.375 0.5416667 0.375 0.375 0.75 0.4166666 0.75 0.4166666 0.875 0.4166666 0.75 0.4583333 0.75 0.4583333 0.875 0.4583333 0.75 0.5 0.75 0.5 0.875 0.5 0.75 0.5416667 0.75 0.5416667 0.875 0.5833333 0.75 0.5833333 0.875 0.5416667 0.875 0.4166667 0 0.4166666 0.125 0.375 0.125 0.4166667 0 0.4583333 0 0.4583333 0.125 0.5 0 0.5 0.125 0.4583333 0.125 0.5416666 0 0.5416667 0.125 0.5 0.125 0.5833333 0 0.5833333 0.125 0.5416667 0.125 0.4166666 0.5 0.4166666 0.625 0.375 0.625 0.4583333 0.5 0.4583333 0.625 0.4166666 0.625 0.4583333 0.5 0.5 0.5 0.5 0.625 0.5 0.5 0.5416667 0.5 0.5416667 0.625 0.5416667 0.5 0.5833333 0.5 0.5833333 0.625 0.4166666 0.875 0.4166667 1 0.375 1 0.4583333 0.875 0.4583333 1 0.4166667 1 0.5 0.875 0.5 1 0.4583333 1 0.5 0.875 0.5416667 0.875 0.5416666 1 0.5416667 0.875 0.5833333 0.875 0.5833333 1 0.375 0.625 0.4166666 0.625 0.4166666 0.75 0.4166666 0.625 0.4583333 0.625 0.4583333 0.75 0.4583333 0.625 0.5 0.625 0.5 0.75 0.5416667 0.625 0.5416667 0.75 0.5 0.75 0.5833333 0.625 0.5833333 0.75 0.5416667 0.75 0.375 0.375 0.4166666 0.375 0.4166666 0.5 0.4166666 0.375 0.4583333 0.375 0.4583333 0.5 0.4583333 0.375 0.5 0.375 0.5 0.5 0.5416667 0.375 0.5416667 0.5 0.5 0.5 0.5833333 0.375 0.5833333 0.5 0.5416667 0.5 0.4166666 0.125 0.4166666 0.25 0.375 0.25 0.4583333 0.125 0.4583333 0.25 0.4166666 0.25 0.5 0.125 0.5 0.25 0.4583333 0.25 0.5 0.125 0.5416667 0.125 0.5416667 0.25 0.5416667 0.125 0.5833333 0.125 0.5833333 0.25 0.625 0.125 0.625 0.25 0.5833333 0.25 0.625 0.375 0.625 0.5 0.5833333 0.5 0.5833333 0.625 0.625 0.625 0.625 0.75 0.625 0.875 0.625 1 0.5833333 1 0.375 0.625 0.375 0.75 0.25 0.75 0.75 0.625 0.875 0.625 0.875 0.75 0.75 0.5 0.875 0.5 0.875 0.625 0.375 0.5 0.375 0.625 0.25 0.625 0.5833333 0.5 0.625 0.5 0.625 0.625 0.625 0 0.625 0.125 0.5833333 0.125 0.125 0.5 0.25 0.5 0.25 0.625 0.75 0.5 0.75 0.625 0.625 0.625 0.75 0.625 0.75 0.75 0.625 0.75 0.125 0.625 0.25 0.625 0.25 0.75 0.5833333 0.75 0.625 0.75 0.625 0.875 0.5833333 0.25 0.625 0.25 0.625 0.375 0.4166666 0.25 0.4166666 0.375 0.375 0.375 0.4583333 0.25 0.4583333 0.375 0.4166666 0.375 0.4583333 0.25 0.5 0.25 0.5 0.375 0.5416667 0.25 0.5416667 0.375 0.5 0.375 0.5833333 0.25 0.5833333 0.375 0.5416667 0.375 0.375 0.75 0.4166666 0.75 0.4166666 0.875 0.4166666 0.75 0.4583333 0.75 0.4583333 0.875 0.4583333 0.75 0.5 0.75 0.5 0.875 0.5 0.75 0.5416667 0.75 0.5416667 0.875 0.5833333 0.75 0.5833333 0.875 0.5416667 0.875 0.4166667 0 0.4166666 0.125 0.375 0.125 0.4166667 0 0.4583333 0 0.4583333 0.125 0.5 0 0.5 0.125 0.4583333 0.125 0.5416666 0 0.5416667 0.125 0.5 0.125 0.5833333 0 0.5833333 0.125 0.5416667 0.125 0.4166666 0.5 0.4166666 0.625 0.375 0.625 0.4583333 0.5 0.4583333 0.625 0.4166666 0.625 0.4583333 0.5 0.5 0.5 0.5 0.625 0.5 0.5 0.5416667 0.5 0.5416667 0.625 0.5416667 0.5 0.5833333 0.5 0.5833333 0.625 0.4166666 0.875 0.4166667 1 0.375 1 0.4583333 0.875 0.4583333 1 0.4166667 1 0.5 0.875 0.5 1 0.4583333 1 0.5 0.875 0.5416667 0.875 0.5416666 1 0.5416667 0.875 0.5833333 0.875 0.5833333 1 0.375 0.625 0.4166666 0.625 0.4166666 0.75 0.4166666 0.625 0.4583333 0.625 0.4583333 0.75 0.4583333 0.625 0.5 0.625 0.5 0.75 0.5416667 0.625 0.5416667 0.75 0.5 0.75 0.5833333 0.625 0.5833333 0.75 0.5416667 0.75 0.375 0.375 0.4166666 0.375 0.4166666 0.5 0.4166666 0.375 0.4583333 0.375 0.4583333 0.5 0.4583333 0.375 0.5 0.375 0.5 0.5 0.5416667 0.375 0.5416667 0.5 0.5 0.5 0.5833333 0.375 0.5833333 0.5 0.5416667 0.5 0.4166666 0.125 0.4166666 0.25 0.375 0.25 0.4583333 0.125 0.4583333 0.25 0.4166666 0.25 0.5 0.125 0.5 0.25 0.4583333 0.25 0.5 0.125 0.5416667 0.125 0.5416667 0.25 0.5416667 0.125 0.5833333 0.125 0.5833333 0.25 0.625 0.125 0.625 0.25 0.5833333 0.25 0.625 0.375 0.625 0.5 0.5833333 0.5 0.5833333 0.625 0.625 0.625 0.625 0.75 0.625 0.875 0.625 1 0.5833333 1 0.375 0.625 0.375 0.75 0.25 0.75 0.75 0.625 0.875 0.625 0.875 0.75 0.75 0.5 0.875 0.5 0.875 0.625 0.375 0.5 0.375 0.625 0.25 0.625 0.5833333 0.5 0.625 0.5 0.625 0.625 0.625 0 0.625 0.125 0.5833333 0.125 0.125 0.5 0.25 0.5 0.25 0.625 0.75 0.5 0.75 0.625 0.625 0.625 0.75 0.625 0.75 0.75 0.625 0.75 0.125 0.625 0.25 0.625 0.25 0.75 0.5833333 0.75 0.625 0.75 0.625 0.875 0.5833333 0.25 0.625 0.25 0.625 0.375 0.4166666 0.25 0.4166666 0.375 0.375 0.375 0.4583333 0.25 0.4583333 0.375 0.4166666 0.375 0.4583333 0.25 0.5 0.25 0.5 0.375 0.5416667 0.25 0.5416667 0.375 0.5 0.375 0.5833333 0.25 0.5833333 0.375 0.5416667 0.375 0.375 0.75 0.4166666 0.75 0.4166666 0.875 0.4166666 0.75 0.4583333 0.75 0.4583333 0.875 0.4583333 0.75 0.5 0.75 0.5 0.875 0.5 0.75 0.5416667 0.75 0.5416667 0.875 0.5833333 0.75 0.5833333 0.875 0.5416667 0.875 0.4166667 0 0.4166666 0.125 0.375 0.125 0.4166667 0 0.4583333 0 0.4583333 0.125 0.5 0 0.5 0.125 0.4583333 0.125 0.5416666 0 0.5416667 0.125 0.5 0.125 0.5833333 0 0.5833333 0.125 0.5416667 0.125 0.4166666 0.5 0.4166666 0.625 0.375 0.625 0.4583333 0.5 0.4583333 0.625 0.4166666 0.625 0.4583333 0.5 0.5 0.5 0.5 0.625 0.5 0.5 0.5416667 0.5 0.5416667 0.625 0.5416667 0.5 0.5833333 0.5 0.5833333 0.625 0.4166666 0.875 0.4166667 1 0.375 1 0.4583333 0.875 0.4583333 1 0.4166667 1 0.5 0.875 0.5 1 0.4583333 1 0.5 0.875 0.5416667 0.875 0.5416666 1 0.5416667 0.875 0.5833333 0.875 0.5833333 1 0.375 0.625 0.4166666 0.625 0.4166666 0.75 0.4166666 0.625 0.4583333 0.625 0.4583333 0.75 0.4583333 0.625 0.5 0.625 0.5 0.75 0.5416667 0.625 0.5416667 0.75 0.5 0.75 0.5833333 0.625 0.5833333 0.75 0.5416667 0.75 0.375 0.375 0.4166666 0.375 0.4166666 0.5 0.4166666 0.375 0.4583333 0.375 0.4583333 0.5 0.4583333 0.375 0.5 0.375 0.5 0.5 0.5416667 0.375 0.5416667 0.5 0.5 0.5 0.5833333 0.375 0.5833333 0.5 0.5416667 0.5 0.4166666 0.125 0.4166666 0.25 0.375 0.25 0.4583333 0.125 0.4583333 0.25 0.4166666 0.25 0.5 0.125 0.5 0.25 0.4583333 0.25 0.5 0.125 0.5416667 0.125 0.5416667 0.25 0.5416667 0.125 0.5833333 0.125 0.5833333 0.25 0.625 0.125 0.625 0.25 0.5833333 0.25 0.625 0.375 0.625 0.5 0.5833333 0.5 0.5833333 0.625 0.625 0.625 0.625 0.75 0.625 0.875 0.625 1 0.5833333 1 0.375 0.625 0.375 0.75 0.25 0.75 0.75 0.625 0.875 0.625 0.875 0.75 0.75 0.5 0.875 0.5 0.875 0.625 0.375 0.5 0.375 0.625 0.25 0.625 0.5833333 0.5 0.625 0.5 0.625 0.625 0.625 0 0.625 0.125 0.5833333 0.125 0.125 0.5 0.25 0.5 0.25 0.625 0.75 0.5 0.75 0.625 0.625 0.625 0.75 0.625 0.75 0.75 0.625 0.75 0.125 0.625 0.25 0.625 0.25 0.75 0.5833333 0.75 0.625 0.75 0.625 0.875 0.5833333 0.25 0.625 0.25 0.625 0.375 0.4166666 0.25 0.4166666 0.375 0.375 0.375 0.4583333 0.25 0.4583333 0.375 0.4166666 0.375 0.4583333 0.25 0.5 0.25 0.5 0.375 0.5416667 0.25 0.5416667 0.375 0.5 0.375 0.5833333 0.25 0.5833333 0.375 0.5416667 0.375 0.375 0.75 0.4166666 0.75 0.4166666 0.875 0.4166666 0.75 0.4583333 0.75 0.4583333 0.875 0.4583333 0.75 0.5 0.75 0.5 0.875 0.5 0.75 0.5416667 0.75 0.5416667 0.875 0.5833333 0.75 0.5833333 0.875 0.5416667 0.875 0.4166667 0 0.4166666 0.125 0.375 0.125 0.4166667 0 0.4583333 0 0.4583333 0.125 0.5 0 0.5 0.125 0.4583333 0.125 0.5416666 0 0.5416667 0.125 0.5 0.125 0.5833333 0 0.5833333 0.125 0.5416667 0.125 0.4166666 0.5 0.4166666 0.625 0.375 0.625 0.4583333 0.5 0.4583333 0.625 0.4166666 0.625 0.4583333 0.5 0.5 0.5 0.5 0.625 0.5 0.5 0.5416667 0.5 0.5416667 0.625 0.5416667 0.5 0.5833333 0.5 0.5833333 0.625 0.4166666 0.875 0.4166667 1 0.375 1 0.4583333 0.875 0.4583333 1 0.4166667 1 0.5 0.875 0.5 1 0.4583333 1 0.5 0.875 0.5416667 0.875 0.5416666 1 0.5416667 0.875 0.5833333 0.875 0.5833333 1 0.375 0.625 0.4166666 0.625 0.4166666 0.75 0.4166666 0.625 0.4583333 0.625 0.4583333 0.75 0.4583333 0.625 0.5 0.625 0.5 0.75 0.5416667 0.625 0.5416667 0.75 0.5 0.75 0.5833333 0.625 0.5833333 0.75 0.5416667 0.75 0.375 0.375 0.4166666 0.375 0.4166666 0.5 0.4166666 0.375 0.4583333 0.375 0.4583333 0.5 0.4583333 0.375 0.5 0.375 0.5 0.5 0.5416667 0.375 0.5416667 0.5 0.5 0.5 0.5833333 0.375 0.5833333 0.5 0.5416667 0.5 0.4166666 0.125 0.4166666 0.25 0.375 0.25 0.4583333 0.125 0.4583333 0.25 0.4166666 0.25 0.5 0.125 0.5 0.25 0.4583333 0.25 0.5 0.125 0.5416667 0.125 0.5416667 0.25 0.5416667 0.125 0.5833333 0.125 0.5833333 0.25</float_array>
          <technique_common>
            <accessor source="#Cylinder_017-mesh-map-0-array" count="9204" stride="2">
              <param name="S" type="float"/>
              <param name="T" type="float"/>
            </accessor>
          </technique_common>
        </source>
        <vertices id="Cylinder_017-mesh-vertices">
          <input semantic="POSITION" source="#Cylinder_017-mesh-positions"/>
        </vertices>
        <triangles material="WoodBright_020-material" count="1792">
          <input semantic="VERTEX" source="#Cylinder_017-mesh-vertices" offset="0"/>
          <input semantic="NORMAL" source="#Cylinder_017-mesh-normals" offset="1"/>
          <input semantic="TEXCOORD" source="#Cylinder_017-mesh-map-0" offset="2" set="0"/>
          <p>649 640 1830 663 641 1831 683 642 1832 653 643 1833 668 644 1834 693 645 1835 678 646 1836 645 647 1837 673 648 1838 655 649 1839 662 650 1840 688 651 1841 650 652 1842 654 652 1843 657 652 1844 656 653 1845 641 654 1846 655 655 1847 653 656 1848 649 657 1849 656 658 1850 646 652 1851 657 652 1852 652 652 1853 668 659 1854 651 660 1855 678 661 1856 641 662 1857 683 663 1858 662 664 1859 642 652 1860 657 652 1861 648 652 1862 653 665 1863 651 666 1864 647 667 1865 656 668 1866 645 669 1867 651 670 1868 648 652 1869 654 652 1870 640 652 1871 673 671 1872 655 672 1873 688 673 1874 663 674 1875 653 675 1876 693 676 1877 667 677 1878 652 678 1879 642 679 1880 666 680 1881 697 681 1882 667 682 1883 666 683 1884 695 684 1885 696 685 1886 664 686 1887 695 687 1888 665 688 1889 663 689 1890 694 690 1891 664 691 1892 644 692 1893 692 693 1894 654 694 1895 677 695 1896 691 696 1897 692 697 1898 676 698 1899 690 699 1900 691 700 1901 675 701 1902 689 702 1903 690 703 1904 673 704 1905 689 705 1906 674 706 1907 658 707 1908 648 708 1909 640 709 1910 658 710 1911 686 711 1912 687 712 1913 660 713 1914 686 714 1915 659 715 1916 661 716 1917 685 717 1918 660 718 1919 662 719 1920 684 720 1921 661 721 1922 672 722 1923 650 723 1924 646 724 1925 671 725 1926 682 726 1927 672 727 1928 671 728 1929 680 729 1930 681 730 1931 670 731 1932 679 732 1933 680 733 1934 669 734 1935 678 735 1936 679 736 1937 692 737 1938 640 738 1939 654 739 1940 691 740 1941 658 741 1942 692 742 1943 690 743 1944 659 744 1945 691 745 1946 690 746 1947 661 747 1948 660 748 1949 689 749 1950 662 750 1951 661 751 1952 650 752 1953 677 753 1954 644 754 1955 682 755 1956 676 756 1957 677 757 1958 681 758 1959 675 759 1960 676 760 1961 679 761 1962 675 762 1963 680 763 1964 678 764 1965 674 765 1966 679 766 1967 652 767 1968 672 768 1969 646 769 1970 697 770 1971 671 771 1972 672 772 1973 696 773 1974 670 774 1975 671 775 1976 694 776 1977 670 777 1978 695 778 1979 693 779 1980 669 780 1981 694 781 1982 687 782 1983 642 783 1984 648 784 1985 686 785 1986 667 786 1987 687 787 1988 685 788 1989 666 789 1990 686 790 1991 685 791 1992 664 792 1993 665 793 1994 684 794 1995 663 795 1996 664 796 1997 707 797 1998 721 798 1999 741 799 2000 711 800 2001 726 801 2002 751 802 2003 736 803 2004 703 804 2005 731 805 2006 713 806 2007 720 807 2008 746 808 2009 708 809 2010 712 810 2011 715 811 2012 714 812 2013 699 813 2014 713 814 2015 711 815 2016 707 816 2017 714 817 2018 704 818 2019 715 818 2020 710 818 2021 726 819 2022 709 820 2023 736 821 2024 699 822 2025 741 823 2026 720 824 2027 700 825 2028 715 826 2029 706 827 2030 711 828 2031 709 829 2032 705 830 2033 714 831 2034 703 832 2035 709 833 2036 706 834 2037 712 810 2038 698 835 2039 731 836 2040 713 837 2041 746 838 2042 721 839 2043 711 840 2044 751 841 2045 725 842 2046 710 843 2047 700 844 2048 724 845 2049 755 846 2050 725 847 2051 724 848 2052 753 849 2053 754 850 2054 722 851 2055 753 852 2056 723 853 2057 721 854 2058 752 855 2059 722 856 2060 702 857 2061 750 858 2062 712 859 2063 735 860 2064 749 861 2065 750 862 2066 734 863 2067 748 864 2068 749 865 2069 733 866 2070 747 867 2071 748 868 2072 731 869 2073 747 870 2074 732 871 2075 716 872 2076 706 873 2077 698 874 2078 716 875 2079 744 876 2080 745 877 2081 718 878 2082 744 879 2083 717 880 2084 719 881 2085 743 882 2086 718 883 2087 720 884 2088 742 885 2089 719 886 2090 730 887 2091 708 888 2092 704 889 2093 729 890 2094 740 891 2095 730 892 2096 729 893 2097 738 894 2098 739 895 2099 728 896 2100 737 897 2101 738 898 2102 727 899 2103 736 900 2104 737 901 2105 750 902 2106 698 903 2107 712 904 2108 749 905 2109 716 906 2110 750 907 2111 748 908 2112 717 909 2113 749 910 2114 748 911 2115 719 912 2116 718 913 2117 747 914 2118 720 915 2119 719 916 2120 708 917 2121 735 918 2122 702 919 2123 740 920 2124 734 921 2125 735 922 2126 739 923 2127 733 924 2128 734 925 2129 737 926 2130 733 927 2131 738 928 2132 736 929 2133 732 930 2134 737 931 2135 710 932 2136 730 933 2137 704 934 2138 755 935 2139 729 936 2140 730 937 2141 754 938 2142 728 939 2143 729 940 2144 752 941 2145 728 942 2146 753 943 2147 751 944 2148 727 945 2149 752 946 2150 745 947 2151 700 948 2152 706 949 2153 744 950 2154 725 951 2155 745 952 2156 743 953 2157 724 954 2158 744 955 2159 743 956 2160 722 957 2161 723 958 2162 742 959 2163 721 960 2164 722 961 2165 765 962 2166 779 963 2167 799 964 2168 769 965 2169 784 966 2170 809 967 2171 794 968 2172 761 969 2173 789 970 2174 771 971 2175 778 972 2176 804 973 2177 766 974 2178 770 974 2179 773 974 2180 772 975 2181 757 976 2182 771 977 2183 769 978 2184 765 979 2185 772 980 2186 762 974 2187 773 974 2188 768 974 2189 784 981 2190 767 982 2191 794 983 2192 757 984 2193 799 985 2194 778 986 2195 758 974 2196 773 974 2197 764 974 2198 769 987 2199 767 988 2200 763 989 2201 772 990 2202 761 991 2203 767 992 2204 764 974 2205 770 974 2206 756 974 2207 789 993 2208 771 994 2209 804 995 2210 779 996 2211 769 997 2212 809 998 2213 783 999 2214 768 1000 2215 758 1001 2216 782 1002 2217 813 1003 2218 783 1004 2219 782 1005 2220 811 1006 2221 812 1007 2222 780 1008 2223 811 1009 2224 781 1010 2225 779 1011 2226 810 1012 2227 780 1013 2228 760 1014 2229 808 1015 2230 770 1016 2231 793 1017 2232 807 1018 2233 808 1019 2234 792 1020 2235 806 1021 2236 807 1022 2237 791 1023 2238 805 1024 2239 806 1025 2240 789 1026 2241 805 1027 2242 790 1028 2243 774 1029 2244 764 1030 2245 756 1031 2246 774 1032 2247 802 1033 2248 803 1034 2249 776 1035 2250 802 1036 2251 775 1037 2252 777 1038 2253 801 1039 2254 776 1040 2255 778 1041 2256 800 1042 2257 777 1043 2258 788 1044 2259 766 1045 2260 762 1046 2261 787 1047 2262 798 1048 2263 788 1049 2264 787 1050 2265 796 1051 2266 797 1052 2267 786 1053 2268 795 1054 2269 796 1055 2270 785 1056 2271 794 1057 2272 795 1058 2273 808 1059 2274 756 1060 2275 770 1061 2276 807 1062 2277 774 1063 2278 808 1064 2279 806 1065 2280 775 1066 2281 807 1067 2282 806 1068 2283 777 1069 2284 776 1070 2285 805 1071 2286 778 1072 2287 777 1073 2288 766 1074 2289 793 1075 2290 760 1076 2291 798 1077 2292 792 1078 2293 793 1079 2294 797 1080 2295 791 1081 2296 792 1082 2297 795 1083 2298 791 1084 2299 796 1085 2300 794 1086 2301 790 1087 2302 795 1088 2303 768 1089 2304 788 1090 2305 762 1091 2306 813 1092 2307 787 1093 2308 788 1094 2309 812 1095 2310 786 1096 2311 787 1097 2312 810 1098 2313 786 1099 2314 811 1100 2315 809 1101 2316 785 1102 2317 810 1103 2318 803 1104 2319 758 1105 2320 764 1106 2321 802 1107 2322 783 1108 2323 803 1109 2324 801 1110 2325 782 1111 2326 802 1112 2327 801 1113 2328 780 1114 2329 781 1115 2330 800 1116 2331 779 1117 2332 780 1118 2333 823 1119 2334 837 1120 2335 857 1121 2336 827 1122 2337 842 1123 2338 867 1124 2339 852 1125 2340 819 1126 2341 847 1127 2342 829 1128 2343 836 1129 2344 862 1130 2345 824 1131 2346 828 1132 2347 831 1133 2348 830 1134 2349 815 1135 2350 829 1136 2351 827 1137 2352 823 1138 2353 830 1139 2354 820 1140 2355 831 1141 2356 826 1142 2357 842 1143 2358 825 1144 2359 852 1145 2360 815 1146 2361 857 1147 2362 836 1148 2363 816 1142 2364 831 1142 2365 822 1142 2366 827 1149 2367 825 1150 2368 821 1151 2369 830 1152 2370 819 1153 2371 825 1154 2372 822 1155 2373 828 1132 2374 814 1156 2375 847 1157 2376 829 1158 2377 862 1159 2378 837 1160 2379 827 1161 2380 867 1162 2381 841 1163 2382 826 1164 2383 816 1165 2384 840 1166 2385 871 1167 2386 841 1168 2387 840 1169 2388 869 1170 2389 870 1171 2390 838 1172 2391 869 1173 2392 839 1174 2393 837 1175 2394 868 1176 2395 838 1177 2396 818 1178 2397 866 1179 2398 828 1180 2399 851 1181 2400 865 1182 2401 866 1183 2402 850 1184 2403 864 1185 2404 865 1186 2405 849 1187 2406 863 1188 2407 864 1189 2408 847 1190 2409 863 1191 2410 848 1192 2411 832 1193 2412 822 1194 2413 814 1195 2414 832 1196 2415 860 1197 2416 861 1198 2417 834 1199 2418 860 1200 2419 833 1201 2420 835 1202 2421 859 1203 2422 834 1204 2423 836 1205 2424 858 1206 2425 835 1207 2426 846 1208 2427 824 1209 2428 820 1210 2429 845 1211 2430 856 1212 2431 846 1213 2432 845 1214 2433 854 1215 2434 855 1216 2435 844 1217 2436 853 1218 2437 854 1219 2438 843 1220 2439 852 1221 2440 853 1222 2441 866 1223 2442 814 1224 2443 828 1225 2444 865 1226 2445 832 1227 2446 866 1228 2447 864 1229 2448 833 1230 2449 865 1231 2450 864 1232 2451 835 1233 2452 834 1234 2453 863 1235 2454 836 1236 2455 835 1237 2456 824 1238 2457 851 1239 2458 818 1240 2459 856 1241 2460 850 1242 2461 851 1243 2462 855 1244 2463 849 1245 2464 850 1246 2465 853 1247 2466 849 1248 2467 854 1249 2468 852 1250 2469 848 1251 2470 853 1252 2471 826 1253 2472 846 1254 2473 820 1255 2474 871 1256 2475 845 1257 2476 846 1258 2477 870 1259 2478 844 1260 2479 845 1261 2480 868 1262 2481 844 1263 2482 869 1264 2483 867 1265 2484 843 1266 2485 868 1267 2486 861 1268 2487 816 1269 2488 822 1270 2489 860 1271 2490 841 1272 2491 861 1273 2492 859 1274 2493 840 1275 2494 860 1276 2495 859 1277 2496 838 1278 2497 839 1279 2498 858 1280 2499 837 1281 2500 838 1282 2501 881 1283 2502 895 1284 2503 915 1285 2504 885 1286 2505 900 1287 2506 925 1288 2507 910 1289 2508 877 1290 2509 905 1291 2510 887 1292 2511 894 1293 2512 920 1294 2513 882 1295 2514 886 1296 2515 889 1297 2516 888 1298 2517 873 1299 2518 887 1300 2519 885 1301 2520 881 1302 2521 888 1303 2522 878 1304 2523 889 1305 2524 884 1306 2525 900 1307 2526 883 1308 2527 910 1309 2528 873 1310 2529 915 1311 2530 894 1312 2531 874 1313 2532 889 1314 2533 880 1315 2534 885 1316 2535 883 1317 2536 879 1318 2537 888 1319 2538 877 1320 2539 883 1321 2540 880 1322 2541 886 1323 2542 872 1324 2543 905 1325 2544 887 1326 2545 920 1327 2546 895 1328 2547 885 1329 2548 925 1330 2549 899 1331 2550 884 1332 2551 874 1333 2552 898 1334 2553 929 1335 2554 899 1336 2555 898 1337 2556 927 1338 2557 928 1339 2558 896 1340 2559 927 1341 2560 897 1342 2561 895 1343 2562 926 1344 2563 896 1345 2564 876 1346 2565 924 1347 2566 886 1348 2567 909 1349 2568 923 1350 2569 924 1351 2570 908 1352 2571 922 1353 2572 923 1354 2573 907 1355 2574 921 1356 2575 922 1357 2576 905 1358 2577 921 1359 2578 906 1360 2579 890 1361 2580 880 1362 2581 872 1363 2582 890 1364 2583 918 1365 2584 919 1366 2585 892 1367 2586 918 1368 2587 891 1369 2588 893 1370 2589 917 1371 2590 892 1372 2591 894 1373 2592 916 1374 2593 893 1375 2594 904 1376 2595 882 1377 2596 878 1378 2597 903 1379 2598 914 1380 2599 904 1381 2600 903 1382 2601 912 1383 2602 913 1384 2603 902 1385 2604 911 1386 2605 912 1387 2606 901 1388 2607 910 1389 2608 911 1390 2609 924 1391 2610 872 1392 2611 886 1393 2612 923 1394 2613 890 1395 2614 924 1396 2615 922 1397 2616 891 1398 2617 923 1399 2618 922 1400 2619 893 1401 2620 892 1402 2621 921 1403 2622 894 1404 2623 893 1405 2624 882 1406 2625 909 1407 2626 876 1408 2627 914 1409 2628 908 1410 2629 909 1411 2630 913 1412 2631 907 1413 2632 908 1414 2633 911 1415 2634 907 1416 2635 912 1417 2636 910 1418 2637 906 1419 2638 911 1420 2639 884 1421 2640 904 1422 2641 878 1423 2642 929 1424 2643 903 1425 2644 904 1426 2645 928 1427 2646 902 1428 2647 903 1429 2648 926 1430 2649 902 1431 2650 927 1432 2651 925 1433 2652 901 1434 2653 926 1435 2654 919 1436 2655 874 1437 2656 880 1438 2657 918 1439 2658 899 1440 2659 919 1441 2660 917 1442 2661 898 1443 2662 918 1444 2663 917 1445 2664 896 1446 2665 897 1447 2666 916 1448 2667 895 1449 2668 896 1450 2669 939 1451 2670 953 1452 2671 973 1453 2672 943 1454 2673 958 1455 2674 983 1456 2675 968 1457 2676 935 1458 2677 963 1459 2678 945 1460 2679 952 1461 2680 978 1462 2681 940 1463 2682 944 1464 2683 947 1465 2684 946 1466 2685 931 1467 2686 945 1468 2687 943 1469 2688 939 1470 2689 946 1471 2690 936 1472 2691 947 1473 2692 942 1474 2693 958 1475 2694 941 1476 2695 968 1477 2696 931 1478 2697 973 1479 2698 952 1480 2699 932 1481 2700 947 1482 2701 938 1483 2702 943 1484 2703 941 1485 2704 937 1486 2705 946 1487 2706 935 1488 2707 941 1489 2708 938 1490 2709 944 1491 2710 930 1492 2711 963 1493 2712 945 1494 2713 978 1495 2714 953 1496 2715 943 1497 2716 983 1498 2717 957 1499 2718 942 1500 2719 932 1501 2720 956 1502 2721 987 1503 2722 957 1504 2723 956 1505 2724 985 1506 2725 986 1507 2726 954 1508 2727 985 1509 2728 955 1510 2729 953 1511 2730 984 1512 2731 954 1513 2732 934 1514 2733 982 1515 2734 944 1516 2735 967 1517 2736 981 1518 2737 982 1519 2738 966 1520 2739 980 1521 2740 981 1522 2741 965 1523 2742 979 1524 2743 980 1525 2744 963 1526 2745 979 1527 2746 964 1528 2747 948 1529 2748 938 1530 2749 930 1531 2750 948 1532 2751 976 1533 2752 977 1534 2753 950 1535 2754 976 1536 2755 949 1537 2756 951 1538 2757 975 1539 2758 950 1540 2759 952 1541 2760 974 1542 2761 951 1543 2762 962 1544 2763 940 1545 2764 936 1546 2765 961 1547 2766 972 1548 2767 962 1549 2768 961 1550 2769 970 1551 2770 971 1552 2771 960 1553 2772 969 1554 2773 970 1555 2774 959 1556 2775 968 1557 2776 969 1558 2777 982 1559 2778 930 1560 2779 944 1561 2780 981 1562 2781 948 1563 2782 982 1564 2783 980 1565 2784 949 1566 2785 981 1567 2786 980 1568 2787 951 1569 2788 950 1570 2789 979 1571 2790 952 1572 2791 951 1573 2792 940 1574 2793 967 1575 2794 934 1576 2795 972 1577 2796 966 1578 2797 967 1579 2798 971 1580 2799 965 1581 2800 966 1582 2801 969 1583 2802 965 1584 2803 970 1585 2804 968 1586 2805 964 1587 2806 969 1588 2807 942 1589 2808 962 1590 2809 936 1591 2810 987 1592 2811 961 1593 2812 962 1594 2813 986 1595 2814 960 1596 2815 961 1597 2816 984 1598 2817 960 1599 2818 985 1600 2819 983 1601 2820 959 1602 2821 984 1603 2822 977 1604 2823 932 1605 2824 938 1606 2825 976 1607 2826 957 1608 2827 977 1609 2828 975 1610 2829 956 1611 2830 976 1612 2831 975 1613 2832 954 1614 2833 955 1615 2834 974 1616 2835 953 1617 2836 954 1618 2837 997 1619 2838 1011 1620 2839 1031 1621 2840 1001 1622 2841 1016 1623 2842 1041 1624 2843 1026 1625 2844 993 1626 2845 1021 1627 2846 1003 1628 2847 1010 1629 2848 1036 1630 2849 998 1631 2850 1002 1632 2851 1005 1633 2852 1004 1634 2853 989 1635 2854 1003 1636 2855 1001 1637 2856 997 1638 2857 1004 1639 2858 994 1640 2859 1005 1641 2860 1000 1642 2861 1016 1643 2862 999 1644 2863 1026 1645 2864 989 1646 2865 1031 1647 2866 1010 1648 2867 990 1649 2868 1005 1650 2869 996 1651 2870 1001 1652 2871 999 1653 2872 995 1654 2873 1004 1655 2874 993 1656 2875 999 1657 2876 996 1658 2877 1002 1659 2878 988 1660 2879 1021 1661 2880 1003 1662 2881 1036 1663 2882 1011 1664 2883 1001 1665 2884 1041 1666 2885 1015 1667 2886 1000 1668 2887 990 1669 2888 1014 1670 2889 1045 1671 2890 1015 1672 2891 1014 1673 2892 1043 1674 2893 1044 1675 2894 1012 1676 2895 1043 1677 2896 1013 1678 2897 1011 1679 2898 1042 1680 2899 1012 1681 2900 992 1682 2901 1040 1683 2902 1002 1684 2903 1025 1685 2904 1039 1686 2905 1040 1687 2906 1024 1688 2907 1038 1689 2908 1039 1690 2909 1023 1691 2910 1037 1692 2911 1038 1693 2912 1021 1694 2913 1037 1695 2914 1022 1696 2915 1006 1697 2916 996 1698 2917 988 1699 2918 1006 1700 2919 1034 1701 2920 1035 1702 2921 1008 1703 2922 1034 1704 2923 1007 1705 2924 1009 1706 2925 1033 1707 2926 1008 1708 2927 1010 1709 2928 1032 1710 2929 1009 1711 2930 1020 1712 2931 998 1713 2932 994 1714 2933 1019 1715 2934 1030 1716 2935 1020 1717 2936 1019 1718 2937 1028 1719 2938 1029 1720 2939 1018 1721 2940 1027 1722 2941 1028 1723 2942 1017 1724 2943 1026 1725 2944 1027 1726 2945 1040 1727 2946 988 1728 2947 1002 1729 2948 1039 1730 2949 1006 1731 2950 1040 1732 2951 1038 1733 2952 1007 1734 2953 1039 1735 2954 1038 1736 2955 1009 1737 2956 1008 1738 2957 1037 1739 2958 1010 1740 2959 1009 1741 2960 998 1742 2961 1025 1743 2962 992 1744 2963 1030 1745 2964 1024 1746 2965 1025 1747 2966 1029 1748 2967 1023 1749 2968 1024 1750 2969 1027 1751 2970 1023 1752 2971 1028 1753 2972 1026 1754 2973 1022 1755 2974 1027 1756 2975 1000 1757 2976 1020 1758 2977 994 1759 2978 1045 1760 2979 1019 1761 2980 1020 1762 2981 1044 1763 2982 1018 1764 2983 1019 1765 2984 1042 1766 2985 1018 1767 2986 1043 1768 2987 1041 1769 2988 1017 1770 2989 1042 1771 2990 1035 1772 2991 990 1773 2992 996 1774 2993 1034 1775 2994 1015 1776 2995 1035 1777 2996 1033 1778 2997 1014 1779 2998 1034 1780 2999 1033 1781 3000 1012 1782 3001 1013 1783 3002 1032 1784 3003 1011 1785 3004 1012 1786 3005 1055 1787 3006 1069 1788 3007 1089 1789 3008 1059 1790 3009 1074 1791 3010 1099 1792 3011 1084 1793 3012 1051 1794 3013 1079 1795 3014 1061 1796 3015 1068 1797 3016 1094 1798 3017 1056 1799 3018 1060 1800 3019 1063 1801 3020 1062 1802 3021 1047 1803 3022 1061 1804 3023 1059 1805 3024 1055 1806 3025 1062 1807 3026 1052 1808 3027 1063 1809 3028 1058 1810 3029 1074 1811 3030 1057 1812 3031 1084 1813 3032 1047 1814 3033 1089 1815 3034 1068 1816 3035 1048 1817 3036 1063 1818 3037 1054 1819 3038 1059 1820 3039 1057 1821 3040 1053 1822 3041 1062 1823 3042 1051 1824 3043 1057 1825 3044 1054 1826 3045 1060 1827 3046 1046 1828 3047 1079 1829 3048 1061 1830 3049 1094 1831 3050 1069 1832 3051 1059 1833 3052 1099 1834 3053 1073 1835 3054 1058 1836 3055 1048 1837 3056 1072 1838 3057 1103 1839 3058 1073 1840 3059 1072 1841 3060 1101 1842 3061 1102 1843 3062 1070 1844 3063 1101 1845 3064 1071 1846 3065 1069 1847 3066 1100 1848 3067 1070 1849 3068 1050 1850 3069 1098 1851 3070 1060 1852 3071 1083 1853 3072 1097 1854 3073 1098 1855 3074 1082 1856 3075 1096 1857 3076 1097 1858 3077 1081 1859 3078 1095 1860 3079 1096 1861 3080 1079 1862 3081 1095 1863 3082 1080 1864 3083 1064 1865 3084 1054 1866 3085 1046 1867 3086 1064 1868 3087 1092 1869 3088 1093 1870 3089 1066 1871 3090 1092 1872 3091 1065 1873 3092 1067 1874 3093 1091 1875 3094 1066 1876 3095 1068 1877 3096 1090 1878 3097 1067 1879 3098 1078 1880 3099 1056 1881 3100 1052 1882 3101 1077 1883 3102 1088 1884 3103 1078 1885 3104 1077 1886 3105 1086 1887 3106 1087 1888 3107 1076 1889 3108 1085 1890 3109 1086 1891 3110 1075 1892 3111 1084 1893 3112 1085 1894 3113 1098 1895 3114 1046 1896 3115 1060 1897 3116 1097 1898 3117 1064 1899 3118 1098 1900 3119 1096 1901 3120 1065 1902 3121 1097 1903 3122 1096 1904 3123 1067 1905 3124 1066 1906 3125 1095 1907 3126 1068 1908 3127 1067 1909 3128 1056 1910 3129 1083 1911 3130 1050 1912 3131 1088 1913 3132 1082 1914 3133 1083 1915 3134 1087 1916 3135 1081 1917 3136 1082 1918 3137 1085 1919 3138 1081 1920 3139 1086 1921 3140 1084 1922 3141 1080 1923 3142 1085 1924 3143 1058 1925 3144 1078 1926 3145 1052 1927 3146 1103 1928 3147 1077 1929 3148 1078 1930 3149 1102 1931 3150 1076 1932 3151 1077 1933 3152 1100 1934 3153 1076 1935 3154 1101 1936 3155 1099 1937 3156 1075 1938 3157 1100 1939 3158 1093 1940 3159 1048 1941 3160 1054 1942 3161 1092 1943 3162 1073 1944 3163 1093 1945 3164 1091 1946 3165 1072 1947 3166 1092 1948 3167 1091 1949 3168 1070 1950 3169 1071 1951 3170 1090 1952 3171 1069 1953 3172 1070 1954 3173 1113 1955 3174 1127 1956 3175 1147 1957 3176 1117 1958 3177 1132 1959 3178 1157 1960 3179 1142 1961 3180 1109 1962 3181 1137 1963 3182 1119 1964 3183 1126 1965 3184 1152 1966 3185 1114 1967 3186 1118 1968 3187 1121 1969 3188 1120 1970 3189 1105 1971 3190 1119 1972 3191 1117 1973 3192 1113 1974 3193 1120 1975 3194 1110 1976 3195 1121 1977 3196 1116 1978 3197 1132 1979 3198 1115 1980 3199 1142 1981 3200 1105 1982 3201 1147 1983 3202 1126 1984 3203 1106 1985 3204 1121 1986 3205 1112 1987 3206 1117 1988 3207 1115 1989 3208 1111 1990 3209 1120 1991 3210 1109 1992 3211 1115 1993 3212 1112 1994 3213 1118 1995 3214 1104 1996 3215 1137 1997 3216 1119 1998 3217 1152 1999 3218 1127 2000 3219 1117 2001 3220 1157 2002 3221 1131 2003 3222 1116 2004 3223 1106 2005 3224 1130 2006 3225 1161 2007 3226 1131 2008 3227 1130 2009 3228 1159 2010 3229 1160 2011 3230 1128 2012 3231 1159 2013 3232 1129 2014 3233 1127 2015 3234 1158 2016 3235 1128 2017 3236 1108 2018 3237 1156 2019 3238 1118 2020 3239 1141 2021 3240 1155 2022 3241 1156 2023 3242 1140 2024 3243 1154 2025 3244 1155 2026 3245 1139 2027 3246 1153 2028 3247 1154 2029 3248 1137 2030 3249 1153 2031 3250 1138 2032 3251 1122 2033 3252 1112 2034 3253 1104 2035 3254 1122 2036 3255 1150 2037 3256 1151 2038 3257 1124 2039 3258 1150 2040 3259 1123 2041 3260 1125 2042 3261 1149 2043 3262 1124 2044 3263 1126 2045 3264 1148 2046 3265 1125 2047 3266 1136 2048 3267 1114 2049 3268 1110 2050 3269 1135 2051 3270 1146 2052 3271 1136 2053 3272 1135 2054 3273 1144 2055 3274 1145 2056 3275 1134 2057 3276 1143 2058 3277 1144 2059 3278 1133 2060 3279 1142 2061 3280 1143 2062 3281 1156 2063 3282 1104 2064 3283 1118 2065 3284 1155 2066 3285 1122 2067 3286 1156 2068 3287 1154 2069 3288 1123 2070 3289 1155 2071 3290 1154 2072 3291 1125 2073 3292 1124 2074 3293 1153 2075 3294 1126 2076 3295 1125 2077 3296 1114 2078 3297 1141 2079 3298 1108 2080 3299 1146 2081 3300 1140 2082 3301 1141 2083 3302 1145 2084 3303 1139 2085 3304 1140 2086 3305 1143 2087 3306 1139 2088 3307 1144 2089 3308 1142 2090 3309 1138 2091 3310 1143 2092 3311 1116 2093 3312 1136 2094 3313 1110 2095 3314 1161 2096 3315 1135 2097 3316 1136 2098 3317 1160 2099 3318 1134 2100 3319 1135 2101 3320 1158 2102 3321 1134 2103 3322 1159 2104 3323 1157 2105 3324 1133 2106 3325 1158 2107 3326 1151 2108 3327 1106 2109 3328 1112 2110 3329 1150 2111 3330 1131 2112 3331 1151 2113 3332 1149 2114 3333 1130 2115 3334 1150 2116 3335 1149 2117 3336 1128 2118 3337 1129 2119 3338 1148 2120 3339 1127 2121 3340 1128 2122 3341 1171 2123 3342 1185 2124 3343 1205 2125 3344 1175 2126 3345 1190 2127 3346 1215 2128 3347 1200 2129 3348 1167 2130 3349 1195 2131 3350 1177 2132 3351 1184 2133 3352 1210 2134 3353 1172 2135 3354 1176 2136 3355 1179 2137 3356 1178 2138 3357 1163 2139 3358 1177 2140 3359 1175 2141 3360 1171 2142 3361 1178 2143 3362 1168 2144 3363 1179 2145 3364 1174 2146 3365 1190 2147 3366 1173 2148 3367 1200 2149 3368 1163 2150 3369 1205 2151 3370 1184 2152 3371 1164 2153 3372 1179 2154 3373 1170 2155 3374 1175 2156 3375 1173 2157 3376 1169 2158 3377 1178 2159 3378 1167 2160 3379 1173 2161 3380 1170 2162 3381 1176 2155 3382 1162 2163 3383 1195 2164 3384 1177 2165 3385 1210 2166 3386 1185 2167 3387 1175 2168 3388 1215 2169 3389 1189 2170 3390 1174 2171 3391 1164 2172 3392 1188 2173 3393 1219 2174 3394 1189 2175 3395 1188 2176 3396 1217 2177 3397 1218 2178 3398 1186 2179 3399 1217 2180 3400 1187 2181 3401 1185 2182 3402 1216 2183 3403 1186 2184 3404 1166 2185 3405 1214 2186 3406 1176 2187 3407 1199 2188 3408 1213 2189 3409 1214 2190 3410 1198 2191 3411 1212 2192 3412 1213 2193 3413 1197 2194 3414 1211 2195 3415 1212 2196 3416 1195 2197 3417 1211 2198 3418 1196 2199 3419 1180 2200 3420 1170 2201 3421 1162 2202 3422 1180 2203 3423 1208 2204 3424 1209 2205 3425 1182 2206 3426 1208 2207 3427 1181 2208 3428 1183 2209 3429 1207 2210 3430 1182 2211 3431 1184 2212 3432 1206 2213 3433 1183 2214 3434 1194 2215 3435 1172 2216 3436 1168 2217 3437 1193 2218 3438 1204 2219 3439 1194 2220 3440 1193 2221 3441 1202 2222 3442 1203 2223 3443 1192 2224 3444 1201 2225 3445 1202 2226 3446 1191 2227 3447 1200 2228 3448 1201 2229 3449 1214 2230 3450 1162 2231 3451 1176 2232 3452 1213 2233 3453 1180 2234 3454 1214 2235 3455 1212 2236 3456 1181 2237 3457 1213 2238 3458 1212 2239 3459 1183 2240 3460 1182 2241 3461 1211 2242 3462 1184 2243 3463 1183 2244 3464 1172 2245 3465 1199 2246 3466 1166 2247 3467 1204 2248 3468 1198 2249 3469 1199 2250 3470 1203 2251 3471 1197 2252 3472 1198 2253 3473 1201 2254 3474 1197 2255 3475 1202 2256 3476 1200 2257 3477 1196 2258 3478 1201 2259 3479 1174 2260 3480 1194 2261 3481 1168 2262 3482 1219 2263 3483 1193 2264 3484 1194 2265 3485 1218 2266 3486 1192 2267 3487 1193 2268 3488 1216 2269 3489 1192 2270 3490 1217 2271 3491 1215 2272 3492 1191 2273 3493 1216 2274 3494 1209 2275 3495 1164 2276 3496 1170 2277 3497 1208 2278 3498 1189 2279 3499 1209 2280 3500 1207 2281 3501 1188 2282 3502 1208 2283 3503 1207 2284 3504 1186 2285 3505 1187 2286 3506 1206 2287 3507 1185 2288 3508 1186 2289 3509 1229 2290 3510 1243 2291 3511 1263 2292 3512 1233 2293 3513 1248 2294 3514 1273 2295 3515 1258 2296 3516 1225 2297 3517 1253 2298 3518 1235 2299 3519 1242 2300 3520 1268 2301 3521 1230 2302 3522 1234 2303 3523 1237 2304 3524 1236 2305 3525 1221 2306 3526 1235 2306 3527 1233 2307 3528 1229 2308 3529 1236 2309 3530 1226 2310 3531 1237 2311 3532 1232 2312 3533 1248 2313 3534 1231 2314 3535 1258 2315 3536 1221 2316 3537 1263 2317 3538 1242 2318 3539 1222 2319 3540 1237 2320 3541 1228 2321 3542 1233 2322 3543 1231 2323 3544 1227 2324 3545 1236 2325 3546 1225 2326 3547 1231 2327 3548 1228 2328 3549 1234 2329 3550 1220 2330 3551 1253 2331 3552 1235 2332 3553 1268 2333 3554 1243 2334 3555 1233 2335 3556 1273 2336 3557 1247 2337 3558 1232 2338 3559 1222 2339 3560 1246 2340 3561 1277 2341 3562 1247 2342 3563 1246 2343 3564 1275 2344 3565 1276 2345 3566 1244 2346 3567 1275 2347 3568 1245 2348 3569 1243 2349 3570 1274 2350 3571 1244 2351 3572 1224 2352 3573 1272 2353 3574 1234 2354 3575 1257 2355 3576 1271 2356 3577 1272 2357 3578 1256 2358 3579 1270 2359 3580 1271 2360 3581 1255 2361 3582 1269 2362 3583 1270 2363 3584 1253 2364 3585 1269 2365 3586 1254 2366 3587 1238 2367 3588 1228 2368 3589 1220 2369 3590 1238 2370 3591 1266 2371 3592 1267 2372 3593 1240 2373 3594 1266 2374 3595 1239 2375 3596 1241 2376 3597 1265 2377 3598 1240 2378 3599 1242 2379 3600 1264 2380 3601 1241 2381 3602 1252 2382 3603 1230 2383 3604 1226 2384 3605 1251 2385 3606 1262 2386 3607 1252 2387 3608 1251 2388 3609 1260 2389 3610 1261 2390 3611 1250 2391 3612 1259 2392 3613 1260 2393 3614 1249 2394 3615 1258 2395 3616 1259 2396 3617 1272 2397 3618 1220 2398 3619 1234 2399 3620 1271 2400 3621 1238 2401 3622 1272 2402 3623 1270 2403 3624 1239 2404 3625 1271 2405 3626 1270 2406 3627 1241 2407 3628 1240 2408 3629 1269 2409 3630 1242 2410 3631 1241 2411 3632 1230 2412 3633 1257 2413 3634 1224 2414 3635 1262 2415 3636 1256 2416 3637 1257 2417 3638 1261 2418 3639 1255 2419 3640 1256 2420 3641 1259 2421 3642 1255 2422 3643 1260 2423 3644 1258 2424 3645 1254 2425 3646 1259 2426 3647 1232 2427 3648 1252 2428 3649 1226 2429 3650 1277 2430 3651 1251 2431 3652 1252 2432 3653 1276 2433 3654 1250 2434 3655 1251 2435 3656 1274 2436 3657 1250 2437 3658 1275 2438 3659 1273 2439 3660 1249 2440 3661 1274 2441 3662 1267 2442 3663 1222 2443 3664 1228 2444 3665 1266 2445 3666 1247 2446 3667 1267 2447 3668 1265 2448 3669 1246 2449 3670 1266 2450 3671 1265 2451 3672 1244 2452 3673 1245 2453 3674 1264 2454 3675 1243 2455 3676 1244 2456 3677 1287 2457 3678 1301 2458 3679 1321 2459 3680 1291 2460 3681 1306 2461 3682 1331 2462 3683 1316 2463 3684 1283 2464 3685 1311 2465 3686 1293 2466 3687 1300 2467 3688 1326 2468 3689 1288 2469 3690 1292 2470 3691 1295 2471 3692 1294 2472 3693 1279 2473 3694 1293 2474 3695 1291 2475 3696 1287 2476 3697 1294 2477 3698 1284 2478 3699 1295 2479 3700 1290 2480 3701 1306 2481 3702 1289 2482 3703 1316 2483 3704 1279 2484 3705 1321 2485 3706 1300 2486 3707 1280 2487 3708 1295 2487 3709 1286 2488 3710 1291 2489 3711 1289 2490 3712 1285 2491 3713 1294 2492 3714 1283 2493 3715 1289 2494 3716 1286 2495 3717 1292 2496 3718 1278 2497 3719 1311 2498 3720 1293 2499 3721 1326 2500 3722 1301 2501 3723 1291 2502 3724 1331 2503 3725 1305 2504 3726 1290 2505 3727 1280 2506 3728 1304 2507 3729 1335 2508 3730 1305 2509 3731 1304 2510 3732 1333 2511 3733 1334 2512 3734 1302 2513 3735 1333 2514 3736 1303 2515 3737 1301 2516 3738 1332 2517 3739 1302 2518 3740 1282 2519 3741 1330 2520 3742 1292 2521 3743 1315 2522 3744 1329 2523 3745 1330 2524 3746 1314 2525 3747 1328 2526 3748 1329 2527 3749 1313 2528 3750 1327 2529 3751 1328 2530 3752 1311 2531 3753 1327 2532 3754 1312 2533 3755 1296 2534 3756 1286 2535 3757 1278 2536 3758 1296 2537 3759 1324 2538 3760 1325 2539 3761 1298 2540 3762 1324 2541 3763 1297 2542 3764 1299 2543 3765 1323 2544 3766 1298 2545 3767 1300 2546 3768 1322 2547 3769 1299 2548 3770 1310 2549 3771 1288 2550 3772 1284 2551 3773 1309 2552 3774 1320 2553 3775 1310 2554 3776 1309 2555 3777 1318 2556 3778 1319 2557 3779 1308 2558 3780 1317 2559 3781 1318 2560 3782 1307 2561 3783 1316 2562 3784 1317 2563 3785 1330 2564 3786 1278 2565 3787 1292 2566 3788 1329 2567 3789 1296 2568 3790 1330 2569 3791 1328 2570 3792 1297 2571 3793 1329 2572 3794 1328 2573 3795 1299 2574 3796 1298 2575 3797 1327 2576 3798 1300 2577 3799 1299 2578 3800 1288 2579 3801 1315 2580 3802 1282 2581 3803 1320 2582 3804 1314 2583 3805 1315 2584 3806 1319 2585 3807 1313 2586 3808 1314 2587 3809 1317 2588 3810 1313 2589 3811 1318 2590 3812 1316 2591 3813 1312 2592 3814 1317 2593 3815 1290 2594 3816 1310 2595 3817 1284 2596 3818 1335 2597 3819 1309 2598 3820 1310 2599 3821 1334 2600 3822 1308 2601 3823 1309 2602 3824 1332 2603 3825 1308 2604 3826 1333 2605 3827 1331 2606 3828 1307 2607 3829 1332 2608 3830 1325 2609 3831 1280 2610 3832 1286 2611 3833 1324 2612 3834 1305 2613 3835 1325 2614 3836 1323 2615 3837 1304 2616 3838 1324 2617 3839 1323 2618 3840 1302 2619 3841 1303 2620 3842 1322 2621 3843 1301 2622 3844 1302 2623 3845 1345 2624 3846 1359 2625 3847 1379 2626 3848 1349 2627 3849 1364 2628 3850 1389 2629 3851 1374 2630 3852 1341 2631 3853 1369 2632 3854 1351 2633 3855 1358 2634 3856 1384 2635 3857 1346 2636 3858 1350 2637 3859 1353 2638 3860 1352 2639 3861 1337 2640 3862 1351 2639 3863 1349 2641 3864 1345 2642 3865 1352 2643 3866 1342 2644 3867 1353 2645 3868 1348 2646 3869 1364 2647 3870 1347 2648 3871 1374 2649 3872 1337 2650 3873 1379 2651 3874 1358 2652 3875 1338 2653 3876 1353 2654 3877 1344 2655 3878 1349 2656 3879 1347 2657 3880 1343 2658 3881 1352 2659 3882 1341 2660 3883 1347 2661 3884 1344 2662 3885 1350 2663 3886 1336 2664 3887 1369 2665 3888 1351 2666 3889 1384 2667 3890 1359 2668 3891 1349 2669 3892 1389 2670 3893 1363 2671 3894 1348 2672 3895 1338 2673 3896 1362 2674 3897 1393 2675 3898 1363 2676 3899 1362 2677 3900 1391 2678 3901 1392 2679 3902 1360 2680 3903 1391 2681 3904 1361 2682 3905 1359 2683 3906 1390 2684 3907 1360 2685 3908 1340 2686 3909 1388 2687 3910 1350 2688 3911 1373 2689 3912 1387 2690 3913 1388 2691 3914 1372 2692 3915 1386 2693 3916 1387 2694 3917 1371 2695 3918 1385 2696 3919 1386 2697 3920 1369 2698 3921 1385 2699 3922 1370 2700 3923 1354 2701 3924 1344 2702 3925 1336 2703 3926 1354 2704 3927 1382 2705 3928 1383 2706 3929 1356 2707 3930 1382 2708 3931 1355 2709 3932 1357 2710 3933 1381 2711 3934 1356 2712 3935 1358 2713 3936 1380 2714 3937 1357 2715 3938 1368 2716 3939 1346 2717 3940 1342 2718 3941 1367 2719 3942 1378 2720 3943 1368 2721 3944 1367 2722 3945 1376 2723 3946 1377 2724 3947 1366 2725 3948 1375 2726 3949 1376 2727 3950 1365 2728 3951 1374 2729 3952 1375 2730 3953 1388 2731 3954 1336 2732 3955 1350 2733 3956 1387 2734 3957 1354 2735 3958 1388 2736 3959 1386 2737 3960 1355 2738 3961 1387 2739 3962 1386 2740 3963 1357 2741 3964 1356 2742 3965 1385 2743 3966 1358 2744 3967 1357 2745 3968 1346 2746 3969 1373 2747 3970 1340 2748 3971 1378 2749 3972 1372 2750 3973 1373 2751 3974 1377 2752 3975 1371 2753 3976 1372 2754 3977 1375 2755 3978 1371 2756 3979 1376 2757 3980 1374 2758 3981 1370 2759 3982 1375 2760 3983 1348 2761 3984 1368 2762 3985 1342 2763 3986 1393 2764 3987 1367 2765 3988 1368 2766 3989 1392 2767 3990 1366 2768 3991 1367 2769 3992 1390 2770 3993 1366 2771 3994 1391 2772 3995 1389 2773 3996 1365 2774 3997 1390 2775 3998 1383 2776 3999 1338 2777 4000 1344 2778 4001 1382 2779 4002 1363 2780 4003 1383 2781 4004 1381 2782 4005 1362 2783 4006 1382 2784 4007 1381 2785 4008 1360 2786 4009 1361 2787 4010 1380 2788 4011 1359 2789 4012 1360 2790 4013 1403 2791 4014 1417 2792 4015 1437 2793 4016 1407 2794 4017 1422 2795 4018 1447 2796 4019 1432 2797 4020 1399 2798 4021 1427 2799 4022 1409 2800 4023 1416 2801 4024 1442 2802 4025 1404 2803 4026 1408 2804 4027 1411 2805 4028 1410 2806 4029 1395 2807 4030 1409 2808 4031 1407 2809 4032 1403 2810 4033 1410 2811 4034 1400 2812 4035 1411 2813 4036 1406 2814 4037 1422 2815 4038 1405 2816 4039 1432 2817 4040 1395 2818 4041 1437 2819 4042 1416 2820 4043 1396 2821 4044 1411 2822 4045 1402 2823 4046 1407 2824 4047 1405 2825 4048 1401 2826 4049 1410 2827 4050 1399 2828 4051 1405 2829 4052 1402 2830 4053 1408 2831 4054 1394 2832 4055 1427 2833 4056 1409 2834 4057 1442 2835 4058 1417 2836 4059 1407 2837 4060 1447 2838 4061 1421 2839 4062 1406 2840 4063 1396 2841 4064 1420 2842 4065 1451 2843 4066 1421 2844 4067 1420 2845 4068 1449 2846 4069 1450 2847 4070 1418 2848 4071 1449 2849 4072 1419 2850 4073 1417 2851 4074 1448 2852 4075 1418 2853 4076 1398 2854 4077 1446 2855 4078 1408 2856 4079 1431 2857 4080 1445 2858 4081 1446 2859 4082 1430 2860 4083 1444 2861 4084 1445 2862 4085 1429 2863 4086 1443 2864 4087 1444 2865 4088 1427 2866 4089 1443 2867 4090 1428 2868 4091 1412 2869 4092 1402 2870 4093 1394 2871 4094 1412 2872 4095 1440 2873 4096 1441 2874 4097 1414 2875 4098 1440 2876 4099 1413 2877 4100 1415 2878 4101 1439 2879 4102 1414 2880 4103 1416 2881 4104 1438 2882 4105 1415 2883 4106 1426 2884 4107 1404 2885 4108 1400 2886 4109 1425 2887 4110 1436 2888 4111 1426 2889 4112 1425 2890 4113 1434 2891 4114 1435 2892 4115 1424 2893 4116 1433 2894 4117 1434 2895 4118 1423 2896 4119 1432 2897 4120 1433 2898 4121 1446 2899 4122 1394 2900 4123 1408 2901 4124 1445 2902 4125 1412 2903 4126 1446 2904 4127 1444 2905 4128 1413 2906 4129 1445 2907 4130 1444 2908 4131 1415 2909 4132 1414 2910 4133 1443 2911 4134 1416 2912 4135 1415 2913 4136 1404 2914 4137 1431 2915 4138 1398 2916 4139 1436 2917 4140 1430 2918 4141 1431 2919 4142 1435 2920 4143 1429 2921 4144 1430 2922 4145 1433 2923 4146 1429 2924 4147 1434 2925 4148 1432 2926 4149 1428 2927 4150 1433 2928 4151 1406 2929 4152 1426 2930 4153 1400 2931 4154 1451 2932 4155 1425 2933 4156 1426 2934 4157 1450 2935 4158 1424 2936 4159 1425 2937 4160 1448 2938 4161 1424 2939 4162 1449 2940 4163 1447 2941 4164 1423 2942 4165 1448 2943 4166 1441 2944 4167 1396 2945 4168 1402 2946 4169 1440 2947 4170 1421 2948 4171 1441 2949 4172 1439 2950 4173 1420 2951 4174 1440 2952 4175 1439 2953 4176 1418 2954 4177 1419 2955 4178 1438 2956 4179 1417 2957 4180 1418 2958 4181 1461 2959 4182 1475 2960 4183 1495 2961 4184 1465 2962 4185 1480 2963 4186 1505 2964 4187 1490 2965 4188 1457 2966 4189 1485 2967 4190 1467 2968 4191 1474 2969 4192 1500 2970 4193 1462 2971 4194 1466 2972 4195 1469 2973 4196 1468 2974 4197 1453 2975 4198 1467 2975 4199 1465 2976 4200 1461 2977 4201 1468 2978 4202 1458 2979 4203 1469 2980 4204 1464 2981 4205 1480 2982 4206 1463 2983 4207 1490 2984 4208 1453 2985 4209 1495 2986 4210 1474 2987 4211 1454 2988 4212 1469 2989 4213 1460 2990 4214 1465 2991 4215 1463 2992 4216 1459 2993 4217 1468 2994 4218 1457 2995 4219 1463 2996 4220 1460 2997 4221 1466 2998 4222 1452 2999 4223 1485 3000 4224 1467 3001 4225 1500 3002 4226 1475 3003 4227 1465 3004 4228 1505 3005 4229 1479 3006 4230 1464 3007 4231 1454 3008 4232 1478 3009 4233 1509 3010 4234 1479 3011 4235 1478 3012 4236 1507 3013 4237 1508 3014 4238 1476 3015 4239 1507 3016 4240 1477 3017 4241 1475 3018 4242 1506 3019 4243 1476 3020 4244 1456 3021 4245 1504 3022 4246 1466 3023 4247 1489 3024 4248 1503 3025 4249 1504 3026 4250 1488 3027 4251 1502 3028 4252 1503 3029 4253 1487 3030 4254 1501 3031 4255 1502 3032 4256 1485 3033 4257 1501 3034 4258 1486 3035 4259 1470 3036 4260 1460 3037 4261 1452 3038 4262 1470 3039 4263 1498 3040 4264 1499 3041 4265 1472 3042 4266 1498 3043 4267 1471 3044 4268 1473 3045 4269 1497 3046 4270 1472 3047 4271 1474 3048 4272 1496 3049 4273 1473 3050 4274 1484 3051 4275 1462 3052 4276 1458 3053 4277 1483 3054 4278 1494 3055 4279 1484 3056 4280 1483 3057 4281 1492 3058 4282 1493 3059 4283 1482 3060 4284 1491 3061 4285 1492 3062 4286 1481 3063 4287 1490 3064 4288 1491 3065 4289 1504 3066 4290 1452 3067 4291 1466 3068 4292 1503 3069 4293 1470 3070 4294 1504 3071 4295 1502 3072 4296 1471 3073 4297 1503 3074 4298 1502 3075 4299 1473 3076 4300 1472 3077 4301 1501 3078 4302 1474 3079 4303 1473 3080 4304 1462 3081 4305 1489 3082 4306 1456 3083 4307 1494 3084 4308 1488 3085 4309 1489 3086 4310 1493 3087 4311 1487 3088 4312 1488 3089 4313 1491 3090 4314 1487 3091 4315 1492 3092 4316 1490 3093 4317 1486 3094 4318 1491 3095 4319 1464 3096 4320 1484 3097 4321 1458 3098 4322 1509 3099 4323 1483 3100 4324 1484 3101 4325 1508 3102 4326 1482 3103 4327 1483 3104 4328 1506 3105 4329 1482 3106 4330 1507 3107 4331 1505 3108 4332 1481 3109 4333 1506 3110 4334 1499 3111 4335 1454 3112 4336 1460 3113 4337 1498 3114 4338 1479 3115 4339 1499 3116 4340 1497 3117 4341 1478 3118 4342 1498 3119 4343 1497 3120 4344 1476 3121 4345 1477 3122 4346 1496 3123 4347 1475 3124 4348 1476 3125 4349 1519 3126 4350 1533 3127 4351 1553 3128 4352 1523 3129 4353 1538 3130 4354 1563 3131 4355 1548 3132 4356 1515 3133 4357 1543 3134 4358 1525 3135 4359 1532 3136 4360 1558 3137 4361 1520 3138 4362 1524 3139 4363 1527 3140 4364 1526 3141 4365 1511 3142 4366 1525 3143 4367 1523 3144 4368 1519 3145 4369 1526 3146 4370 1516 3147 4371 1527 3148 4372 1522 3149 4373 1538 3150 4374 1521 3151 4375 1548 3152 4376 1511 3153 4377 1553 3154 4378 1532 3155 4379 1512 3156 4380 1527 3157 4381 1518 3158 4382 1523 3159 4383 1521 3160 4384 1517 3161 4385 1526 3162 4386 1515 3163 4387 1521 3164 4388 1518 3165 4389 1524 3166 4390 1510 3167 4391 1543 3168 4392 1525 3169 4393 1558 3170 4394 1533 3171 4395 1523 3172 4396 1563 3173 4397 1537 3174 4398 1522 3175 4399 1512 3176 4400 1536 3177 4401 1567 3178 4402 1537 3179 4403 1536 3180 4404 1565 3181 4405 1566 3182 4406 1534 3183 4407 1565 3184 4408 1535 3185 4409 1533 3186 4410 1564 3187 4411 1534 3188 4412 1514 3189 4413 1562 3190 4414 1524 3191 4415 1547 3192 4416 1561 3193 4417 1562 3194 4418 1546 3195 4419 1560 3196 4420 1561 3197 4421 1545 3198 4422 1559 3199 4423 1560 3200 4424 1543 3201 4425 1559 3202 4426 1544 3203 4427 1528 3204 4428 1518 3205 4429 1510 3206 4430 1528 3207 4431 1556 3208 4432 1557 3209 4433 1530 3210 4434 1556 3211 4435 1529 3212 4436 1531 3213 4437 1555 3214 4438 1530 3215 4439 1532 3216 4440 1554 3217 4441 1531 3218 4442 1542 3219 4443 1520 3220 4444 1516 3221 4445 1541 3222 4446 1552 3223 4447 1542 3224 4448 1541 3225 4449 1550 3226 4450 1551 3227 4451 1540 3228 4452 1549 3229 4453 1550 3230 4454 1539 3231 4455 1548 3232 4456 1549 3233 4457 1562 3234 4458 1510 3235 4459 1524 3236 4460 1561 3237 4461 1528 3238 4462 1562 3239 4463 1560 3240 4464 1529 3241 4465 1561 3242 4466 1560 3243 4467 1531 3244 4468 1530 3245 4469 1559 3246 4470 1532 3247 4471 1531 3248 4472 1520 3249 4473 1547 3250 4474 1514 3251 4475 1552 3252 4476 1546 3253 4477 1547 3254 4478 1551 3255 4479 1545 3256 4480 1546 3257 4481 1549 3258 4482 1545 3259 4483 1550 3260 4484 1548 3261 4485 1544 3262 4486 1549 3263 4487 1522 3264 4488 1542 3265 4489 1516 3266 4490 1567 3267 4491 1541 3268 4492 1542 3269 4493 1566 3270 4494 1540 3271 4495 1541 3272 4496 1564 3273 4497 1540 3274 4498 1565 3275 4499 1563 3276 4500 1539 3277 4501 1564 3278 4502 1557 3279 4503 1512 3280 4504 1518 3281 4505 1556 3282 4506 1537 3283 4507 1557 3284 4508 1555 3285 4509 1536 3286 4510 1556 3287 4511 1555 3288 4512 1534 3289 4513 1535 3290 4514 1554 3291 4515 1533 3292 4516 1534 3293 4517 649 640 6516 643 3294 6517 663 641 6518 653 643 6519 647 3295 6520 668 644 6521 678 646 6522 651 3296 6523 645 647 6524 655 649 6525 641 3297 6526 662 650 6527 650 652 6528 644 652 6529 654 652 6530 656 653 6531 649 670 6532 641 654 6533 653 656 6534 643 3298 6535 649 657 6536 646 652 6537 650 652 6538 657 652 6539 668 659 6540 647 3299 6541 651 660 6542 641 662 6543 649 3300 6544 683 663 6545 642 652 6546 652 652 6547 657 652 6548 653 665 6549 656 3301 6550 651 666 6551 656 668 6552 655 3302 6553 645 669 6554 648 652 6555 657 652 6556 654 652 6557 673 671 6558 645 3303 6559 655 672 6560 663 674 6561 643 3304 6562 653 675 6563 667 677 6564 697 3305 6565 652 678 6566 666 680 6567 696 3306 6568 697 681 6569 666 683 6570 665 3307 6571 695 684 6572 664 686 6573 694 3308 6574 695 687 6575 663 689 6576 693 3309 6577 694 690 6578 644 692 6579 677 3310 6580 692 693 6581 677 695 6582 676 3311 6583 691 696 6584 676 698 6585 675 3312 6586 690 699 6587 675 701 6588 674 3313 6589 689 702 6590 673 704 6591 688 3314 6592 689 705 6593 658 707 6594 687 3315 6595 648 708 6596 658 710 6597 659 3316 6598 686 711 6599 660 713 6600 685 3317 6601 686 714 6602 661 716 6603 684 3318 6604 685 717 6605 662 719 6606 683 3319 6607 684 720 6608 672 722 6609 682 3320 6610 650 723 6611 671 725 6612 681 3321 6613 682 726 6614 671 728 6615 670 3322 6616 680 729 6617 670 731 6618 669 3323 6619 679 732 6620 669 734 6621 668 3324 6622 678 735 6623 692 737 6624 658 3325 6625 640 738 6626 691 740 6627 659 3326 6628 658 741 6629 690 743 6630 660 3327 6631 659 744 6632 690 746 6633 689 3328 6634 661 747 6635 689 749 6636 688 3329 6637 662 750 6638 650 752 6639 682 3330 6640 677 753 6641 682 755 6642 681 3331 6643 676 756 6644 681 758 6645 680 3332 6646 675 759 6647 679 761 6648 674 3333 6649 675 762 6650 678 764 6651 673 3334 6652 674 765 6653 652 767 6654 697 3335 6655 672 768 6656 697 770 6657 696 3336 6658 671 771 6659 696 773 6660 695 3337 6661 670 774 6662 694 776 6663 669 3338 6664 670 777 6665 693 779 6666 668 3339 6667 669 780 6668 687 782 6669 667 3340 6670 642 783 6671 686 785 6672 666 3341 6673 667 786 6674 685 788 6675 665 3342 6676 666 789 6677 685 791 6678 684 3343 6679 664 792 6680 684 794 6681 683 3344 6682 663 795 6683 707 797 6684 701 3345 6685 721 798 6686 711 800 6687 705 3346 6688 726 801 6689 736 803 6690 709 3347 6691 703 804 6692 713 806 6693 699 3348 6694 720 807 6695 708 809 6696 702 3349 6697 712 810 6698 714 812 6699 707 3350 6700 699 813 6701 711 815 6702 701 3351 6703 707 816 6704 704 818 6705 708 818 6706 715 818 6707 726 819 6708 705 3352 6709 709 820 6710 699 822 6711 707 3353 6712 741 823 6713 700 825 6714 710 818 6715 715 826 6716 711 828 6717 714 3354 6718 709 829 6719 714 831 6720 713 814 6721 703 832 6722 706 834 6723 715 3355 6724 712 810 6725 731 836 6726 703 3356 6727 713 837 6728 721 839 6729 701 3357 6730 711 840 6731 725 842 6732 755 3358 6733 710 843 6734 724 845 6735 754 3359 6736 755 846 6737 724 848 6738 723 3360 6739 753 849 6740 722 851 6741 752 3361 6742 753 852 6743 721 854 6744 751 3362 6745 752 855 6746 702 857 6747 735 3363 6748 750 858 6749 735 860 6750 734 3364 6751 749 861 6752 734 863 6753 733 3365 6754 748 864 6755 733 866 6756 732 3366 6757 747 867 6758 731 869 6759 746 3367 6760 747 870 6761 716 872 6762 745 3368 6763 706 873 6764 716 875 6765 717 3369 6766 744 876 6767 718 878 6768 743 3370 6769 744 879 6770 719 881 6771 742 3371 6772 743 882 6773 720 884 6774 741 3372 6775 742 885 6776 730 887 6777 740 3373 6778 708 888 6779 729 890 6780 739 3374 6781 740 891 6782 729 893 6783 728 3375 6784 738 894 6785 728 896 6786 727 3376 6787 737 897 6788 727 899 6789 726 3377 6790 736 900 6791 750 902 6792 716 3378 6793 698 903 6794 749 905 6795 717 3379 6796 716 906 6797 748 908 6798 718 3380 6799 717 909 6800 748 911 6801 747 3381 6802 719 912 6803 747 914 6804 746 3382 6805 720 915 6806 708 917 6807 740 3383 6808 735 918 6809 740 920 6810 739 3384 6811 734 921 6812 739 923 6813 738 3385 6814 733 924 6815 737 926 6816 732 3386 6817 733 927 6818 736 929 6819 731 3387 6820 732 930 6821 710 932 6822 755 3388 6823 730 933 6824 755 935 6825 754 3389 6826 729 936 6827 754 938 6828 753 3390 6829 728 939 6830 752 941 6831 727 3391 6832 728 942 6833 751 944 6834 726 3392 6835 727 945 6836 745 947 6837 725 3393 6838 700 948 6839 744 950 6840 724 3394 6841 725 951 6842 743 953 6843 723 3395 6844 724 954 6845 743 956 6846 742 3396 6847 722 957 6848 742 959 6849 741 3397 6850 721 960 6851 765 962 6852 759 3398 6853 779 963 6854 769 965 6855 763 3399 6856 784 966 6857 794 968 6858 767 3400 6859 761 969 6860 771 971 6861 757 3401 6862 778 972 6863 766 974 6864 760 974 6865 770 974 6866 772 975 6867 765 992 6868 757 976 6869 769 978 6870 759 3402 6871 765 979 6872 762 974 6873 766 974 6874 773 974 6875 784 981 6876 763 3403 6877 767 982 6878 757 984 6879 765 3404 6880 799 985 6881 758 974 6882 768 974 6883 773 974 6884 769 987 6885 772 3405 6886 767 988 6887 772 990 6888 771 3406 6889 761 991 6890 764 974 6891 773 974 6892 770 974 6893 789 993 6894 761 3407 6895 771 994 6896 779 996 6897 759 3408 6898 769 997 6899 783 999 6900 813 3409 6901 768 1000 6902 782 1002 6903 812 3410 6904 813 1003 6905 782 1005 6906 781 3411 6907 811 1006 6908 780 1008 6909 810 3412 6910 811 1009 6911 779 1011 6912 809 3413 6913 810 1012 6914 760 1014 6915 793 3414 6916 808 1015 6917 793 1017 6918 792 3415 6919 807 1018 6920 792 1020 6921 791 3416 6922 806 1021 6923 791 1023 6924 790 3417 6925 805 1024 6926 789 1026 6927 804 3418 6928 805 1027 6929 774 1029 6930 803 3419 6931 764 1030 6932 774 1032 6933 775 3420 6934 802 1033 6935 776 1035 6936 801 3421 6937 802 1036 6938 777 1038 6939 800 3422 6940 801 1039 6941 778 1041 6942 799 3423 6943 800 1042 6944 788 1044 6945 798 3424 6946 766 1045 6947 787 1047 6948 797 3425 6949 798 1048 6950 787 1050 6951 786 3426 6952 796 1051 6953 786 1053 6954 785 3427 6955 795 1054 6956 785 1056 6957 784 3428 6958 794 1057 6959 808 1059 6960 774 3429 6961 756 1060 6962 807 1062 6963 775 3430 6964 774 1063 6965 806 1065 6966 776 3431 6967 775 1066 6968 806 1068 6969 805 3432 6970 777 1069 6971 805 1071 6972 804 3433 6973 778 1072 6974 766 1074 6975 798 3434 6976 793 1075 6977 798 1077 6978 797 3435 6979 792 1078 6980 797 1080 6981 796 3436 6982 791 1081 6983 795 1083 6984 790 3437 6985 791 1084 6986 794 1086 6987 789 3438 6988 790 1087 6989 768 1089 6990 813 3439 6991 788 1090 6992 813 1092 6993 812 3440 6994 787 1093 6995 812 1095 6996 811 3441 6997 786 1096 6998 810 1098 6999 785 3442 7000 786 1099 7001 809 1101 7002 784 3443 7003 785 1102 7004 803 1104 7005 783 3444 7006 758 1105 7007 802 1107 7008 782 3445 7009 783 1108 7010 801 1110 7011 781 3446 7012 782 1111 7013 801 1113 7014 800 3447 7015 780 1114 7016 800 1116 7017 799 3448 7018 779 1117 7019 823 1119 7020 817 3449 7021 837 1120 7022 827 1122 7023 821 3450 7024 842 1123 7025 852 1125 7026 825 3451 7027 819 1126 7028 829 1128 7029 815 3452 7030 836 1129 7031 824 1131 7032 818 3453 7033 828 1132 7034 830 1134 7035 823 3454 7036 815 1135 7037 827 1137 7038 817 3455 7039 823 1138 7040 820 1140 7041 824 3456 7042 831 1141 7043 842 1143 7044 821 3457 7045 825 1144 7046 815 1146 7047 823 3458 7048 857 1147 7049 816 1142 7050 826 1142 7051 831 1142 7052 827 1149 7053 830 3459 7054 825 1150 7055 830 1152 7056 829 1136 7057 819 1153 7058 822 1155 7059 831 3460 7060 828 1132 7061 847 1157 7062 819 3461 7063 829 1158 7064 837 1160 7065 817 3462 7066 827 1161 7067 841 1163 7068 871 3463 7069 826 1164 7070 840 1166 7071 870 3464 7072 871 1167 7073 840 1169 7074 839 3465 7075 869 1170 7076 838 1172 7077 868 3466 7078 869 1173 7079 837 1175 7080 867 3467 7081 868 1176 7082 818 1178 7083 851 3468 7084 866 1179 7085 851 1181 7086 850 3469 7087 865 1182 7088 850 1184 7089 849 3470 7090 864 1185 7091 849 1187 7092 848 3471 7093 863 1188 7094 847 1190 7095 862 3472 7096 863 1191 7097 832 1193 7098 861 3473 7099 822 1194 7100 832 1196 7101 833 3474 7102 860 1197 7103 834 1199 7104 859 3475 7105 860 1200 7106 835 1202 7107 858 3476 7108 859 1203 7109 836 1205 7110 857 3477 7111 858 1206 7112 846 1208 7113 856 3478 7114 824 1209 7115 845 1211 7116 855 3479 7117 856 1212 7118 845 1214 7119 844 3480 7120 854 1215 7121 844 1217 7122 843 3481 7123 853 1218 7124 843 1220 7125 842 3482 7126 852 1221 7127 866 1223 7128 832 3483 7129 814 1224 7130 865 1226 7131 833 3484 7132 832 1227 7133 864 1229 7134 834 3485 7135 833 1230 7136 864 1232 7137 863 3486 7138 835 1233 7139 863 1235 7140 862 3487 7141 836 1236 7142 824 1238 7143 856 3488 7144 851 1239 7145 856 1241 7146 855 3489 7147 850 1242 7148 855 1244 7149 854 3490 7150 849 1245 7151 853 1247 7152 848 3491 7153 849 1248 7154 852 1250 7155 847 3492 7156 848 1251 7157 826 1253 7158 871 3493 7159 846 1254 7160 871 1256 7161 870 3494 7162 845 1257 7163 870 1259 7164 869 3495 7165 844 1260 7166 868 1262 7167 843 3496 7168 844 1263 7169 867 1265 7170 842 3497 7171 843 1266 7172 861 1268 7173 841 3498 7174 816 1269 7175 860 1271 7176 840 3499 7177 841 1272 7178 859 1274 7179 839 3500 7180 840 1275 7181 859 1277 7182 858 3501 7183 838 1278 7184 858 1280 7185 857 3502 7186 837 1281 7187 881 1283 7188 875 3503 7189 895 1284 7190 885 1286 7191 879 3504 7192 900 1287 7193 910 1289 7194 883 3505 7195 877 1290 7196 887 1292 7197 873 3506 7198 894 1293 7199 882 1295 7200 876 3507 7201 886 1296 7202 888 1298 7203 881 3508 7204 873 1299 7205 885 1301 7206 875 3509 7207 881 1302 7208 878 1304 7209 882 3510 7210 889 1305 7211 900 1307 7212 879 3511 7213 883 1308 7214 873 1310 7215 881 3512 7216 915 1311 7217 874 1313 7218 884 3513 7219 889 1314 7220 885 1316 7221 888 3514 7222 883 1317 7223 888 1319 7224 887 3515 7225 877 1320 7226 880 1322 7227 889 3516 7228 886 1323 7229 905 1325 7230 877 3517 7231 887 1326 7232 895 1328 7233 875 3518 7234 885 1329 7235 899 1331 7236 929 3519 7237 884 1332 7238 898 1334 7239 928 3520 7240 929 1335 7241 898 1337 7242 897 3521 7243 927 1338 7244 896 1340 7245 926 3522 7246 927 1341 7247 895 1343 7248 925 3523 7249 926 1344 7250 876 1346 7251 909 3524 7252 924 1347 7253 909 1349 7254 908 3525 7255 923 1350 7256 908 1352 7257 907 3526 7258 922 1353 7259 907 1355 7260 906 3527 7261 921 1356 7262 905 1358 7263 920 3528 7264 921 1359 7265 890 1361 7266 919 3529 7267 880 1362 7268 890 1364 7269 891 3530 7270 918 1365 7271 892 1367 7272 917 3531 7273 918 1368 7274 893 1370 7275 916 3532 7276 917 1371 7277 894 1373 7278 915 3533 7279 916 1374 7280 904 1376 7281 914 3534 7282 882 1377 7283 903 1379 7284 913 3535 7285 914 1380 7286 903 1382 7287 902 3536 7288 912 1383 7289 902 1385 7290 901 3537 7291 911 1386 7292 901 1388 7293 900 3538 7294 910 1389 7295 924 1391 7296 890 3539 7297 872 1392 7298 923 1394 7299 891 3540 7300 890 1395 7301 922 1397 7302 892 3541 7303 891 1398 7304 922 1400 7305 921 3542 7306 893 1401 7307 921 1403 7308 920 3543 7309 894 1404 7310 882 1406 7311 914 3544 7312 909 1407 7313 914 1409 7314 913 3545 7315 908 1410 7316 913 1412 7317 912 3546 7318 907 1413 7319 911 1415 7320 906 3547 7321 907 1416 7322 910 1418 7323 905 3548 7324 906 1419 7325 884 1421 7326 929 3549 7327 904 1422 7328 929 1424 7329 928 3550 7330 903 1425 7331 928 1427 7332 927 3551 7333 902 1428 7334 926 1430 7335 901 3552 7336 902 1431 7337 925 1433 7338 900 3553 7339 901 1434 7340 919 1436 7341 899 3554 7342 874 1437 7343 918 1439 7344 898 3555 7345 899 1440 7346 917 1442 7347 897 3556 7348 898 1443 7349 917 1445 7350 916 3557 7351 896 1446 7352 916 1448 7353 915 3558 7354 895 1449 7355 939 1451 7356 933 3559 7357 953 1452 7358 943 1454 7359 937 3560 7360 958 1455 7361 968 1457 7362 941 3561 7363 935 1458 7364 945 1460 7365 931 3562 7366 952 1461 7367 940 1463 7368 934 3563 7369 944 1464 7370 946 1466 7371 939 3564 7372 931 1467 7373 943 1469 7374 933 3565 7375 939 1470 7376 936 1472 7377 940 3566 7378 947 1473 7379 958 1475 7380 937 3567 7381 941 1476 7382 931 1478 7383 939 3568 7384 973 1479 7385 932 1481 7386 942 3569 7387 947 1482 7388 943 1484 7389 946 3570 7390 941 1485 7391 946 1487 7392 945 3571 7393 935 1488 7394 938 1490 7395 947 1465 7396 944 1491 7397 963 1493 7398 935 3572 7399 945 1494 7400 953 1496 7401 933 3573 7402 943 1497 7403 957 1499 7404 987 3574 7405 942 1500 7406 956 1502 7407 986 3575 7408 987 1503 7409 956 1505 7410 955 3576 7411 985 1506 7412 954 1508 7413 984 3577 7414 985 1509 7415 953 1511 7416 983 3578 7417 984 1512 7418 934 1514 7419 967 3579 7420 982 1515 7421 967 1517 7422 966 3580 7423 981 1518 7424 966 1520 7425 965 3581 7426 980 1521 7427 965 1523 7428 964 3582 7429 979 1524 7430 963 1526 7431 978 3583 7432 979 1527 7433 948 1529 7434 977 3584 7435 938 1530 7436 948 1532 7437 949 3585 7438 976 1533 7439 950 1535 7440 975 3586 7441 976 1536 7442 951 1538 7443 974 3587 7444 975 1539 7445 952 1541 7446 973 3588 7447 974 1542 7448 962 1544 7449 972 3589 7450 940 1545 7451 961 1547 7452 971 3590 7453 972 1548 7454 961 1550 7455 960 3591 7456 970 1551 7457 960 1553 7458 959 3592 7459 969 1554 7460 959 1556 7461 958 3593 7462 968 1557 7463 982 1559 7464 948 3594 7465 930 1560 7466 981 1562 7467 949 3595 7468 948 1563 7469 980 1565 7470 950 3596 7471 949 1566 7472 980 1568 7473 979 3597 7474 951 1569 7475 979 1571 7476 978 3598 7477 952 1572 7478 940 1574 7479 972 3599 7480 967 1575 7481 972 1577 7482 971 3600 7483 966 1578 7484 971 1580 7485 970 3601 7486 965 1581 7487 969 1583 7488 964 3602 7489 965 1584 7490 968 1586 7491 963 3603 7492 964 1587 7493 942 1589 7494 987 3604 7495 962 1590 7496 987 1592 7497 986 3605 7498 961 1593 7499 986 1595 7500 985 3606 7501 960 1596 7502 984 1598 7503 959 3607 7504 960 1599 7505 983 1601 7506 958 3608 7507 959 1602 7508 977 1604 7509 957 3609 7510 932 1605 7511 976 1607 7512 956 3610 7513 957 1608 7514 975 1610 7515 955 3611 7516 956 1611 7517 975 1613 7518 974 3612 7519 954 1614 7520 974 1616 7521 973 3613 7522 953 1617 7523 997 1619 7524 991 3614 7525 1011 1620 7526 1001 1622 7527 995 3615 7528 1016 1623 7529 1026 1625 7530 999 3616 7531 993 1626 7532 1003 1628 7533 989 3617 7534 1010 1629 7535 998 1631 7536 992 3618 7537 1002 1632 7538 1004 1634 7539 997 3619 7540 989 1635 7541 1001 1637 7542 991 3620 7543 997 1638 7544 994 1640 7545 998 3621 7546 1005 1641 7547 1016 1643 7548 995 3622 7549 999 1644 7550 989 1646 7551 997 3623 7552 1031 1647 7553 990 1649 7554 1000 3624 7555 1005 1650 7556 1001 1652 7557 1004 1639 7558 999 1653 7559 1004 1655 7560 1003 3625 7561 993 1656 7562 996 1658 7563 1005 3626 7564 1002 1659 7565 1021 1661 7566 993 3627 7567 1003 1662 7568 1011 1664 7569 991 3628 7570 1001 1665 7571 1015 1667 7572 1045 3629 7573 1000 1668 7574 1014 1670 7575 1044 3630 7576 1045 1671 7577 1014 1673 7578 1013 3631 7579 1043 1674 7580 1012 1676 7581 1042 3632 7582 1043 1677 7583 1011 1679 7584 1041 3633 7585 1042 1680 7586 992 1682 7587 1025 3634 7588 1040 1683 7589 1025 1685 7590 1024 3635 7591 1039 1686 7592 1024 1688 7593 1023 3636 7594 1038 1689 7595 1023 1691 7596 1022 3637 7597 1037 1692 7598 1021 1694 7599 1036 3638 7600 1037 1695 7601 1006 1697 7602 1035 3639 7603 996 1698 7604 1006 1700 7605 1007 3640 7606 1034 1701 7607 1008 1703 7608 1033 3641 7609 1034 1704 7610 1009 1706 7611 1032 3642 7612 1033 1707 7613 1010 1709 7614 1031 3643 7615 1032 1710 7616 1020 1712 7617 1030 3644 7618 998 1713 7619 1019 1715 7620 1029 3645 7621 1030 1716 7622 1019 1718 7623 1018 3646 7624 1028 1719 7625 1018 1721 7626 1017 3647 7627 1027 1722 7628 1017 1724 7629 1016 3648 7630 1026 1725 7631 1040 1727 7632 1006 3649 7633 988 1728 7634 1039 1730 7635 1007 3650 7636 1006 1731 7637 1038 1733 7638 1008 3651 7639 1007 1734 7640 1038 1736 7641 1037 3652 7642 1009 1737 7643 1037 1739 7644 1036 3653 7645 1010 1740 7646 998 1742 7647 1030 3654 7648 1025 1743 7649 1030 1745 7650 1029 3655 7651 1024 1746 7652 1029 1748 7653 1028 3656 7654 1023 1749 7655 1027 1751 7656 1022 3657 7657 1023 1752 7658 1026 1754 7659 1021 3658 7660 1022 1755 7661 1000 1757 7662 1045 3659 7663 1020 1758 7664 1045 1760 7665 1044 3660 7666 1019 1761 7667 1044 1763 7668 1043 3661 7669 1018 1764 7670 1042 1766 7671 1017 3662 7672 1018 1767 7673 1041 1769 7674 1016 3663 7675 1017 1770 7676 1035 1772 7677 1015 3664 7678 990 1773 7679 1034 1775 7680 1014 3665 7681 1015 1776 7682 1033 1778 7683 1013 3666 7684 1014 1779 7685 1033 1781 7686 1032 3667 7687 1012 1782 7688 1032 1784 7689 1031 3668 7690 1011 1785 7691 1055 1787 7692 1049 3669 7693 1069 1788 7694 1059 1790 7695 1053 3670 7696 1074 1791 7697 1084 1793 7698 1057 3671 7699 1051 1794 7700 1061 1796 7701 1047 3672 7702 1068 1797 7703 1056 1799 7704 1050 3673 7705 1060 1800 7706 1062 1802 7707 1055 3674 7708 1047 1803 7709 1059 1805 7710 1049 3675 7711 1055 1806 7712 1052 1808 7713 1056 3676 7714 1063 1809 7715 1074 1811 7716 1053 3677 7717 1057 1812 7718 1047 1814 7719 1055 3678 7720 1089 1815 7721 1048 1817 7722 1058 3679 7723 1063 1818 7724 1059 1820 7725 1062 3680 7726 1057 1821 7727 1062 1823 7728 1061 1804 7729 1051 1824 7730 1054 1826 7731 1063 3681 7732 1060 1827 7733 1079 1829 7734 1051 3682 7735 1061 1830 7736 1069 1832 7737 1049 3683 7738 1059 1833 7739 1073 1835 7740 1103 3684 7741 1058 1836 7742 1072 1838 7743 1102 3685 7744 1103 1839 7745 1072 1841 7746 1071 3686 7747 1101 1842 7748 1070 1844 7749 1100 3687 7750 1101 1845 7751 1069 1847 7752 1099 3688 7753 1100 1848 7754 1050 1850 7755 1083 3689 7756 1098 1851 7757 1083 1853 7758 1082 3690 7759 1097 1854 7760 1082 1856 7761 1081 3691 7762 1096 1857 7763 1081 1859 7764 1080 3692 7765 1095 1860 7766 1079 1862 7767 1094 3693 7768 1095 1863 7769 1064 1865 7770 1093 3694 7771 1054 1866 7772 1064 1868 7773 1065 3695 7774 1092 1869 7775 1066 1871 7776 1091 3696 7777 1092 1872 7778 1067 1874 7779 1090 3697 7780 1091 1875 7781 1068 1877 7782 1089 3698 7783 1090 1878 7784 1078 1880 7785 1088 3699 7786 1056 1881 7787 1077 1883 7788 1087 3700 7789 1088 1884 7790 1077 1886 7791 1076 3701 7792 1086 1887 7793 1076 1889 7794 1075 3702 7795 1085 1890 7796 1075 1892 7797 1074 3703 7798 1084 1893 7799 1098 1895 7800 1064 3704 7801 1046 1896 7802 1097 1898 7803 1065 3705 7804 1064 1899 7805 1096 1901 7806 1066 3706 7807 1065 1902 7808 1096 1904 7809 1095 3707 7810 1067 1905 7811 1095 1907 7812 1094 3708 7813 1068 1908 7814 1056 1910 7815 1088 3709 7816 1083 1911 7817 1088 1913 7818 1087 3710 7819 1082 1914 7820 1087 1916 7821 1086 3711 7822 1081 1917 7823 1085 1919 7824 1080 3712 7825 1081 1920 7826 1084 1922 7827 1079 3713 7828 1080 1923 7829 1058 1925 7830 1103 3714 7831 1078 1926 7832 1103 1928 7833 1102 3715 7834 1077 1929 7835 1102 1931 7836 1101 3716 7837 1076 1932 7838 1100 1934 7839 1075 3717 7840 1076 1935 7841 1099 1937 7842 1074 3718 7843 1075 1938 7844 1093 1940 7845 1073 3719 7846 1048 1941 7847 1092 1943 7848 1072 3720 7849 1073 1944 7850 1091 1946 7851 1071 3721 7852 1072 1947 7853 1091 1949 7854 1090 3722 7855 1070 1950 7856 1090 1952 7857 1089 3723 7858 1069 1953 7859 1113 1955 7860 1107 3724 7861 1127 1956 7862 1117 1958 7863 1111 3725 7864 1132 1959 7865 1142 1961 7866 1115 3726 7867 1109 1962 7868 1119 1964 7869 1105 3727 7870 1126 1965 7871 1114 1967 7872 1108 3728 7873 1118 1968 7874 1120 1970 7875 1113 3729 7876 1105 1971 7877 1117 1973 7878 1107 3730 7879 1113 1974 7880 1110 1976 7881 1114 3731 7882 1121 1977 7883 1132 1979 7884 1111 3732 7885 1115 1980 7886 1105 1982 7887 1113 3733 7888 1147 1983 7889 1106 1985 7890 1116 3734 7891 1121 1986 7892 1117 1988 7893 1120 1975 7894 1115 1989 7895 1120 1991 7896 1119 1972 7897 1109 1992 7898 1112 1994 7899 1121 3735 7900 1118 1995 7901 1137 1997 7902 1109 3736 7903 1119 1998 7904 1127 2000 7905 1107 3737 7906 1117 2001 7907 1131 2003 7908 1161 3738 7909 1116 2004 7910 1130 2006 7911 1160 3739 7912 1161 2007 7913 1130 2009 7914 1129 3740 7915 1159 2010 7916 1128 2012 7917 1158 3741 7918 1159 2013 7919 1127 2015 7920 1157 3742 7921 1158 2016 7922 1108 2018 7923 1141 3743 7924 1156 2019 7925 1141 2021 7926 1140 3744 7927 1155 2022 7928 1140 2024 7929 1139 3745 7930 1154 2025 7931 1139 2027 7932 1138 3746 7933 1153 2028 7934 1137 2030 7935 1152 3747 7936 1153 2031 7937 1122 2033 7938 1151 3748 7939 1112 2034 7940 1122 2036 7941 1123 3749 7942 1150 2037 7943 1124 2039 7944 1149 3750 7945 1150 2040 7946 1125 2042 7947 1148 3751 7948 1149 2043 7949 1126 2045 7950 1147 3752 7951 1148 2046 7952 1136 2048 7953 1146 3753 7954 1114 2049 7955 1135 2051 7956 1145 3754 7957 1146 2052 7958 1135 2054 7959 1134 3755 7960 1144 2055 7961 1134 2057 7962 1133 3756 7963 1143 2058 7964 1133 2060 7965 1132 3757 7966 1142 2061 7967 1156 2063 7968 1122 3758 7969 1104 2064 7970 1155 2066 7971 1123 3759 7972 1122 2067 7973 1154 2069 7974 1124 3760 7975 1123 2070 7976 1154 2072 7977 1153 3761 7978 1125 2073 7979 1153 2075 7980 1152 3762 7981 1126 2076 7982 1114 2078 7983 1146 3763 7984 1141 2079 7985 1146 2081 7986 1145 3764 7987 1140 2082 7988 1145 2084 7989 1144 3765 7990 1139 2085 7991 1143 2087 7992 1138 3766 7993 1139 2088 7994 1142 2090 7995 1137 3767 7996 1138 2091 7997 1116 2093 7998 1161 3768 7999 1136 2094 8000 1161 2096 8001 1160 3769 8002 1135 2097 8003 1160 2099 8004 1159 3770 8005 1134 2100 8006 1158 2102 8007 1133 3771 8008 1134 2103 8009 1157 2105 8010 1132 3772 8011 1133 2106 8012 1151 2108 8013 1131 3773 8014 1106 2109 8015 1150 2111 8016 1130 3774 8017 1131 2112 8018 1149 2114 8019 1129 3775 8020 1130 2115 8021 1149 2117 8022 1148 3776 8023 1128 2118 8024 1148 2120 8025 1147 3777 8026 1127 2121 8027 1171 2123 8028 1165 3778 8029 1185 2124 8030 1175 2126 8031 1169 3779 8032 1190 2127 8033 1200 2129 8034 1173 3780 8035 1167 2130 8036 1177 2132 8037 1163 3781 8038 1184 2133 8039 1172 2135 8040 1166 3782 8041 1176 2136 8042 1178 2138 8043 1171 3783 8044 1163 2139 8045 1175 2141 8046 1165 3784 8047 1171 2142 8048 1168 2144 8049 1172 3785 8050 1179 2145 8051 1190 2147 8052 1169 3786 8053 1173 2148 8054 1163 2150 8055 1171 3787 8056 1205 2151 8057 1164 2153 8058 1174 3788 8059 1179 2154 8060 1175 2156 8061 1178 3789 8062 1173 2157 8063 1178 2159 8064 1177 3790 8065 1167 2160 8066 1170 2162 8067 1179 2137 8068 1176 2155 8069 1195 2164 8070 1167 3791 8071 1177 2165 8072 1185 2167 8073 1165 3792 8074 1175 2168 8075 1189 2170 8076 1219 3793 8077 1174 2171 8078 1188 2173 8079 1218 3794 8080 1219 2174 8081 1188 2176 8082 1187 3795 8083 1217 2177 8084 1186 2179 8085 1216 3796 8086 1217 2180 8087 1185 2182 8088 1215 3797 8089 1216 2183 8090 1166 2185 8091 1199 3798 8092 1214 2186 8093 1199 2188 8094 1198 3799 8095 1213 2189 8096 1198 2191 8097 1197 3800 8098 1212 2192 8099 1197 2194 8100 1196 3801 8101 1211 2195 8102 1195 2197 8103 1210 3802 8104 1211 2198 8105 1180 2200 8106 1209 3803 8107 1170 2201 8108 1180 2203 8109 1181 3804 8110 1208 2204 8111 1182 2206 8112 1207 3805 8113 1208 2207 8114 1183 2209 8115 1206 3806 8116 1207 2210 8117 1184 2212 8118 1205 3807 8119 1206 2213 8120 1194 2215 8121 1204 3808 8122 1172 2216 8123 1193 2218 8124 1203 3809 8125 1204 2219 8126 1193 2221 8127 1192 3810 8128 1202 2222 8129 1192 2224 8130 1191 3811 8131 1201 2225 8132 1191 2227 8133 1190 3812 8134 1200 2228 8135 1214 2230 8136 1180 3813 8137 1162 2231 8138 1213 2233 8139 1181 3814 8140 1180 2234 8141 1212 2236 8142 1182 3815 8143 1181 2237 8144 1212 2239 8145 1211 3816 8146 1183 2240 8147 1211 2242 8148 1210 3817 8149 1184 2243 8150 1172 2245 8151 1204 3818 8152 1199 2246 8153 1204 2248 8154 1203 3819 8155 1198 2249 8156 1203 2251 8157 1202 3820 8158 1197 2252 8159 1201 2254 8160 1196 3821 8161 1197 2255 8162 1200 2257 8163 1195 3822 8164 1196 2258 8165 1174 2260 8166 1219 3823 8167 1194 2261 8168 1219 2263 8169 1218 3824 8170 1193 2264 8171 1218 2266 8172 1217 3825 8173 1192 2267 8174 1216 2269 8175 1191 3826 8176 1192 2270 8177 1215 2272 8178 1190 3827 8179 1191 2273 8180 1209 2275 8181 1189 3828 8182 1164 2276 8183 1208 2278 8184 1188 3829 8185 1189 2279 8186 1207 2281 8187 1187 3830 8188 1188 2282 8189 1207 2284 8190 1206 3831 8191 1186 2285 8192 1206 2287 8193 1205 3832 8194 1185 2288 8195 1229 2290 8196 1223 3833 8197 1243 2291 8198 1233 2293 8199 1227 3834 8200 1248 2294 8201 1258 2296 8202 1231 3835 8203 1225 2297 8204 1235 2299 8205 1221 3836 8206 1242 2300 8207 1230 2302 8208 1224 3837 8209 1234 2303 8210 1236 2305 8211 1229 2305 8212 1221 2306 8213 1233 2307 8214 1223 3838 8215 1229 2308 8216 1226 2310 8217 1230 3839 8218 1237 2311 8219 1248 2313 8220 1227 3840 8221 1231 2314 8222 1221 2316 8223 1229 3841 8224 1263 2317 8225 1222 2319 8226 1232 3842 8227 1237 2320 8228 1233 2322 8229 1236 3843 8230 1231 2323 8231 1236 2325 8232 1235 2306 8233 1225 2326 8234 1228 2328 8235 1237 3844 8236 1234 2329 8237 1253 2331 8238 1225 3845 8239 1235 2332 8240 1243 2334 8241 1223 3846 8242 1233 2335 8243 1247 2337 8244 1277 3847 8245 1232 2338 8246 1246 2340 8247 1276 3848 8248 1277 2341 8249 1246 2343 8250 1245 3849 8251 1275 2344 8252 1244 2346 8253 1274 3850 8254 1275 2347 8255 1243 2349 8256 1273 3851 8257 1274 2350 8258 1224 2352 8259 1257 3852 8260 1272 2353 8261 1257 2355 8262 1256 3853 8263 1271 2356 8264 1256 2358 8265 1255 3854 8266 1270 2359 8267 1255 2361 8268 1254 3855 8269 1269 2362 8270 1253 2364 8271 1268 3856 8272 1269 2365 8273 1238 2367 8274 1267 3857 8275 1228 2368 8276 1238 2370 8277 1239 3858 8278 1266 2371 8279 1240 2373 8280 1265 3859 8281 1266 2374 8282 1241 2376 8283 1264 3860 8284 1265 2377 8285 1242 2379 8286 1263 3861 8287 1264 2380 8288 1252 2382 8289 1262 3862 8290 1230 2383 8291 1251 2385 8292 1261 3863 8293 1262 2386 8294 1251 2388 8295 1250 3864 8296 1260 2389 8297 1250 2391 8298 1249 3865 8299 1259 2392 8300 1249 2394 8301 1248 3866 8302 1258 2395 8303 1272 2397 8304 1238 3867 8305 1220 2398 8306 1271 2400 8307 1239 3868 8308 1238 2401 8309 1270 2403 8310 1240 3869 8311 1239 2404 8312 1270 2406 8313 1269 3870 8314 1241 2407 8315 1269 2409 8316 1268 3871 8317 1242 2410 8318 1230 2412 8319 1262 3872 8320 1257 2413 8321 1262 2415 8322 1261 3873 8323 1256 2416 8324 1261 2418 8325 1260 3874 8326 1255 2419 8327 1259 2421 8328 1254 3875 8329 1255 2422 8330 1258 2424 8331 1253 3876 8332 1254 2425 8333 1232 2427 8334 1277 3877 8335 1252 2428 8336 1277 2430 8337 1276 3878 8338 1251 2431 8339 1276 2433 8340 1275 3879 8341 1250 2434 8342 1274 2436 8343 1249 3880 8344 1250 2437 8345 1273 2439 8346 1248 3881 8347 1249 2440 8348 1267 2442 8349 1247 3882 8350 1222 2443 8351 1266 2445 8352 1246 3883 8353 1247 2446 8354 1265 2448 8355 1245 3884 8356 1246 2449 8357 1265 2451 8358 1264 3885 8359 1244 2452 8360 1264 2454 8361 1263 3886 8362 1243 2455 8363 1287 2457 8364 1281 3887 8365 1301 2458 8366 1291 2460 8367 1285 3888 8368 1306 2461 8369 1316 2463 8370 1289 3889 8371 1283 2464 8372 1293 2466 8373 1279 3890 8374 1300 2467 8375 1288 2469 8376 1282 3891 8377 1292 2470 8378 1294 2472 8379 1287 3892 8380 1279 2473 8381 1291 2475 8382 1281 3893 8383 1287 2476 8384 1284 2478 8385 1288 3894 8386 1295 2479 8387 1306 2481 8388 1285 3895 8389 1289 2482 8390 1279 2484 8391 1287 3896 8392 1321 2485 8393 1280 2487 8394 1290 3897 8395 1295 2487 8396 1291 2489 8397 1294 2477 8398 1289 2490 8399 1294 2492 8400 1293 3898 8401 1283 2493 8402 1286 2495 8403 1295 3899 8404 1292 2496 8405 1311 2498 8406 1283 3900 8407 1293 2499 8408 1301 2501 8409 1281 3901 8410 1291 2502 8411 1305 2504 8412 1335 3902 8413 1290 2505 8414 1304 2507 8415 1334 3903 8416 1335 2508 8417 1304 2510 8418 1303 3904 8419 1333 2511 8420 1302 2513 8421 1332 3905 8422 1333 2514 8423 1301 2516 8424 1331 3906 8425 1332 2517 8426 1282 2519 8427 1315 3907 8428 1330 2520 8429 1315 2522 8430 1314 3908 8431 1329 2523 8432 1314 2525 8433 1313 3909 8434 1328 2526 8435 1313 2528 8436 1312 3910 8437 1327 2529 8438 1311 2531 8439 1326 3911 8440 1327 2532 8441 1296 2534 8442 1325 3912 8443 1286 2535 8444 1296 2537 8445 1297 3913 8446 1324 2538 8447 1298 2540 8448 1323 3914 8449 1324 2541 8450 1299 2543 8451 1322 3915 8452 1323 2544 8453 1300 2546 8454 1321 3916 8455 1322 2547 8456 1310 2549 8457 1320 3917 8458 1288 2550 8459 1309 2552 8460 1319 3918 8461 1320 2553 8462 1309 2555 8463 1308 3919 8464 1318 2556 8465 1308 2558 8466 1307 3920 8467 1317 2559 8468 1307 2561 8469 1306 3921 8470 1316 2562 8471 1330 2564 8472 1296 3922 8473 1278 2565 8474 1329 2567 8475 1297 3923 8476 1296 2568 8477 1328 2570 8478 1298 3924 8479 1297 2571 8480 1328 2573 8481 1327 3925 8482 1299 2574 8483 1327 2576 8484 1326 3926 8485 1300 2577 8486 1288 2579 8487 1320 3927 8488 1315 2580 8489 1320 2582 8490 1319 3928 8491 1314 2583 8492 1319 2585 8493 1318 3929 8494 1313 2586 8495 1317 2588 8496 1312 3930 8497 1313 2589 8498 1316 2591 8499 1311 3931 8500 1312 2592 8501 1290 2594 8502 1335 3932 8503 1310 2595 8504 1335 2597 8505 1334 3933 8506 1309 2598 8507 1334 2600 8508 1333 3934 8509 1308 2601 8510 1332 2603 8511 1307 3935 8512 1308 2604 8513 1331 2606 8514 1306 3936 8515 1307 2607 8516 1325 2609 8517 1305 3937 8518 1280 2610 8519 1324 2612 8520 1304 3938 8521 1305 2613 8522 1323 2615 8523 1303 3939 8524 1304 2616 8525 1323 2618 8526 1322 3940 8527 1302 2619 8528 1322 2621 8529 1321 3941 8530 1301 2622 8531 1345 2624 8532 1339 3942 8533 1359 2625 8534 1349 2627 8535 1343 3943 8536 1364 2628 8537 1374 2630 8538 1347 3944 8539 1341 2631 8540 1351 2633 8541 1337 3945 8542 1358 2634 8543 1346 2636 8544 1340 3946 8545 1350 2637 8546 1352 2639 8547 1345 3947 8548 1337 2640 8549 1349 2641 8550 1339 3948 8551 1345 2642 8552 1342 2644 8553 1346 2637 8554 1353 2645 8555 1364 2647 8556 1343 3949 8557 1347 2648 8558 1337 2650 8559 1345 3950 8560 1379 2651 8561 1338 2653 8562 1348 3951 8563 1353 2654 8564 1349 2656 8565 1352 3952 8566 1347 2657 8567 1352 2659 8568 1351 2639 8569 1341 2660 8570 1344 2662 8571 1353 2638 8572 1350 2663 8573 1369 2665 8574 1341 3953 8575 1351 2666 8576 1359 2668 8577 1339 3954 8578 1349 2669 8579 1363 2671 8580 1393 3955 8581 1348 2672 8582 1362 2674 8583 1392 3956 8584 1393 2675 8585 1362 2677 8586 1361 3957 8587 1391 2678 8588 1360 2680 8589 1390 3958 8590 1391 2681 8591 1359 2683 8592 1389 3959 8593 1390 2684 8594 1340 2686 8595 1373 3960 8596 1388 2687 8597 1373 2689 8598 1372 3961 8599 1387 2690 8600 1372 2692 8601 1371 3962 8602 1386 2693 8603 1371 2695 8604 1370 3963 8605 1385 2696 8606 1369 2698 8607 1384 3964 8608 1385 2699 8609 1354 2701 8610 1383 3965 8611 1344 2702 8612 1354 2704 8613 1355 3966 8614 1382 2705 8615 1356 2707 8616 1381 3967 8617 1382 2708 8618 1357 2710 8619 1380 3968 8620 1381 2711 8621 1358 2713 8622 1379 3969 8623 1380 2714 8624 1368 2716 8625 1378 3970 8626 1346 2717 8627 1367 2719 8628 1377 3971 8629 1378 2720 8630 1367 2722 8631 1366 3972 8632 1376 2723 8633 1366 2725 8634 1365 3973 8635 1375 2726 8636 1365 2728 8637 1364 3974 8638 1374 2729 8639 1388 2731 8640 1354 3975 8641 1336 2732 8642 1387 2734 8643 1355 3976 8644 1354 2735 8645 1386 2737 8646 1356 3977 8647 1355 2738 8648 1386 2740 8649 1385 3978 8650 1357 2741 8651 1385 2743 8652 1384 3979 8653 1358 2744 8654 1346 2746 8655 1378 3980 8656 1373 2747 8657 1378 2749 8658 1377 3981 8659 1372 2750 8660 1377 2752 8661 1376 3982 8662 1371 2753 8663 1375 2755 8664 1370 3983 8665 1371 2756 8666 1374 2758 8667 1369 3984 8668 1370 2759 8669 1348 2761 8670 1393 3985 8671 1368 2762 8672 1393 2764 8673 1392 3986 8674 1367 2765 8675 1392 2767 8676 1391 3987 8677 1366 2768 8678 1390 2770 8679 1365 3988 8680 1366 2771 8681 1389 2773 8682 1364 3989 8683 1365 2774 8684 1383 2776 8685 1363 3990 8686 1338 2777 8687 1382 2779 8688 1362 3991 8689 1363 2780 8690 1381 2782 8691 1361 3992 8692 1362 2783 8693 1381 2785 8694 1380 3993 8695 1360 2786 8696 1380 2788 8697 1379 3994 8698 1359 2789 8699 1403 2791 8700 1397 3995 8701 1417 2792 8702 1407 2794 8703 1401 3996 8704 1422 2795 8705 1432 2797 8706 1405 3997 8707 1399 2798 8708 1409 2800 8709 1395 3998 8710 1416 2801 8711 1404 2803 8712 1398 3999 8713 1408 2804 8714 1410 2806 8715 1403 4000 8716 1395 2807 8717 1407 2809 8718 1397 4001 8719 1403 2810 8720 1400 2812 8721 1404 4002 8722 1411 2813 8723 1422 2815 8724 1401 4003 8725 1405 2816 8726 1395 2818 8727 1403 4004 8728 1437 2819 8729 1396 2821 8730 1406 4005 8731 1411 2822 8732 1407 2824 8733 1410 4006 8734 1405 2825 8735 1410 2827 8736 1409 4007 8737 1399 2828 8738 1402 2830 8739 1411 4008 8740 1408 2831 8741 1427 2833 8742 1399 4009 8743 1409 2834 8744 1417 2836 8745 1397 4010 8746 1407 2837 8747 1421 2839 8748 1451 4011 8749 1406 2840 8750 1420 2842 8751 1450 4012 8752 1451 2843 8753 1420 2845 8754 1419 4013 8755 1449 2846 8756 1418 2848 8757 1448 4014 8758 1449 2849 8759 1417 2851 8760 1447 4015 8761 1448 2852 8762 1398 2854 8763 1431 4016 8764 1446 2855 8765 1431 2857 8766 1430 4017 8767 1445 2858 8768 1430 2860 8769 1429 4018 8770 1444 2861 8771 1429 2863 8772 1428 4019 8773 1443 2864 8774 1427 2866 8775 1442 4020 8776 1443 2867 8777 1412 2869 8778 1441 4021 8779 1402 2870 8780 1412 2872 8781 1413 4022 8782 1440 2873 8783 1414 2875 8784 1439 4023 8785 1440 2876 8786 1415 2878 8787 1438 4024 8788 1439 2879 8789 1416 2881 8790 1437 4025 8791 1438 2882 8792 1426 2884 8793 1436 4026 8794 1404 2885 8795 1425 2887 8796 1435 4027 8797 1436 2888 8798 1425 2890 8799 1424 4028 8800 1434 2891 8801 1424 2893 8802 1423 4029 8803 1433 2894 8804 1423 2896 8805 1422 4030 8806 1432 2897 8807 1446 2899 8808 1412 4031 8809 1394 2900 8810 1445 2902 8811 1413 4032 8812 1412 2903 8813 1444 2905 8814 1414 4033 8815 1413 2906 8816 1444 2908 8817 1443 4034 8818 1415 2909 8819 1443 2911 8820 1442 4035 8821 1416 2912 8822 1404 2914 8823 1436 4036 8824 1431 2915 8825 1436 2917 8826 1435 4037 8827 1430 2918 8828 1435 2920 8829 1434 4038 8830 1429 2921 8831 1433 2923 8832 1428 4039 8833 1429 2924 8834 1432 2926 8835 1427 4040 8836 1428 2927 8837 1406 2929 8838 1451 4041 8839 1426 2930 8840 1451 2932 8841 1450 4042 8842 1425 2933 8843 1450 2935 8844 1449 4043 8845 1424 2936 8846 1448 2938 8847 1423 4044 8848 1424 2939 8849 1447 2941 8850 1422 4045 8851 1423 2942 8852 1441 2944 8853 1421 4046 8854 1396 2945 8855 1440 2947 8856 1420 4047 8857 1421 2948 8858 1439 2950 8859 1419 4048 8860 1420 2951 8861 1439 2953 8862 1438 4049 8863 1418 2954 8864 1438 2956 8865 1437 4050 8866 1417 2957 8867 1461 2959 8868 1455 4051 8869 1475 2960 8870 1465 2962 8871 1459 4052 8872 1480 2963 8873 1490 2965 8874 1463 4053 8875 1457 2966 8876 1467 2968 8877 1453 4054 8878 1474 2969 8879 1462 2971 8880 1456 4055 8881 1466 2972 8882 1468 2974 8883 1461 2974 8884 1453 2975 8885 1465 2976 8886 1455 4056 8887 1461 2977 8888 1458 2979 8889 1462 4057 8890 1469 2980 8891 1480 2982 8892 1459 4058 8893 1463 2983 8894 1453 2985 8895 1461 4059 8896 1495 2986 8897 1454 2988 8898 1464 4060 8899 1469 2989 8900 1465 2991 8901 1468 4061 8902 1463 2992 8903 1468 2994 8904 1467 2975 8905 1457 2995 8906 1460 2997 8907 1469 4062 8908 1466 2998 8909 1485 3000 8910 1457 4063 8911 1467 3001 8912 1475 3003 8913 1455 4064 8914 1465 3004 8915 1479 3006 8916 1509 4065 8917 1464 3007 8918 1478 3009 8919 1508 4066 8920 1509 3010 8921 1478 3012 8922 1477 4067 8923 1507 3013 8924 1476 3015 8925 1506 4068 8926 1507 3016 8927 1475 3018 8928 1505 4069 8929 1506 3019 8930 1456 3021 8931 1489 4070 8932 1504 3022 8933 1489 3024 8934 1488 4071 8935 1503 3025 8936 1488 3027 8937 1487 4072 8938 1502 3028 8939 1487 3030 8940 1486 4073 8941 1501 3031 8942 1485 3033 8943 1500 4074 8944 1501 3034 8945 1470 3036 8946 1499 4075 8947 1460 3037 8948 1470 3039 8949 1471 4076 8950 1498 3040 8951 1472 3042 8952 1497 4077 8953 1498 3043 8954 1473 3045 8955 1496 4078 8956 1497 3046 8957 1474 3048 8958 1495 4079 8959 1496 3049 8960 1484 3051 8961 1494 4080 8962 1462 3052 8963 1483 3054 8964 1493 4081 8965 1494 3055 8966 1483 3057 8967 1482 4082 8968 1492 3058 8969 1482 3060 8970 1481 4083 8971 1491 3061 8972 1481 3063 8973 1480 4084 8974 1490 3064 8975 1504 3066 8976 1470 4085 8977 1452 3067 8978 1503 3069 8979 1471 4086 8980 1470 3070 8981 1502 3072 8982 1472 4087 8983 1471 3073 8984 1502 3075 8985 1501 4088 8986 1473 3076 8987 1501 3078 8988 1500 4089 8989 1474 3079 8990 1462 3081 8991 1494 4090 8992 1489 3082 8993 1494 3084 8994 1493 4091 8995 1488 3085 8996 1493 3087 8997 1492 4092 8998 1487 3088 8999 1491 3090 9000 1486 4093 9001 1487 3091 9002 1490 3093 9003 1485 4094 9004 1486 3094 9005 1464 3096 9006 1509 4095 9007 1484 3097 9008 1509 3099 9009 1508 4096 9010 1483 3100 9011 1508 3102 9012 1507 4097 9013 1482 3103 9014 1506 3105 9015 1481 4098 9016 1482 3106 9017 1505 3108 9018 1480 4099 9019 1481 3109 9020 1499 3111 9021 1479 4100 9022 1454 3112 9023 1498 3114 9024 1478 4101 9025 1479 3115 9026 1497 3117 9027 1477 4102 9028 1478 3118 9029 1497 3120 9030 1496 4103 9031 1476 3121 9032 1496 3123 9033 1495 4104 9034 1475 3124 9035 1519 3126 9036 1513 4105 9037 1533 3127 9038 1523 3129 9039 1517 4106 9040 1538 3130 9041 1548 3132 9042 1521 4107 9043 1515 3133 9044 1525 3135 9045 1511 4108 9046 1532 3136 9047 1520 3138 9048 1514 4109 9049 1524 3139 9050 1526 3141 9051 1519 4110 9052 1511 3142 9053 1523 3144 9054 1513 4111 9055 1519 3145 9056 1516 3147 9057 1520 3158 9058 1527 3148 9059 1538 3150 9060 1517 4112 9061 1521 3151 9062 1511 3153 9063 1519 4113 9064 1553 3154 9065 1512 3156 9066 1522 4114 9067 1527 3157 9068 1523 3159 9069 1526 4115 9070 1521 3160 9071 1526 3162 9072 1525 4116 9073 1515 3163 9074 1518 3165 9075 1527 4117 9076 1524 3166 9077 1543 3168 9078 1515 4118 9079 1525 3169 9080 1533 3171 9081 1513 4119 9082 1523 3172 9083 1537 3174 9084 1567 4120 9085 1522 3175 9086 1536 3177 9087 1566 4121 9088 1567 3178 9089 1536 3180 9090 1535 4122 9091 1565 3181 9092 1534 3183 9093 1564 4123 9094 1565 3184 9095 1533 3186 9096 1563 4124 9097 1564 3187 9098 1514 3189 9099 1547 4125 9100 1562 3190 9101 1547 3192 9102 1546 4126 9103 1561 3193 9104 1546 3195 9105 1545 4127 9106 1560 3196 9107 1545 3198 9108 1544 4128 9109 1559 3199 9110 1543 3201 9111 1558 4129 9112 1559 3202 9113 1528 3204 9114 1557 4130 9115 1518 3205 9116 1528 3207 9117 1529 4131 9118 1556 3208 9119 1530 3210 9120 1555 4132 9121 1556 3211 9122 1531 3213 9123 1554 4133 9124 1555 3214 9125 1532 3216 9126 1553 4134 9127 1554 3217 9128 1542 3219 9129 1552 4135 9130 1520 3220 9131 1541 3222 9132 1551 4136 9133 1552 3223 9134 1541 3225 9135 1540 4137 9136 1550 3226 9137 1540 3228 9138 1539 4138 9139 1549 3229 9140 1539 3231 9141 1538 4139 9142 1548 3232 9143 1562 3234 9144 1528 4140 9145 1510 3235 9146 1561 3237 9147 1529 4141 9148 1528 3238 9149 1560 3240 9150 1530 4142 9151 1529 3241 9152 1560 3243 9153 1559 4143 9154 1531 3244 9155 1559 3246 9156 1558 4144 9157 1532 3247 9158 1520 3249 9159 1552 4145 9160 1547 3250 9161 1552 3252 9162 1551 4146 9163 1546 3253 9164 1551 3255 9165 1550 4147 9166 1545 3256 9167 1549 3258 9168 1544 4148 9169 1545 3259 9170 1548 3261 9171 1543 4149 9172 1544 3262 9173 1522 3264 9174 1567 4150 9175 1542 3265 9176 1567 3267 9177 1566 4151 9178 1541 3268 9179 1566 3270 9180 1565 4152 9181 1540 3271 9182 1564 3273 9183 1539 4153 9184 1540 3274 9185 1563 3276 9186 1538 4154 9187 1539 3277 9188 1557 3279 9189 1537 4155 9190 1512 3280 9191 1556 3282 9192 1536 4156 9193 1537 3283 9194 1555 3285 9195 1535 4157 9196 1536 3286 9197 1555 3288 9198 1554 4158 9199 1534 3289 9200 1554 3291 9201 1553 4159 9202 1533 3292 9203</p>
        </triangles>
        <triangles material="WoodDark_021-material" count="764">
          <input semantic="VERTEX" source="#Cylinder_017-mesh-vertices" offset="0"/>
          <input semantic="NORMAL" source="#Cylinder_017-mesh-normals" offset="1"/>
          <input semantic="TEXCOORD" source="#Cylinder_017-mesh-map-0" offset="2" set="0"/>
          <p>1 0 0 65 1 1 64 2 2 3 3 3 66 4 4 65 1 5 66 4 6 7 5 7 67 6 8 7 5 9 68 7 10 67 6 11 9 8 12 69 9 13 68 7 14 11 10 15 70 11 16 69 9 17 70 11 18 15 12 19 71 13 20 71 13 21 17 14 22 72 15 23 72 15 24 19 16 25 73 17 26 73 17 27 21 18 28 74 19 29 74 19 30 23 20 31 75 21 32 75 21 33 25 22 34 76 23 35 76 23 36 27 24 37 77 25 38 77 25 39 29 26 40 78 27 41 29 26 42 79 28 43 78 27 44 79 28 45 33 29 46 80 30 47 33 29 48 81 31 49 80 30 50 35 32 51 82 33 52 81 31 53 82 33 54 39 34 55 83 35 56 83 35 57 41 36 58 84 37 59 41 36 60 85 38 61 84 37 62 85 38 63 45 39 64 86 40 65 45 39 66 87 41 67 86 40 68 47 42 69 88 43 70 87 41 71 49 44 72 89 45 73 88 43 74 51 46 75 90 47 76 89 45 77 53 48 78 91 49 79 90 47 80 55 50 81 92 51 82 91 49 83 57 52 84 93 53 85 92 51 86 59 54 87 94 55 88 93 53 89 21 18 90 105 56 91 106 57 92 61 58 93 95 59 94 94 55 95 63 60 96 64 2 97 95 59 98 0 61 99 383 62 100 62 63 101 95 59 102 0 61 103 62 63 104 94 55 105 62 63 106 60 64 107 93 53 108 60 64 109 58 65 110 92 51 111 58 65 112 56 66 113 91 49 114 56 66 115 54 67 116 90 47 117 54 67 118 52 68 119 89 45 120 52 68 121 50 69 122 88 43 123 50 69 124 48 70 125 87 41 126 48 70 127 46 71 128 86 40 129 46 71 130 44 72 131 85 38 132 44 72 133 42 73 134 84 37 135 42 73 136 40 74 137 83 35 138 40 74 139 38 75 140 82 33 141 38 75 142 36 76 143 81 31 144 36 76 145 34 77 146 80 30 147 34 77 148 32 78 149 79 28 150 32 78 151 30 79 152 78 27 153 30 79 154 28 80 155 77 25 156 28 80 157 26 81 158 76 23 159 26 81 160 24 82 161 75 21 162 24 82 163 22 83 164 74 19 165 22 83 166 20 84 167 73 17 168 20 84 169 18 85 170 72 15 171 18 85 172 16 86 173 71 13 174 16 86 175 14 87 176 70 11 177 14 87 178 12 88 179 69 9 180 12 88 181 10 89 182 68 7 183 10 89 184 8 90 185 67 6 186 8 90 187 6 91 188 66 4 189 6 91 190 4 92 191 65 1 192 4 92 193 2 93 194 64 2 195 2 93 196 0 61 197 99 94 198 132 95 199 100 96 200 37 97 201 115 98 202 39 34 203 57 52 204 123 99 205 124 100 206 13 101 207 101 102 208 102 103 209 31 104 210 110 105 211 111 106 212 49 44 213 119 107 214 120 108 215 5 109 216 96 110 217 98 111 218 21 18 219 107 112 220 23 20 221 41 36 222 115 98 223 116 113 224 57 52 225 125 114 226 59 54 227 13 101 228 103 115 229 15 12 230 31 104 231 112 116 232 33 29 233 51 46 234 120 108 235 121 117 236 5 109 237 99 94 238 7 5 239 25 22 240 107 112 241 108 118 242 43 119 243 116 113 244 117 120 245 59 54 246 126 121 247 61 58 248 15 12 249 104 122 250 17 14 251 35 32 252 112 116 253 113 123 254 53 48 255 121 117 256 122 124 257 7 5 258 100 96 259 9 8 260 25 22 261 109 125 262 27 24 263 43 119 264 118 126 265 45 39 266 63 60 267 126 121 268 127 127 269 17 14 270 105 56 271 19 16 272 35 32 273 114 128 274 37 97 275 55 50 276 122 124 277 123 99 278 9 8 279 101 102 280 11 10 281 29 26 282 109 125 283 110 105 284 47 42 285 118 126 286 119 107 287 1 0 288 96 110 289 3 3 290 1 0 291 127 127 292 97 129 293 134 130 294 293 131 295 294 132 296 126 121 297 159 133 298 127 127 299 114 128 300 145 134 301 146 135 302 100 96 303 133 136 304 101 102 305 127 127 306 129 137 307 97 129 308 115 98 309 146 135 310 147 138 311 101 102 312 134 130 313 102 103 314 116 113 315 147 138 316 148 139 317 102 103 318 135 140 319 103 115 320 116 113 321 149 141 322 117 120 323 103 115 324 136 142 325 104 122 326 118 126 327 149 141 328 150 143 329 104 122 330 137 144 331 105 56 332 119 107 333 150 143 334 151 145 335 105 56 336 138 146 337 106 57 338 119 107 339 152 147 340 120 108 341 106 57 342 139 148 343 107 112 344 120 108 345 153 149 346 121 117 347 107 112 348 140 150 349 108 118 350 121 117 351 154 151 352 122 124 353 109 125 354 140 150 355 141 152 356 122 124 357 155 153 358 123 99 359 109 125 360 142 154 361 110 105 362 97 129 363 128 155 364 96 110 365 123 99 366 156 156 367 124 100 368 111 106 369 142 154 370 143 157 371 96 110 372 130 158 373 98 111 374 124 100 375 157 159 376 125 114 377 111 106 378 144 160 379 112 116 380 98 111 381 131 161 382 99 94 383 125 114 384 158 162 385 126 121 386 112 116 387 145 134 388 113 123 389 309 291 774 340 292 775 341 293 776 148 139 777 307 294 778 308 295 779 134 130 780 295 296 781 135 140 782 149 141 783 308 295 784 309 291 785 136 142 786 295 296 787 296 297 788 149 141 789 310 298 790 150 143 791 136 142 792 297 299 793 137 144 794 151 145 795 310 298 796 311 300 797 137 144 798 298 301 799 138 146 800 152 147 801 311 300 802 312 302 803 138 146 804 299 303 805 139 148 806 153 149 807 312 302 808 313 304 809 139 148 810 300 305 811 140 150 812 154 151 813 313 304 814 314 306 815 140 150 816 301 307 817 141 152 818 155 153 819 314 306 820 315 308 821 141 152 822 302 309 823 142 154 824 129 137 825 288 310 826 128 155 827 156 156 828 315 308 829 316 311 830 142 154 831 303 312 832 143 157 833 130 158 834 288 310 835 290 313 836 156 156 837 317 314 838 157 159 839 143 157 840 304 315 841 144 160 842 131 161 843 290 313 844 291 316 845 157 159 846 318 317 847 158 162 848 145 134 849 304 315 850 305 318 851 131 161 852 292 319 853 132 95 854 159 133 855 318 317 856 319 320 857 145 134 858 306 321 859 146 135 860 132 95 861 293 131 862 133 136 863 159 133 864 289 322 865 129 137 866 146 135 867 307 294 868 147 138 869 346 323 870 338 324 871 330 325 872 295 296 873 328 326 874 296 297 875 310 298 876 341 293 877 342 327 878 296 297 879 329 328 880 297 299 881 311 300 882 342 327 883 343 329 884 298 301 885 329 328 886 330 325 887 312 302 888 343 329 889 344 330 890 299 303 891 330 325 892 331 331 893 312 302 894 345 332 895 313 304 896 300 305 897 331 331 898 332 333 899 313 304 900 346 323 901 314 306 902 301 307 903 332 333 904 333 334 905 314 306 906 347 335 907 315 308 908 302 309 909 333 334 910 334 336 911 289 322 912 320 337 913 288 310 914 315 308 915 348 338 916 316 311 917 303 312 918 334 336 919 335 339 920 288 310 921 322 340 922 290 313 923 316 311 924 349 341 925 317 314 926 304 315 927 335 339 928 336 342 929 290 313 930 323 343 931 291 316 932 317 314 933 350 344 934 318 317 935 305 318 936 336 342 937 337 345 938 291 316 939 324 346 940 292 319 941 318 317 942 351 347 943 319 320 944 306 321 945 337 345 946 338 324 947 292 319 948 325 348 949 293 131 950 319 320 951 321 349 952 289 322 953 307 294 954 338 324 955 339 350 956 293 131 957 326 351 958 294 132 959 308 295 960 339 350 961 340 292 962 294 132 963 327 352 964 295 296 965 367 353 966 375 354 967 383 62 968 18 85 969 362 355 970 361 356 971 36 76 972 371 357 973 370 358 974 56 66 975 379 359 976 54 67 977 10 89 978 358 360 979 357 361 980 30 79 981 366 362 982 28 80 983 48 70 984 375 354 985 46 71 986 4 92 987 353 363 988 2 93 989 20 84 990 363 364 991 362 355 992 38 75 993 372 365 994 371 357 995 58 65 996 380 366 997 56 66 998 12 88 999 359 367 1000 358 360 1001 30 79 1002 368 368 1003 367 353 1004 50 69 1005 376 369 1006 48 70 1007 4 92 1008 355 370 1009 354 371 1010 22 83 1011 364 372 1012 363 364 1013 42 73 1014 372 365 1015 40 74 1016 60 64 1017 381 373 1018 58 65 1019 14 87 1020 360 374 1021 359 367 1022 34 77 1023 368 368 1024 32 78 1025 52 68 1026 377 375 1027 50 69 1028 8 90 1029 355 370 1030 6 91 1031 24 82 1032 365 376 1033 364 372 1034 44 72 1035 373 377 1036 42 73 1037 62 63 1038 382 378 1039 60 64 1040 16 86 1041 361 356 1042 360 374 1043 36 76 1044 369 379 1045 34 77 1046 54 67 1047 378 380 1048 52 68 1049 8 90 1050 357 361 1051 356 381 1052 26 81 1053 366 362 1054 365 376 1055 46 71 1056 374 382 1057 44 72 1058 2 93 1059 352 383 1060 0 61 1061 425 384 1062 487 385 1063 423 386 1064 440 387 1065 506 388 1066 442 389 1067 407 390 1068 469 391 1069 405 392 1070 424 393 1071 486 394 1072 488 395 1073 389 396 1074 450 397 1075 387 398 1076 406 399 1077 468 400 1078 470 401 1079 439 402 1080 505 403 1081 503 404 1082 388 405 1083 449 406 1084 452 407 1085 423 386 1086 485 408 1087 421 409 1088 438 410 1089 504 411 1090 440 387 1091 405 392 1092 467 412 1093 403 413 1094 422 414 1095 484 415 1096 486 394 1097 404 416 1098 466 417 1099 468 400 1100 437 418 1101 503 404 1102 501 419 1103 385 420 1104 450 397 1105 451 421 1106 421 409 1107 483 422 1108 419 423 1109 436 424 1110 502 425 1111 438 410 1112 384 426 1113 449 406 1114 386 427 1115 403 413 1116 465 428 1117 401 429 1118 420 430 1119 482 431 1120 484 415 1121 402 432 1122 464 433 1123 466 417 1124 435 434 1125 501 419 1126 499 435 1127 419 423 1128 481 436 1129 417 437 1130 434 438 1131 500 439 1132 436 424 1133 399 440 1134 465 428 1135 463 441 1136 416 442 1137 482 431 1138 418 443 1139 398 444 1140 464 433 1141 400 445 1142 435 434 1143 497 446 1144 433 447 1145 417 437 1146 479 448 1147 415 449 1148 434 438 1149 496 450 1150 498 451 1151 422 414 1152 421 409 1153 420 430 1154 397 452 1155 463 441 1156 461 453 1157 416 442 1158 478 454 1159 480 455 1160 424 393 1161 423 386 1162 422 414 1163 451 421 1164 449 406 1165 448 456 1166 449 406 1167 453 457 1168 452 407 1169 453 457 1170 454 458 1171 452 407 1172 455 459 1173 456 460 1174 454 458 1175 457 461 1176 458 462 1177 456 460 1178 459 463 1179 460 464 1180 458 462 1181 461 453 1182 462 465 1183 460 464 1184 463 441 1185 464 433 1186 462 465 1187 465 428 1188 466 417 1189 464 433 1190 467 412 1191 468 400 1192 466 417 1193 469 391 1194 470 401 1195 468 400 1196 470 401 1197 473 466 1198 472 467 1199 473 466 1200 474 468 1201 472 467 1202 475 469 1203 476 470 1204 474 468 1205 477 471 1206 478 454 1207 476 470 1208 479 448 1209 480 455 1210 478 454 1211 481 436 1212 482 431 1213 480 455 1214 483 422 1215 484 415 1216 482 431 1217 484 415 1218 487 385 1219 486 394 1220 487 385 1221 488 395 1222 486 394 1223 489 472 1224 490 473 1225 488 395 1226 490 473 1227 493 474 1228 492 475 1229 493 474 1230 494 476 1231 492 475 1232 494 476 1233 497 446 1234 496 450 1235 496 450 1236 499 435 1237 498 451 1238 498 451 1239 501 419 1240 500 439 1241 500 439 1242 503 404 1243 502 425 1244 503 404 1245 504 411 1246 502 425 1247 505 403 1248 506 388 1249 504 411 1250 506 388 1251 509 477 1252 508 478 1253 509 477 1254 510 479 1255 508 478 1256 511 480 1257 448 456 1258 510 479 1259 390 481 1260 452 407 1261 454 458 1262 441 482 1263 507 483 1264 505 403 1265 408 484 1266 470 401 1267 472 467 1268 391 485 1269 453 457 1270 389 396 1271 424 393 1272 490 473 1273 426 486 1274 409 487 1275 471 488 1276 407 390 1277 442 389 1278 508 478 1279 444 489 1280 425 384 1281 491 490 1282 489 472 1283 392 491 1284 454 458 1285 456 460 1286 445 492 1287 507 483 1288 443 493 1289 410 494 1290 472 467 1291 474 468 1292 393 495 1293 455 459 1294 391 485 1295 426 486 1296 492 475 1297 428 496 1298 411 497 1299 473 466 1300 409 487 1301 446 498 1302 508 478 1303 510 479 1304 429 499 1305 491 490 1306 427 500 1307 392 491 1308 458 462 1309 394 501 1310 447 502 1311 509 477 1312 445 492 1313 412 503 1314 474 468 1315 476 470 1316 395 504 1317 457 461 1318 393 495 1319 430 505 1320 492 475 1321 494 476 1322 413 506 1323 475 469 1324 411 497 1325 446 498 1326 448 456 1327 384 426 1328 431 507 1329 493 474 1330 429 499 1331 394 501 1332 460 464 1333 396 508 1334 385 420 1335 511 480 1336 447 502 1337 412 503 1338 478 454 1339 414 509 1340 395 504 1341 461 453 1342 459 463 1343 430 505 1344 496 450 1345 432 510 1346 413 506 1347 479 448 1348 477 471 1349 431 507 1350 497 446 1351 495 511 1352 396 508 1353 462 465 1354 398 444 1355 418 443 1356 421 409 1357 419 423 1358 418 443 1359 417 437 1360 416 442 1361 416 442 1362 415 449 1363 414 509 1364 414 509 1365 413 506 1366 412 503 1367 412 503 1368 411 497 1369 410 494 1370 410 494 1371 409 487 1372 408 484 1373 408 484 1374 407 390 1375 406 399 1376 406 399 1377 405 392 1378 404 416 1379 404 416 1380 403 413 1381 402 432 1382 402 432 1383 401 429 1384 400 445 1385 400 445 1386 399 440 1387 398 444 1388 398 444 1389 397 452 1390 396 508 1391 396 508 1392 395 504 1393 394 501 1394 394 501 1395 393 495 1396 392 491 1397 392 491 1398 391 485 1399 390 481 1400 390 481 1401 389 396 1402 388 405 1403 388 405 1404 387 398 1405 386 427 1406 386 427 1407 385 420 1408 384 426 1409 384 426 1410 447 502 1411 446 498 1412 444 489 1413 447 502 1414 445 492 1415 444 489 1416 443 493 1417 442 389 1418 442 389 1419 441 482 1420 440 387 1421 438 410 1422 441 482 1423 439 402 1424 436 424 1425 439 402 1426 437 418 1427 434 438 1428 437 418 1429 435 434 1430 432 510 1431 435 434 1432 433 447 1433 430 505 1434 433 447 1435 431 507 1436 430 505 1437 429 499 1438 428 496 1439 426 486 1440 429 499 1441 427 500 1442 426 486 1443 425 384 1444 424 393 1445 1 0 4518 3 3 4519 65 1 4520 3 3 4521 5 109 4522 66 4 4523 66 4 4524 5 109 4525 7 5 4526 7 5 4527 9 8 4528 68 7 4529 9 8 4530 11 10 4531 69 9 4532 11 10 4533 13 101 4534 70 11 4535 70 11 4536 13 101 4537 15 12 4538 71 13 4539 15 12 4540 17 14 4541 72 15 4542 17 14 4543 19 16 4544 73 17 4545 19 16 4546 21 18 4547 74 19 4548 21 18 4549 23 20 4550 75 21 4551 23 20 4552 25 22 4553 76 23 4554 25 22 4555 27 24 4556 77 25 4557 27 24 4558 29 26 4559 29 26 4560 31 104 4561 79 28 4562 79 28 4563 31 104 4564 33 29 4565 33 29 4566 35 32 4567 81 31 4568 35 32 4569 37 97 4570 82 33 4571 82 33 4572 37 97 4573 39 34 4574 83 35 4575 39 34 4576 41 36 4577 41 36 4578 43 119 4579 85 38 4580 85 38 4581 43 119 4582 45 39 4583 45 39 4584 47 42 4585 87 41 4586 47 42 4587 49 44 4588 88 43 4589 49 44 4590 51 46 4591 89 45 4592 51 46 4593 53 48 4594 90 47 4595 53 48 4596 55 50 4597 91 49 4598 55 50 4599 57 52 4600 92 51 4601 57 52 4602 59 54 4603 93 53 4604 59 54 4605 61 58 4606 94 55 4607 21 18 4608 19 16 4609 105 56 4610 61 58 4611 63 60 4612 95 59 4613 63 60 4614 1 0 4615 64 2 4616 0 61 4617 352 383 4618 383 62 4619 95 59 4620 64 2 4621 0 61 4622 94 55 4623 95 59 4624 62 63 4625 93 53 4626 94 55 4627 60 64 4628 92 51 4629 93 53 4630 58 65 4631 91 49 4632 92 51 4633 56 66 4634 90 47 4635 91 49 4636 54 67 4637 89 45 4638 90 47 4639 52 68 4640 88 43 4641 89 45 4642 50 69 4643 87 41 4644 88 43 4645 48 70 4646 86 40 4647 87 41 4648 46 71 4649 85 38 4650 86 40 4651 44 72 4652 84 37 4653 85 38 4654 42 73 4655 83 35 4656 84 37 4657 40 74 4658 82 33 4659 83 35 4660 38 75 4661 81 31 4662 82 33 4663 36 76 4664 80 30 4665 81 31 4666 34 77 4667 79 28 4668 80 30 4669 32 78 4670 78 27 4671 79 28 4672 30 79 4673 77 25 4674 78 27 4675 28 80 4676 76 23 4677 77 25 4678 26 81 4679 75 21 4680 76 23 4681 24 82 4682 74 19 4683 75 21 4684 22 83 4685 73 17 4686 74 19 4687 20 84 4688 72 15 4689 73 17 4690 18 85 4691 71 13 4692 72 15 4693 16 86 4694 70 11 4695 71 13 4696 14 87 4697 69 9 4698 70 11 4699 12 88 4700 68 7 4701 69 9 4702 10 89 4703 67 6 4704 68 7 4705 8 90 4706 66 4 4707 67 6 4708 6 91 4709 65 1 4710 66 4 4711 4 92 4712 64 2 4713 65 1 4714 2 93 4715 99 94 4716 131 161 4717 132 95 4718 37 97 4719 114 128 4720 115 98 4721 57 52 4722 55 50 4723 123 99 4724 13 101 4725 11 10 4726 101 102 4727 31 104 4728 29 26 4729 110 105 4730 49 44 4731 47 42 4732 119 107 4733 5 109 4734 3 3 4735 96 110 4736 21 18 4737 106 57 4738 107 112 4739 41 36 4740 39 34 4741 115 98 4742 57 52 4743 124 100 4744 125 114 4745 13 101 4746 102 103 4747 103 115 4748 31 104 4749 111 106 4750 112 116 4751 51 46 4752 49 44 4753 120 108 4754 5 109 4755 98 111 4756 99 94 4757 25 22 4758 23 20 4759 107 112 4760 43 119 4761 41 36 4762 116 113 4763 59 54 4764 125 114 4765 126 121 4766 15 12 4767 103 115 4768 104 122 4769 35 32 4770 33 29 4771 112 116 4772 53 48 4773 51 46 4774 121 117 4775 7 5 4776 99 94 4777 100 96 4778 25 22 4779 108 118 4780 109 125 4781 43 119 4782 117 120 4783 118 126 4784 63 60 4785 61 58 4786 126 121 4787 17 14 4788 104 122 4789 105 56 4790 35 32 4791 113 123 4792 114 128 4793 55 50 4794 53 48 4795 122 124 4796 9 8 4797 100 96 4798 101 102 4799 29 26 4800 27 24 4801 109 125 4802 47 42 4803 45 39 4804 118 126 4805 1 0 4806 97 129 4807 96 110 4808 1 0 4809 63 60 4810 127 127 4811 134 130 4812 133 136 4813 293 131 4814 126 121 4815 158 162 4816 159 133 4817 114 128 4818 113 123 4819 145 134 4820 100 96 4821 132 95 4822 133 136 4823 127 127 4824 159 133 4825 129 137 4826 115 98 4827 114 128 4828 146 135 4829 101 102 4830 133 136 4831 134 130 4832 116 113 4833 115 98 4834 147 138 4835 102 103 4836 134 130 4837 135 140 4838 116 113 4839 148 139 4840 149 141 4841 103 115 4842 135 140 4843 136 142 4844 118 126 4845 117 120 4846 149 141 4847 104 122 4848 136 142 4849 137 144 4850 119 107 4851 118 126 4852 150 143 4853 105 56 4854 137 144 4855 138 146 4856 119 107 4857 151 145 4858 152 147 4859 106 57 4860 138 146 4861 139 148 4862 120 108 4863 152 147 4864 153 149 4865 107 112 4866 139 148 4867 140 150 4868 121 117 4869 153 149 4870 154 151 4871 109 125 4872 108 118 4873 140 150 4874 122 124 4875 154 151 4876 155 153 4877 109 125 4878 141 152 4879 142 154 4880 97 129 4881 129 137 4882 128 155 4883 123 99 4884 155 153 4885 156 156 4886 111 106 4887 110 105 4888 142 154 4889 96 110 4890 128 155 4891 130 158 4892 124 100 4893 156 156 4894 157 159 4895 111 106 4896 143 157 4897 144 160 4898 98 111 4899 130 158 4900 131 161 4901 125 114 4902 157 159 4903 158 162 4904 112 116 4905 144 160 4906 145 134 4907 309 291 5292 308 295 5293 340 292 5294 148 139 5295 147 138 5296 307 294 5297 134 130 5298 294 132 5299 295 296 5300 149 141 5301 148 139 5302 308 295 5303 136 142 5304 135 140 5305 295 296 5306 149 141 5307 309 291 5308 310 298 5309 136 142 5310 296 297 5311 297 299 5312 151 145 5313 150 143 5314 310 298 5315 137 144 5316 297 299 5317 298 301 5318 152 147 5319 151 145 5320 311 300 5321 138 146 5322 298 301 5323 299 303 5324 153 149 5325 152 147 5326 312 302 5327 139 148 5328 299 303 5329 300 305 5330 154 151 5331 153 149 5332 313 304 5333 140 150 5334 300 305 5335 301 307 5336 155 153 5337 154 151 5338 314 306 5339 141 152 5340 301 307 5341 302 309 5342 129 137 5343 289 322 5344 288 310 5345 156 156 5346 155 153 5347 315 308 5348 142 154 5349 302 309 5350 303 312 5351 130 158 5352 128 155 5353 288 310 5354 156 156 5355 316 311 5356 317 314 5357 143 157 5358 303 312 5359 304 315 5360 131 161 5361 130 158 5362 290 313 5363 157 159 5364 317 314 5365 318 317 5366 145 134 5367 144 160 5368 304 315 5369 131 161 5370 291 316 5371 292 319 5372 159 133 5373 158 162 5374 318 317 5375 145 134 5376 305 318 5377 306 321 5378 132 95 5379 292 319 5380 293 131 5381 159 133 5382 319 320 5383 289 322 5384 146 135 5385 306 321 5386 307 294 5387 322 340 5388 320 337 5389 321 349 5390 321 349 5391 351 347 5392 322 340 5393 351 347 5394 350 344 5395 322 340 5396 350 344 5397 349 341 5398 348 338 5399 348 338 5400 347 335 5401 346 323 5402 346 323 5403 345 332 5404 344 330 5405 344 330 5406 343 329 5407 346 323 5408 343 329 5409 342 327 5410 346 323 5411 342 327 5412 341 293 5413 338 324 5414 341 293 5415 340 292 5416 338 324 5417 340 292 5418 339 350 5419 338 324 5420 338 324 5421 337 345 5422 334 336 5423 337 345 5424 336 342 5425 334 336 5426 336 342 5427 335 339 5428 334 336 5429 334 336 5430 333 334 5431 332 333 5432 332 333 5433 331 331 5434 330 325 5435 330 325 5436 329 328 5437 328 326 5438 328 326 5439 327 352 5440 326 351 5441 326 351 5442 325 348 5443 324 346 5444 324 346 5445 323 343 5446 326 351 5447 323 343 5448 322 340 5449 326 351 5450 350 344 5451 348 338 5452 322 340 5453 348 338 5454 346 323 5455 322 340 5456 334 336 5457 332 333 5458 330 325 5459 330 325 5460 328 326 5461 326 351 5462 346 323 5463 342 327 5464 338 324 5465 338 324 5466 334 336 5467 330 325 5468 330 325 5469 326 351 5470 322 340 5471 322 340 5472 346 323 5473 330 325 5474 295 296 5475 327 352 5476 328 326 5477 310 298 5478 309 291 5479 341 293 5480 296 297 5481 328 326 5482 329 328 5483 311 300 5484 310 298 5485 342 327 5486 298 301 5487 297 299 5488 329 328 5489 312 302 5490 311 300 5491 343 329 5492 299 303 5493 298 301 5494 330 325 5495 312 302 5496 344 330 5497 345 332 5498 300 305 5499 299 303 5500 331 331 5501 313 304 5502 345 332 5503 346 323 5504 301 307 5505 300 305 5506 332 333 5507 314 306 5508 346 323 5509 347 335 5510 302 309 5511 301 307 5512 333 334 5513 289 322 5514 321 349 5515 320 337 5516 315 308 5517 347 335 5518 348 338 5519 303 312 5520 302 309 5521 334 336 5522 288 310 5523 320 337 5524 322 340 5525 316 311 5526 348 338 5527 349 341 5528 304 315 5529 303 312 5530 335 339 5531 290 313 5532 322 340 5533 323 343 5534 317 314 5535 349 341 5536 350 344 5537 305 318 5538 304 315 5539 336 342 5540 291 316 5541 323 343 5542 324 346 5543 318 317 5544 350 344 5545 351 347 5546 306 321 5547 305 318 5548 337 345 5549 292 319 5550 324 346 5551 325 348 5552 319 320 5553 351 347 5554 321 349 5555 307 294 5556 306 321 5557 338 324 5558 293 131 5559 325 348 5560 326 351 5561 308 295 5562 307 294 5563 339 350 5564 294 132 5565 326 351 5566 327 352 5567 383 62 5568 352 383 5569 353 363 5570 353 363 5571 354 371 5572 383 62 5573 354 371 5574 355 370 5575 383 62 5576 355 370 5577 356 381 5578 359 367 5579 356 381 5580 357 361 5581 359 367 5582 357 361 5583 358 360 5584 359 367 5585 359 367 5586 360 374 5587 361 356 5588 361 356 5589 362 355 5590 363 364 5591 363 364 5592 364 372 5593 367 353 5594 364 372 5595 365 376 5596 367 353 5597 365 376 5598 366 362 5599 367 353 5600 367 353 5601 368 368 5602 369 379 5603 369 379 5604 370 358 5605 371 357 5606 371 357 5607 372 365 5608 373 377 5609 373 377 5610 374 382 5611 375 354 5612 375 354 5613 376 369 5614 377 375 5615 377 375 5616 378 380 5617 375 354 5618 378 380 5619 379 359 5620 375 354 5621 379 359 5622 380 366 5623 381 373 5624 381 373 5625 382 378 5626 383 62 5627 359 367 5628 361 356 5629 363 364 5630 367 353 5631 369 379 5632 371 357 5633 371 357 5634 373 377 5635 367 353 5636 373 377 5637 375 354 5638 367 353 5639 379 359 5640 381 373 5641 383 62 5642 383 62 5643 355 370 5644 359 367 5645 359 367 5646 363 364 5647 367 353 5648 375 354 5649 379 359 5650 383 62 5651 383 62 5652 359 367 5653 367 353 5654 18 85 5655 20 84 5656 362 355 5657 36 76 5658 38 75 5659 371 357 5660 56 66 5661 380 366 5662 379 359 5663 10 89 5664 12 88 5665 358 360 5666 30 79 5667 367 353 5668 366 362 5669 48 70 5670 376 369 5671 375 354 5672 4 92 5673 354 371 5674 353 363 5675 20 84 5676 22 83 5677 363 364 5678 38 75 5679 40 74 5680 372 365 5681 58 65 5682 381 373 5683 380 366 5684 12 88 5685 14 87 5686 359 367 5687 30 79 5688 32 78 5689 368 368 5690 50 69 5691 377 375 5692 376 369 5693 4 92 5694 6 91 5695 355 370 5696 22 83 5697 24 82 5698 364 372 5699 42 73 5700 373 377 5701 372 365 5702 60 64 5703 382 378 5704 381 373 5705 14 87 5706 16 86 5707 360 374 5708 34 77 5709 369 379 5710 368 368 5711 52 68 5712 378 380 5713 377 375 5714 8 90 5715 356 381 5716 355 370 5717 24 82 5718 26 81 5719 365 376 5720 44 72 5721 374 382 5722 373 377 5723 62 63 5724 383 62 5725 382 378 5726 16 86 5727 18 85 5728 361 356 5729 36 76 5730 370 358 5731 369 379 5732 54 67 5733 379 359 5734 378 380 5735 8 90 5736 10 89 5737 357 361 5738 26 81 5739 28 80 5740 366 362 5741 46 71 5742 375 354 5743 374 382 5744 2 93 5745 353 363 5746 352 383 5747 425 384 5748 489 472 5749 487 385 5750 440 387 5751 504 411 5752 506 388 5753 407 390 5754 471 488 5755 469 391 5756 424 393 5757 422 414 5758 486 394 5759 389 396 5760 453 457 5761 450 397 5762 406 399 5763 404 416 5764 468 400 5765 439 402 5766 441 482 5767 505 403 5768 388 405 5769 386 427 5770 449 406 5771 423 386 5772 487 385 5773 485 408 5774 438 410 5775 502 425 5776 504 411 5777 405 392 5778 469 391 5779 467 412 5780 422 414 5781 420 430 5782 484 415 5783 404 416 5784 402 432 5785 466 417 5786 437 418 5787 439 402 5788 503 404 5789 385 420 5790 387 398 5791 450 397 5792 421 409 5793 485 408 5794 483 422 5795 436 424 5796 500 439 5797 502 425 5798 384 426 5799 448 456 5800 449 406 5801 403 413 5802 467 412 5803 465 428 5804 420 430 5805 418 443 5806 482 431 5807 402 432 5808 400 445 5809 464 433 5810 435 434 5811 437 418 5812 501 419 5813 419 423 5814 483 422 5815 481 436 5816 434 438 5817 498 451 5818 500 439 5819 399 440 5820 401 429 5821 465 428 5822 416 442 5823 480 455 5824 482 431 5825 398 444 5826 462 465 5827 464 433 5828 435 434 5829 499 435 5830 497 446 5831 417 437 5832 481 436 5833 479 448 5834 434 438 5835 432 510 5836 496 450 5837 422 414 5838 423 386 5839 421 409 5840 397 452 5841 399 440 5842 463 441 5843 416 442 5844 414 509 5845 478 454 5846 424 393 5847 425 384 5848 423 386 5849 451 421 5850 450 397 5851 449 406 5852 449 406 5853 450 397 5854 453 457 5855 453 457 5856 455 459 5857 454 458 5858 455 459 5859 457 461 5860 456 460 5861 457 461 5862 459 463 5863 458 462 5864 459 463 5865 461 453 5866 460 464 5867 461 453 5868 463 441 5869 462 465 5870 463 441 5871 465 428 5872 464 433 5873 465 428 5874 467 412 5875 466 417 5876 467 412 5877 469 391 5878 468 400 5879 469 391 5880 471 488 5881 470 401 5882 470 401 5883 471 488 5884 473 466 5885 473 466 5886 475 469 5887 474 468 5888 475 469 5889 477 471 5890 476 470 5891 477 471 5892 479 448 5893 478 454 5894 479 448 5895 481 436 5896 480 455 5897 481 436 5898 483 422 5899 482 431 5900 483 422 5901 485 408 5902 484 415 5903 484 415 5904 485 408 5905 487 385 5906 487 385 5907 489 472 5908 488 395 5909 489 472 5910 491 490 5911 490 473 5912 490 473 5913 491 490 5914 493 474 5915 493 474 5916 495 511 5917 494 476 5918 494 476 5919 495 511 5920 497 446 5921 496 450 5922 497 446 5923 499 435 5924 498 451 5925 499 435 5926 501 419 5927 500 439 5928 501 419 5929 503 404 5930 503 404 5931 505 403 5932 504 411 5933 505 403 5934 507 483 5935 506 388 5936 506 388 5937 507 483 5938 509 477 5939 509 477 5940 511 480 5941 510 479 5942 511 480 5943 451 421 5944 448 456 5945 390 481 5946 388 405 5947 452 407 5948 441 482 5949 443 493 5950 507 483 5951 408 484 5952 406 399 5953 470 401 5954 391 485 5955 455 459 5956 453 457 5957 424 393 5958 488 395 5959 490 473 5960 409 487 5961 473 466 5962 471 488 5963 442 389 5964 506 388 5965 508 478 5966 425 384 5967 427 500 5968 491 490 5969 392 491 5970 390 481 5971 454 458 5972 445 492 5973 509 477 5974 507 483 5975 410 494 5976 408 484 5977 472 467 5978 393 495 5979 457 461 5980 455 459 5981 426 486 5982 490 473 5983 492 475 5984 411 497 5985 475 469 5986 473 466 5987 446 498 5988 444 489 5989 508 478 5990 429 499 5991 493 474 5992 491 490 5993 392 491 5994 456 460 5995 458 462 5996 447 502 5997 511 480 5998 509 477 5999 412 503 6000 410 494 6001 474 468 6002 395 504 6003 459 463 6004 457 461 6005 430 505 6006 428 496 6007 492 475 6008 413 506 6009 477 471 6010 475 469 6011 446 498 6012 510 479 6013 448 456 6014 431 507 6015 495 511 6016 493 474 6017 394 501 6018 458 462 6019 460 464 6020 385 420 6021 451 421 6022 511 480 6023 412 503 6024 476 470 6025 478 454 6026 395 504 6027 397 452 6028 461 453 6029 430 505 6030 494 476 6031 496 450 6032 413 506 6033 415 449 6034 479 448 6035 431 507 6036 433 447 6037 497 446 6038 396 508 6039 460 464 6040 462 465 6041 418 443 6042 420 430 6043 421 409 6044 418 443 6045 419 423 6046 417 437 6047 416 442 6048 417 437 6049 415 449 6050 414 509 6051 415 449 6052 413 506 6053 412 503 6054 413 506 6055 411 497 6056 410 494 6057 411 497 6058 409 487 6059 408 484 6060 409 487 6061 407 390 6062 406 399 6063 407 390 6064 405 392 6065 404 416 6066 405 392 6067 403 413 6068 402 432 6069 403 413 6070 401 429 6071 400 445 6072 401 429 6073 399 440 6074 398 444 6075 399 440 6076 397 452 6077 396 508 6078 397 452 6079 395 504 6080 394 501 6081 395 504 6082 393 495 6083 392 491 6084 393 495 6085 391 485 6086 390 481 6087 391 485 6088 389 396 6089 388 405 6090 389 396 6091 387 398 6092 386 427 6093 387 398 6094 385 420 6095 384 426 6096 385 420 6097 447 502 6098 444 489 6099 446 498 6100 447 502 6101 444 489 6102 445 492 6103 443 493 6104 442 389 6105 443 493 6106 441 482 6107 438 410 6108 440 387 6109 441 482 6110 436 424 6111 438 410 6112 439 402 6113 434 438 6114 436 424 6115 437 418 6116 432 510 6117 434 438 6118 435 434 6119 430 505 6120 432 510 6121 433 447 6122 430 505 6123 431 507 6124 429 499 6125 426 486 6126 428 496 6127 429 499 6128 426 486 6129 427 500 6130 425 384 6131</p>
        </triangles>
        <triangles material="Metal_003-material" count="512">
          <input semantic="VERTEX" source="#Cylinder_017-mesh-vertices" offset="0"/>
          <input semantic="NORMAL" source="#Cylinder_017-mesh-normals" offset="1"/>
          <input semantic="TEXCOORD" source="#Cylinder_017-mesh-map-0" offset="2" set="0"/>
          <p>201 163 390 170 164 391 169 165 392 215 166 393 184 167 394 183 168 395 170 164 396 203 169 397 171 170 398 216 171 399 185 172 400 184 167 401 171 170 402 204 173 403 172 174 404 217 175 405 186 176 406 185 172 407 172 174 408 205 177 409 173 178 410 218 179 411 187 180 412 186 176 413 173 178 414 206 181 415 174 182 416 192 183 417 161 184 418 160 185 419 219 186 420 188 187 421 187 180 422 174 182 423 207 188 424 175 189 425 161 184 426 194 190 427 162 191 428 220 192 429 189 193 430 188 187 431 207 188 432 176 194 433 175 189 434 194 190 435 163 195 436 162 191 437 221 196 438 190 197 439 189 193 440 208 198 441 177 199 442 176 194 443 163 195 444 196 200 445 164 201 446 222 202 447 191 203 448 190 197 449 209 204 450 178 205 451 177 199 452 164 201 453 197 206 454 165 207 455 223 208 456 160 185 457 191 203 458 210 209 459 179 210 460 178 205 461 165 207 462 198 211 463 166 212 464 211 213 465 180 214 466 179 210 467 198 211 468 167 215 469 166 212 470 212 216 471 181 217 472 180 214 473 199 218 474 168 219 475 167 215 476 213 220 477 182 221 478 181 217 479 168 219 480 201 163 481 169 165 482 214 222 483 183 168 484 182 221 485 233 223 486 266 224 487 265 225 488 248 226 489 279 227 490 247 228 491 235 229 492 266 224 493 234 230 494 249 231 495 280 232 496 248 226 497 235 229 498 268 233 499 267 234 500 250 235 501 281 236 502 249 231 503 236 237 504 269 238 505 268 233 506 251 239 507 282 240 508 250 235 509 237 241 510 270 242 511 269 238 512 225 243 513 256 244 514 257 245 515 252 246 516 283 247 517 251 239 518 239 248 519 270 242 520 238 249 521 226 250 522 256 244 523 224 251 524 253 252 525 284 253 526 252 246 527 239 248 528 272 254 529 271 255 530 227 256 531 258 257 532 226 250 533 254 258 534 285 259 535 253 252 536 241 260 537 272 254 538 240 261 539 227 256 540 260 262 541 259 263 542 255 264 543 286 265 544 254 258 545 242 266 546 273 267 547 241 260 548 228 268 549 261 269 550 260 262 551 225 243 552 287 270 553 255 264 554 243 271 555 274 272 556 242 266 557 229 273 558 262 274 559 261 269 560 244 275 561 275 276 562 243 271 563 230 277 564 263 278 565 262 274 566 245 279 567 276 280 568 244 275 569 231 281 570 264 282 571 263 278 572 246 283 573 277 284 574 245 279 575 232 285 576 265 225 577 264 282 578 247 228 579 278 286 580 246 283 581 203 169 582 266 224 583 267 234 584 176 194 585 241 260 586 240 261 587 204 173 588 267 234 589 268 233 590 178 205 591 241 260 592 177 199 593 205 177 594 268 233 595 269 238 596 178 205 597 243 271 598 242 266 599 205 177 600 270 242 601 206 181 602 180 214 603 243 271 604 179 210 605 206 181 606 271 255 607 207 188 608 180 214 609 245 279 610 244 275 611 208 198 612 271 255 613 272 254 614 182 221 615 245 279 616 181 217 617 208 198 618 273 267 619 209 204 620 182 221 621 247 228 622 246 283 623 210 209 624 273 267 625 274 272 626 184 167 627 247 228 628 183 168 629 210 209 630 275 276 631 211 213 632 184 167 633 249 231 634 248 226 635 212 216 636 275 276 637 276 280 638 185 172 639 250 235 640 249 231 641 212 216 642 277 284 643 213 220 644 186 176 645 251 239 646 250 235 647 160 185 648 224 251 649 225 243 650 214 222 651 277 284 652 278 286 653 188 187 654 251 239 655 187 180 656 161 184 657 226 250 658 224 251 659 214 222 660 279 227 661 215 166 662 189 193 663 252 246 664 188 187 665 163 195 666 226 250 667 162 191 668 215 166 669 280 232 670 216 171 671 190 197 672 253 252 673 189 193 674 163 195 675 228 268 676 227 256 677 216 171 678 281 236 679 217 175 680 190 197 681 255 264 682 254 258 683 165 207 684 228 268 685 164 201 686 217 175 687 282 240 688 218 179 689 191 203 690 225 243 691 255 264 692 165 207 693 230 277 694 229 273 695 218 179 696 283 247 697 219 186 698 192 183 699 256 244 700 193 287 701 167 215 702 230 277 703 166 212 704 220 192 705 283 247 706 284 253 707 193 287 708 258 257 709 194 190 710 168 219 711 231 281 712 167 215 713 221 196 714 284 253 715 285 259 716 195 288 717 258 257 718 259 263 719 169 165 720 232 285 721 168 219 722 222 202 723 285 259 724 286 265 725 195 288 726 260 262 727 196 200 728 170 164 729 233 223 730 169 165 731 222 202 732 287 270 733 223 208 734 197 206 735 260 262 736 261 269 737 171 170 738 234 230 739 170 164 740 223 208 741 257 245 742 192 183 743 197 206 744 262 274 745 198 211 746 172 174 747 235 229 748 171 170 749 199 218 750 262 274 751 263 278 752 173 178 753 236 237 754 172 174 755 200 289 756 263 278 757 264 282 758 174 182 759 237 241 760 173 178 761 201 163 762 264 282 763 265 225 764 175 189 765 238 249 766 174 182 767 201 163 768 266 224 769 202 290 770 176 194 771 239 248 772 175 189 773 513 512 1446 515 513 1447 512 514 1448 516 515 1449 514 516 1450 513 512 1451 518 517 1452 517 518 1453 516 515 1454 520 519 1455 519 520 1456 518 517 1457 520 519 1458 523 521 1459 521 522 1460 524 523 1461 523 521 1462 522 524 1463 526 525 1464 525 526 1465 524 523 1466 528 527 1467 527 528 1468 526 525 1469 530 529 1470 529 530 1471 528 527 1472 532 531 1473 531 532 1474 530 529 1475 534 533 1476 533 534 1477 532 531 1478 536 535 1479 535 536 1480 534 533 1481 538 537 1482 537 538 1483 536 535 1484 540 539 1485 539 540 1486 538 537 1487 542 541 1488 541 542 1489 540 539 1490 544 543 1491 543 544 1492 542 541 1493 546 545 1494 545 546 1495 544 543 1496 548 547 1497 547 548 1498 546 545 1499 550 549 1500 549 550 1501 548 547 1502 552 551 1503 551 552 1504 550 549 1505 552 551 1506 555 553 1507 553 554 1508 556 555 1509 555 553 1510 554 556 1511 558 557 1512 557 558 1513 556 555 1514 560 559 1515 559 560 1516 558 557 1517 560 559 1518 563 561 1519 561 562 1520 564 563 1521 563 561 1522 562 564 1523 566 565 1524 565 566 1525 564 563 1526 568 567 1527 567 568 1528 566 565 1529 570 569 1530 569 570 1531 568 567 1532 570 569 1533 573 571 1534 571 572 1535 574 573 1536 573 571 1537 572 574 1538 512 514 1539 575 575 1540 574 573 1541 579 576 1542 577 577 1543 576 578 1544 578 579 1545 580 580 1546 577 577 1547 581 581 1548 582 582 1549 580 580 1550 583 583 1551 584 584 1552 582 582 1553 584 584 1554 587 585 1555 586 586 1556 587 585 1557 588 587 1558 586 586 1559 589 588 1560 590 589 1561 588 587 1562 591 590 1563 592 591 1564 590 589 1565 593 592 1566 594 593 1567 592 591 1568 595 594 1569 596 595 1570 594 593 1571 597 596 1572 598 597 1573 596 595 1574 599 598 1575 600 599 1576 598 597 1577 601 600 1578 602 601 1579 600 599 1580 603 602 1581 604 603 1582 602 601 1583 605 604 1584 606 605 1585 604 603 1586 607 606 1587 608 607 1588 606 605 1589 609 608 1590 610 609 1591 608 607 1592 611 610 1593 612 611 1594 610 609 1595 613 612 1596 614 613 1597 612 611 1598 615 614 1599 616 615 1600 614 613 1601 616 615 1602 619 616 1603 618 617 1604 619 616 1605 620 618 1606 618 617 1607 621 619 1608 622 620 1609 620 618 1610 623 621 1611 624 622 1612 622 620 1613 624 622 1614 627 623 1615 626 624 1616 627 623 1617 628 625 1618 626 624 1619 629 626 1620 630 627 1621 628 625 1622 631 628 1623 632 629 1624 630 627 1625 632 629 1626 635 630 1627 634 631 1628 635 630 1629 636 632 1630 634 631 1631 637 633 1632 638 634 1633 636 632 1634 639 635 1635 576 578 1636 638 634 1637 548 547 1638 610 609 1639 612 611 1640 531 532 1641 593 592 1642 529 530 1643 512 514 1644 577 577 1645 513 512 1646 564 563 1647 630 627 1648 566 565 1649 549 550 1650 611 610 1651 547 548 1652 515 513 1653 578 579 1654 579 576 1655 565 566 1656 631 628 1657 629 626 1658 530 529 1659 596 595 1660 532 531 1661 550 549 1662 612 611 1663 614 613 1664 531 532 1665 597 596 1666 595 594 1667 568 567 1668 630 627 1669 632 629 1670 551 552 1671 613 612 1672 549 550 1673 513 512 1674 580 580 1675 516 515 1676 569 570 1677 631 628 1678 567 568 1679 532 531 1680 598 597 1681 534 533 1682 514 516 1683 581 581 1684 578 579 1685 552 551 1686 614 613 1687 616 615 1688 533 534 1689 599 598 1690 597 596 1691 568 567 1692 634 631 1693 570 569 1694 553 554 1695 615 614 1696 551 552 1697 516 515 1698 582 582 1699 518 517 1700 569 570 1701 635 630 1702 633 636 1703 534 533 1704 600 599 1705 536 535 1706 517 518 1707 583 583 1708 581 581 1709 554 556 1710 616 615 1711 618 617 1712 535 536 1713 601 600 1714 599 598 1715 570 569 1716 636 632 1717 572 574 1718 555 553 1719 617 637 1720 553 554 1721 518 517 1722 584 584 1723 520 519 1724 571 572 1725 637 633 1726 635 630 1727 538 537 1728 600 599 1729 602 601 1730 519 520 1731 585 638 1732 583 583 1733 554 556 1734 620 618 1735 556 555 1736 539 540 1737 601 600 1738 537 538 1739 572 574 1740 638 634 1741 574 573 1742 555 553 1743 621 619 1744 619 616 1745 522 524 1746 584 584 1747 586 586 1748 573 571 1749 639 635 1750 637 633 1751 538 537 1752 604 603 1753 540 539 1754 523 521 1755 585 638 1756 521 522 1757 556 555 1758 622 620 1759 558 557 1760 541 542 1761 603 602 1762 539 540 1763 512 514 1764 638 634 1765 576 578 1766 557 558 1767 623 621 1768 621 619 1769 522 524 1770 588 587 1771 524 523 1772 515 513 1773 639 635 1774 575 575 1775 540 539 1776 606 605 1777 542 541 1778 523 521 1779 589 588 1780 587 585 1781 558 557 1782 624 622 1783 560 559 1784 541 542 1785 607 606 1786 605 604 1787 559 560 1788 625 639 1789 623 621 1790 524 523 1791 590 589 1792 526 525 1793 544 543 1794 606 605 1795 608 607 1796 525 526 1797 591 590 1798 589 588 1799 560 559 1800 626 624 1801 562 564 1802 545 546 1803 607 606 1804 543 544 1805 563 561 1806 625 639 1807 561 562 1808 528 527 1809 590 589 1810 592 591 1811 544 543 1812 610 609 1813 546 545 1814 529 530 1815 591 590 1816 527 528 1817 562 564 1818 628 625 1819 564 563 1820 545 546 1821 611 610 1822 609 608 1823 563 561 1824 629 626 1825 627 623 1826 530 529 1827 592 591 1828 594 593 1829 201 163 4908 202 290 4909 170 164 4910 215 166 4911 216 171 4912 184 167 4913 170 164 4914 202 290 4915 203 169 4916 216 171 4917 217 175 4918 185 172 4919 171 170 4920 203 169 4921 204 173 4922 217 175 4923 218 179 4924 186 176 4925 172 174 4926 204 173 4927 205 177 4928 218 179 4929 219 186 4930 187 180 4931 173 178 4932 205 177 4933 206 181 4934 192 183 4935 193 287 4936 161 184 4937 219 186 4938 220 192 4939 188 187 4940 174 182 4941 206 181 4942 207 188 4943 161 184 4944 193 287 4945 194 190 4946 220 192 4947 221 196 4948 189 193 4949 207 188 4950 208 198 4951 176 194 4952 194 190 4953 195 288 4954 163 195 4955 221 196 4956 222 202 4957 190 197 4958 208 198 4959 209 204 4960 177 199 4961 163 195 4962 195 288 4963 196 200 4964 222 202 4965 223 208 4966 191 203 4967 209 204 4968 210 209 4969 178 205 4970 164 201 4971 196 200 4972 197 206 4973 223 208 4974 192 183 4975 160 185 4976 210 209 4977 211 213 4978 179 210 4979 165 207 4980 197 206 4981 198 211 4982 211 213 4983 212 216 4984 180 214 4985 198 211 4986 199 218 4987 167 215 4988 212 216 4989 213 220 4990 181 217 4991 199 218 4992 200 289 4993 168 219 4994 213 220 4995 214 222 4996 182 221 4997 168 219 4998 200 289 4999 201 163 5000 214 222 5001 215 166 5002 183 168 5003 233 223 5004 234 230 5005 266 224 5006 248 226 5007 280 232 5008 279 227 5009 235 229 5010 267 234 5011 266 224 5012 249 231 5013 281 236 5014 280 232 5015 235 229 5016 236 237 5017 268 233 5018 250 235 5019 282 240 5020 281 236 5021 236 237 5022 237 241 5023 269 238 5024 251 239 5025 283 247 5026 282 240 5027 237 241 5028 238 249 5029 270 242 5030 225 243 5031 224 251 5032 256 244 5033 252 246 5034 284 253 5035 283 247 5036 239 248 5037 271 255 5038 270 242 5039 226 250 5040 258 257 5041 256 244 5042 253 252 5043 285 259 5044 284 253 5045 239 248 5046 240 261 5047 272 254 5048 227 256 5049 259 263 5050 258 257 5051 254 258 5052 286 265 5053 285 259 5054 241 260 5055 273 267 5056 272 254 5057 227 256 5058 228 268 5059 260 262 5060 255 264 5061 287 270 5062 286 265 5063 242 266 5064 274 272 5065 273 267 5066 228 268 5067 229 273 5068 261 269 5069 225 243 5070 257 245 5071 287 270 5072 243 271 5073 275 276 5074 274 272 5075 229 273 5076 230 277 5077 262 274 5078 244 275 5079 276 280 5080 275 276 5081 230 277 5082 231 281 5083 263 278 5084 245 279 5085 277 284 5086 276 280 5087 231 281 5088 232 285 5089 264 282 5090 246 283 5091 278 286 5092 277 284 5093 232 285 5094 233 223 5095 265 225 5096 247 228 5097 279 227 5098 278 286 5099 203 169 5100 202 290 5101 266 224 5102 176 194 5103 177 199 5104 241 260 5105 204 173 5106 203 169 5107 267 234 5108 178 205 5109 242 266 5110 241 260 5111 205 177 5112 204 173 5113 268 233 5114 178 205 5115 179 210 5116 243 271 5117 205 177 5118 269 238 5119 270 242 5120 180 214 5121 244 275 5122 243 271 5123 206 181 5124 270 242 5125 271 255 5126 180 214 5127 181 217 5128 245 279 5129 208 198 5130 207 188 5131 271 255 5132 182 221 5133 246 283 5134 245 279 5135 208 198 5136 272 254 5137 273 267 5138 182 221 5139 183 168 5140 247 228 5141 210 209 5142 209 204 5143 273 267 5144 184 167 5145 248 226 5146 247 228 5147 210 209 5148 274 272 5149 275 276 5150 184 167 5151 185 172 5152 249 231 5153 212 216 5154 211 213 5155 275 276 5156 185 172 5157 186 176 5158 250 235 5159 212 216 5160 276 280 5161 277 284 5162 186 176 5163 187 180 5164 251 239 5165 160 185 5166 161 184 5167 224 251 5168 214 222 5169 213 220 5170 277 284 5171 188 187 5172 252 246 5173 251 239 5174 161 184 5175 162 191 5176 226 250 5177 214 222 5178 278 286 5179 279 227 5180 189 193 5181 253 252 5182 252 246 5183 163 195 5184 227 256 5185 226 250 5186 215 166 5187 279 227 5188 280 232 5189 190 197 5190 254 258 5191 253 252 5192 163 195 5193 164 201 5194 228 268 5195 216 171 5196 280 232 5197 281 236 5198 190 197 5199 191 203 5200 255 264 5201 165 207 5202 229 273 5203 228 268 5204 217 175 5205 281 236 5206 282 240 5207 191 203 5208 160 185 5209 225 243 5210 165 207 5211 166 212 5212 230 277 5213 218 179 5214 282 240 5215 283 247 5216 192 183 5217 257 245 5218 256 244 5219 167 215 5220 231 281 5221 230 277 5222 220 192 5223 219 186 5224 283 247 5225 193 287 5226 256 244 5227 258 257 5228 168 219 5229 232 285 5230 231 281 5231 221 196 5232 220 192 5233 284 253 5234 195 288 5235 194 190 5236 258 257 5237 169 165 5238 233 223 5239 232 285 5240 222 202 5241 221 196 5242 285 259 5243 195 288 5244 259 263 5245 260 262 5246 170 164 5247 234 230 5248 233 223 5249 222 202 5250 286 265 5251 287 270 5252 197 206 5253 196 200 5254 260 262 5255 171 170 5256 235 229 5257 234 230 5258 223 208 5259 287 270 5260 257 245 5261 197 206 5262 261 269 5263 262 274 5264 172 174 5265 236 237 5266 235 229 5267 199 218 5268 198 211 5269 262 274 5270 173 178 5271 237 241 5272 236 237 5273 200 289 5274 199 218 5275 263 278 5276 174 182 5277 238 249 5278 237 241 5279 201 163 5280 200 289 5281 264 282 5282 175 189 5283 239 248 5284 238 249 5285 201 163 5286 265 225 5287 266 224 5288 176 194 5289 240 261 5290 239 248 5291 513 512 6132 514 516 6133 515 513 6134 516 515 6135 517 518 6136 514 516 6137 518 517 6138 519 520 6139 517 518 6140 520 519 6141 521 522 6142 519 520 6143 520 519 6144 522 524 6145 523 521 6146 524 523 6147 525 526 6148 523 521 6149 526 525 6150 527 528 6151 525 526 6152 528 527 6153 529 530 6154 527 528 6155 530 529 6156 531 532 6157 529 530 6158 532 531 6159 533 534 6160 531 532 6161 534 533 6162 535 536 6163 533 534 6164 536 535 6165 537 538 6166 535 536 6167 538 537 6168 539 540 6169 537 538 6170 540 539 6171 541 542 6172 539 540 6173 542 541 6174 543 544 6175 541 542 6176 544 543 6177 545 546 6178 543 544 6179 546 545 6180 547 548 6181 545 546 6182 548 547 6183 549 550 6184 547 548 6185 550 549 6186 551 552 6187 549 550 6188 552 551 6189 553 554 6190 551 552 6191 552 551 6192 554 556 6193 555 553 6194 556 555 6195 557 558 6196 555 553 6197 558 557 6198 559 560 6199 557 558 6200 560 559 6201 561 562 6202 559 560 6203 560 559 6204 562 564 6205 563 561 6206 564 563 6207 565 566 6208 563 561 6209 566 565 6210 567 568 6211 565 566 6212 568 567 6213 569 570 6214 567 568 6215 570 569 6216 571 572 6217 569 570 6218 570 569 6219 572 574 6220 573 571 6221 574 573 6222 575 575 6223 573 571 6224 512 514 6225 515 513 6226 575 575 6227 579 576 6228 578 579 6229 577 577 6230 578 579 6231 581 581 6232 580 580 6233 581 581 6234 583 583 6235 582 582 6236 583 583 6237 585 638 6238 584 584 6239 584 584 6240 585 638 6241 587 585 6242 587 585 6243 589 588 6244 588 587 6245 589 588 6246 591 590 6247 590 589 6248 591 590 6249 593 592 6250 592 591 6251 593 592 6252 595 594 6253 594 593 6254 595 594 6255 597 596 6256 596 595 6257 597 596 6258 599 598 6259 598 597 6260 599 598 6261 601 600 6262 600 599 6263 601 600 6264 603 602 6265 602 601 6266 603 602 6267 605 604 6268 604 603 6269 605 604 6270 607 606 6271 606 605 6272 607 606 6273 609 608 6274 608 607 6275 609 608 6276 611 610 6277 610 609 6278 611 610 6279 613 612 6280 612 611 6281 613 612 6282 615 614 6283 614 613 6284 615 614 6285 617 637 6286 616 615 6287 616 615 6288 617 637 6289 619 616 6290 619 616 6291 621 619 6292 620 618 6293 621 619 6294 623 621 6295 622 620 6296 623 621 6297 625 639 6298 624 622 6299 624 622 6300 625 639 6301 627 623 6302 627 623 6303 629 626 6304 628 625 6305 629 626 6306 631 628 6307 630 627 6308 631 628 6309 633 636 6310 632 629 6311 632 629 6312 633 636 6313 635 630 6314 635 630 6315 637 633 6316 636 632 6317 637 633 6318 639 635 6319 638 634 6320 639 635 6321 579 576 6322 576 578 6323 548 547 6324 546 545 6325 610 609 6326 531 532 6327 595 594 6328 593 592 6329 512 514 6330 576 578 6331 577 577 6332 564 563 6333 628 625 6334 630 627 6335 549 550 6336 613 612 6337 611 610 6338 515 513 6339 514 516 6340 578 579 6341 565 566 6342 567 568 6343 631 628 6344 530 529 6345 594 593 6346 596 595 6347 550 549 6348 548 547 6349 612 611 6350 531 532 6351 533 534 6352 597 596 6353 568 567 6354 566 565 6355 630 627 6356 551 552 6357 615 614 6358 613 612 6359 513 512 6360 577 577 6361 580 580 6362 569 570 6363 633 636 6364 631 628 6365 532 531 6366 596 595 6367 598 597 6368 514 516 6369 517 518 6370 581 581 6371 552 551 6372 550 549 6373 614 613 6374 533 534 6375 535 536 6376 599 598 6377 568 567 6378 632 629 6379 634 631 6380 553 554 6381 617 637 6382 615 614 6383 516 515 6384 580 580 6385 582 582 6386 569 570 6387 571 572 6388 635 630 6389 534 533 6390 598 597 6391 600 599 6392 517 518 6393 519 520 6394 583 583 6395 554 556 6396 552 551 6397 616 615 6398 535 536 6399 537 538 6400 601 600 6401 570 569 6402 634 631 6403 636 632 6404 555 553 6405 619 616 6406 617 637 6407 518 517 6408 582 582 6409 584 584 6410 571 572 6411 573 571 6412 637 633 6413 538 537 6414 536 535 6415 600 599 6416 519 520 6417 521 522 6418 585 638 6419 554 556 6420 618 617 6421 620 618 6422 539 540 6423 603 602 6424 601 600 6425 572 574 6426 636 632 6427 638 634 6428 555 553 6429 557 558 6430 621 619 6431 522 524 6432 520 519 6433 584 584 6434 573 571 6435 575 575 6436 639 635 6437 538 537 6438 602 601 6439 604 603 6440 523 521 6441 587 585 6442 585 638 6443 556 555 6444 620 618 6445 622 620 6446 541 542 6447 605 604 6448 603 602 6449 512 514 6450 574 573 6451 638 634 6452 557 558 6453 559 560 6454 623 621 6455 522 524 6456 586 586 6457 588 587 6458 515 513 6459 579 576 6460 639 635 6461 540 539 6462 604 603 6463 606 605 6464 523 521 6465 525 526 6466 589 588 6467 558 557 6468 622 620 6469 624 622 6470 541 542 6471 543 544 6472 607 606 6473 559 560 6474 561 562 6475 625 639 6476 524 523 6477 588 587 6478 590 589 6479 544 543 6480 542 541 6481 606 605 6482 525 526 6483 527 528 6484 591 590 6485 560 559 6486 624 622 6487 626 624 6488 545 546 6489 609 608 6490 607 606 6491 563 561 6492 627 623 6493 625 639 6494 528 527 6495 526 525 6496 590 589 6497 544 543 6498 608 607 6499 610 609 6500 529 530 6501 593 592 6502 591 590 6503 562 564 6504 626 624 6505 628 625 6506 545 546 6507 547 548 6508 611 610 6509 563 561 6510 565 566 6511 629 626 6512 530 529 6513 528 527 6514 592 591 6515</p>
        </triangles>
      </mesh>
    </geometry>
  </library_geometries>
  <library_visual_scenes>
    <visual_scene id="Scene" name="Scene">
      <node id="Cylinder_013" name="Cylinder.013" type="NODE">
        <matrix sid="transform">-0.07347174 -0.009465745 -0.01320069 0.1237054 -0.01899511 0.02248091 0.05476031 0.2637787 -0.003730516 0.07195717 -0.01884476 0.766278 0 0 0 1</matrix>
        <instance_geometry url="#Cylinder_017-mesh" name="Cylinder.013">
          <bind_material>
            <technique_common>
              <instance_material symbol="WoodBright_020-material" target="#WoodBright_020-material">
                <bind_vertex_input semantic="UVMap" input_semantic="TEXCOORD" input_set="0"/>
              </instance_material>
              <instance_material symbol="WoodDark_021-material" target="#WoodDark_021-material">
                <bind_vertex_input semantic="UVMap" input_semantic="TEXCOORD" input_set="0"/>
              </instance_material>
              <instance_material symbol="Metal_003-material" target="#Metal_003-material">
                <bind_vertex_input semantic="UVMap" input_semantic="TEXCOORD" input_set="0"/>
              </instance_material>
            </technique_common>
          </bind_material>
        </instance_geometry>
      </node>
    </visual_scene>
  </library_visual_scenes>
  <scene>
    <instance_visual_scene url="#Scene"/>
  </scene>
</COLLADA>